ID,X,Y,X^2,XY
109,17,2.46,289,41.82
132,12,2.17,144,26.04
137,13,2.11,169,27.43
159,9,1.7,81,15.299999999999999
160,12,1.78,144,21.36
162,14,2.46,196,34.44
180,13,2.17,169,28.21
195,14,2.22,196,31.080000000000002
246,10,1.54,100,15.4
276,13,2.0,169,26.0
286,7,1.8,49,12.6
291,14,1.9,196,26.599999999999998
330,14,1.88,196,26.32
353,13,2.04,169,26.52
355,16,2.27,256,36.32
387,10,1.98,100,19.8
395,14,2.47,196,34.580000000000005
399,9,1.95,81,17.55
