ref_date,emplBothSex,emplFemale,emplFullBothSex,emplFullFemale,emplFullMale,emplMale,emplPartBothSex,emplPartFemale,emplPartMale,emplRateBothSex,emplRateFemale,emplRateMale,labForceBothSex,labForceFemale,labForceMale,participRateBothSex,participRateFemale,participRateMale,populationBothSex,populationFemale,populationMale,unemplBothSex,unemplFemale,unemplMale,unemplRateBothSex,unemplRateFemale,unemplRateMale
1976-01,9636.7,3551.3,8431.0,2718.9,5712.1,6085.3,1205.6,832.4,373.2,57.2,41.7,73.0,10369.7,3865.4,6504.3,61.5,45.4,78.0,16852.4,8517.7,8334.7,733.0,314.0,419.0,7.1,8.1,6.4
1976-02,9659.8,3562.8,8467.5,2735.4,5732.0,6097.0,1192.3,827.4,364.9,57.2,41.7,73.0,10389.8,3876.6,6513.1,61.5,45.4,78.0,16892.0,8538.8,8353.3,730.0,313.8,416.2,7.0,8.1,6.4
1976-03,9704.2,3584.9,8509.4,2751.0,5758.5,6119.3,1194.8,833.9,360.8,57.3,41.9,73.1,10395.7,3880.4,6515.3,61.4,45.3,77.8,16930.7,8559.1,8371.6,691.5,295.5,396.0,6.7,7.6,6.1
1976-04,9738.2,3592.9,8540.1,2752.4,5787.6,6145.3,1198.1,840.4,357.6,57.4,41.9,73.2,10451.3,3904.0,6547.3,61.6,45.5,78.0,16969.4,8579.4,8390.0,713.1,311.1,402.0,6.8,8.0,6.1
1976-05,9726.1,3600.3,8529.6,2759.3,5770.4,6125.8,1196.4,841.0,355.4,57.2,41.9,72.9,10446.1,3918.0,6528.0,61.4,45.6,77.6,17008.1,8599.7,8408.4,720.0,317.8,402.2,6.9,8.1,6.2
1976-06,9748.3,3621.6,8519.2,2758.7,5760.5,6126.7,1229.1,862.9,366.2,57.2,42.0,72.7,10469.6,3929.4,6540.2,61.4,45.6,77.6,17046.8,8620.0,8426.8,721.3,307.8,413.5,6.9,7.8,6.3
1976-07,9759.5,3619.8,8544.4,2764.7,5779.7,6139.8,1215.1,855.1,360.1,57.1,41.9,72.7,10539.4,3957.7,6581.7,61.7,45.8,77.9,17085.5,8640.3,8445.2,779.9,338.0,441.9,7.4,8.5,6.7
1976-08,9780.5,3644.3,8561.9,2785.6,5776.4,6136.2,1218.6,858.8,359.8,57.1,42.1,72.5,10524.1,3976.3,6547.8,61.5,45.9,77.4,17124.4,8660.7,8463.7,743.6,332.0,411.6,7.1,8.3,6.3
1976-09,9795.2,3641.1,8582.6,2787.6,5795.0,6154.1,1212.6,853.6,359.1,57.1,42.0,72.6,10531.9,3979.3,6552.6,61.4,45.9,77.3,17154.4,8676.3,8478.1,736.7,338.2,398.5,7.0,8.5,6.1
1976-10,9782.5,3655.5,8537.7,2779.9,5757.8,6127.0,1244.8,875.7,369.2,56.9,42.1,72.1,10565.1,3988.2,6577.0,61.5,45.9,77.4,17183.4,8691.3,8492.1,782.6,332.6,450.0,7.4,8.3,6.8
1976-11,9829.0,3674.2,8560.8,2783.9,5776.8,6154.8,1268.2,890.3,377.9,57.1,42.2,72.4,10609.5,4013.6,6595.9,61.6,46.1,77.5,17211.4,8705.8,8505.7,780.5,339.4,441.1,7.4,8.5,6.7
1976-12,9862.6,3692.0,8606.3,2807.2,5799.1,6170.6,1256.3,884.8,371.5,57.2,42.3,72.4,10657.3,4035.4,6621.9,61.8,46.3,77.7,17238.1,8719.9,8518.2,794.8,343.4,451.4,7.5,8.5,6.8
1977-01,9869.3,3696.6,8615.1,2809.4,5805.7,6172.7,1254.2,887.1,367.0,57.1,42.3,72.3,10681.1,4049.9,6631.2,61.8,46.4,77.7,17270.6,8737.0,8533.7,811.8,353.3,458.5,7.6,8.7,6.9
1977-02,9874.2,3702.2,8611.3,2811.0,5800.3,6172.0,1262.9,891.2,371.7,57.1,42.3,72.2,10716.1,4067.2,6649.0,61.9,46.5,77.8,17302.4,8753.7,8548.8,842.0,365.0,477.0,7.9,9.0,7.2
1977-03,9865.7,3702.9,8589.5,2812.0,5777.5,6162.8,1276.2,890.9,385.3,56.9,42.2,72.0,10701.7,4061.1,6640.6,61.8,46.3,77.6,17329.1,8767.6,8561.5,836.0,358.2,477.8,7.8,8.8,7.2
1977-04,9892.6,3710.1,8620.4,2824.9,5795.6,6182.4,1272.1,885.3,386.9,57.0,42.2,72.1,10741.5,4084.7,6656.8,61.9,46.5,77.6,17358.7,8783.0,8575.7,849.0,374.6,474.4,7.9,9.2,7.1
1977-05,9912.0,3732.1,8619.7,2826.9,5792.7,6179.9,1292.3,905.1,387.2,57.0,42.4,71.9,10749.7,4092.5,6657.3,61.8,46.5,77.5,17394.1,8801.5,8592.6,837.8,360.4,477.4,7.8,8.8,7.2
1977-06,9906.9,3727.7,8611.4,2821.6,5789.8,6179.2,1295.5,906.1,389.4,56.9,42.3,71.8,10749.0,4087.1,6661.9,61.7,46.4,77.4,17421.5,8816.0,8605.5,842.0,359.4,482.6,7.8,8.8,7.2
1977-07,9911.4,3729.0,8619.6,2818.9,5800.7,6182.4,1291.8,910.1,381.7,56.8,42.2,71.7,10784.3,4102.0,6682.3,61.8,46.5,77.5,17449.4,8830.7,8618.7,872.9,372.9,499.9,8.1,9.1,7.5
1977-08,9936.6,3737.7,8628.9,2825.4,5803.5,6198.9,1307.8,912.3,395.5,56.8,42.2,71.8,10819.4,4119.6,6699.8,61.9,46.6,77.6,17485.1,8849.4,8635.7,882.8,381.9,500.9,8.2,9.3,7.5
1977-09,9937.0,3748.6,8631.4,2834.5,5796.9,6188.3,1305.6,914.1,391.5,56.7,42.3,71.5,10839.0,4135.2,6703.7,61.9,46.6,77.5,17513.7,8864.5,8649.3,902.0,386.6,515.4,8.3,9.3,7.7
1977-10,9962.1,3756.8,8639.8,2831.5,5808.3,6205.3,1322.3,925.3,397.0,56.8,42.3,71.6,10875.5,4165.9,6709.6,62.0,46.9,77.5,17540.6,8878.5,8662.1,913.4,409.1,504.3,8.4,9.8,7.5
1977-11,9976.3,3762.6,8655.7,2832.3,5823.4,6213.8,1320.6,930.3,390.3,56.8,42.3,71.6,10901.7,4165.8,6735.9,62.1,46.8,77.6,17567.5,8892.5,8675.0,925.4,403.2,522.1,8.5,9.7,7.8
1977-12,10002.3,3785.0,8668.9,2844.7,5824.2,6217.3,1333.4,940.2,393.1,56.9,42.5,71.6,10928.9,4183.9,6745.0,62.1,47.0,77.6,17592.8,8905.9,8686.9,926.6,398.9,527.7,8.5,9.5,7.8
1978-01,10013.0,3799.9,8692.2,2866.0,5826.3,6213.1,1320.8,934.0,386.8,56.8,42.6,71.4,10918.1,4194.0,6724.1,62.0,47.0,77.3,17623.5,8922.0,8701.6,905.1,394.1,511.0,8.3,9.4,7.6
1978-02,10067.5,3816.7,8747.7,2874.5,5873.3,6250.8,1319.8,942.2,377.6,57.0,42.7,71.7,10981.4,4213.9,6767.5,62.2,47.1,77.6,17653.9,8938.2,8715.7,913.8,397.2,516.6,8.3,9.4,7.6
1978-03,10100.3,3833.9,8781.5,2900.1,5881.4,6266.4,1318.8,933.8,385.0,57.1,42.8,71.8,11041.6,4243.5,6798.1,62.5,47.4,77.9,17679.3,8951.6,8727.7,941.2,409.6,531.7,8.5,9.7,7.8
1978-04,10128.7,3861.7,8782.0,2909.5,5872.5,6267.0,1346.7,952.2,394.5,57.2,43.1,71.7,11060.3,4259.1,6801.2,62.5,47.5,77.8,17706.9,8966.0,8740.9,931.6,397.5,534.2,8.4,9.3,7.9
1978-05,10146.7,3864.5,8816.4,2928.1,5888.3,6282.1,1330.2,936.4,393.8,57.2,43.0,71.7,11100.5,4287.1,6813.4,62.6,47.7,77.8,17741.6,8984.0,8757.6,953.9,422.6,531.3,8.6,9.9,7.8
1978-06,10207.6,3888.7,8852.0,2934.6,5917.4,6318.9,1355.6,954.1,401.5,57.5,43.2,72.1,11146.1,4300.7,6845.4,62.7,47.8,78.1,17767.5,8997.6,8769.9,938.5,412.0,526.5,8.4,9.6,7.7
1978-07,10255.0,3921.5,8849.7,2929.4,5920.3,6333.5,1405.3,992.2,413.2,57.6,43.5,72.1,11188.4,4337.6,6850.8,62.9,48.1,78.0,17792.0,9010.5,8781.5,933.4,416.0,517.4,8.3,9.6,7.6
1978-08,10287.5,3938.0,8900.3,2971.0,5929.3,6349.5,1387.2,967.0,420.2,57.7,43.6,72.2,11235.5,4356.1,6879.4,63.0,48.3,78.2,17824.4,9027.5,8796.9,948.0,418.1,529.9,8.4,9.6,7.7
1978-09,10305.5,3960.8,8941.4,2995.3,5946.1,6344.7,1364.1,965.5,398.6,57.7,43.8,72.0,11252.7,4382.4,6870.3,63.0,48.5,78.0,17850.7,9041.4,8809.3,947.2,421.6,525.6,8.4,9.6,7.7
1978-10,10368.8,3988.2,9017.8,3039.4,5978.4,6380.6,1351.0,948.8,402.2,58.0,44.0,72.3,11293.7,4403.3,6890.3,63.2,48.6,78.1,17876.8,9054.9,8821.8,924.8,415.1,509.7,8.2,9.4,7.4
1978-11,10387.2,4001.5,9024.7,3042.3,5982.4,6385.7,1362.4,959.2,403.3,58.0,44.1,72.3,11332.9,4423.4,6909.5,63.3,48.8,78.2,17902.4,9068.4,8834.0,945.7,422.0,523.7,8.3,9.5,7.6
1978-12,10428.3,4025.5,9050.2,3046.2,6004.0,6402.8,1378.1,979.3,398.8,58.2,44.3,72.4,11366.1,4451.7,6914.4,63.4,49.0,78.2,17927.3,9081.4,8845.8,937.8,426.2,511.6,8.3,9.6,7.4
1979-01,10483.1,4044.8,9074.6,3048.2,6026.4,6438.3,1408.5,996.6,411.9,58.4,44.5,72.7,11421.2,4465.8,6955.4,63.6,49.1,78.5,17958.4,9097.6,8860.8,938.2,421.0,517.2,8.2,9.4,7.4
1979-02,10490.0,4059.3,9100.5,3059.2,6041.4,6430.8,1389.5,1000.1,389.4,58.3,44.5,72.5,11407.3,4466.4,6940.9,63.4,49.0,78.2,17989.1,9113.9,8875.3,917.3,407.1,510.1,8.0,9.1,7.3
1979-03,10535.9,4073.8,9113.1,3056.1,6057.0,6462.1,1422.8,1017.7,405.1,58.5,44.6,72.7,11440.8,4476.7,6964.1,63.5,49.0,78.4,18014.3,9127.0,8887.3,904.9,402.9,502.1,7.9,9.0,7.2
1979-04,10560.8,4083.9,9129.5,3064.1,6065.4,6477.0,1431.4,1019.8,411.6,58.5,44.7,72.7,11474.9,4488.4,6986.5,63.6,49.1,78.5,18047.3,9144.3,8903.1,914.1,404.6,509.5,8.0,9.0,7.3
1979-05,10611.4,4092.4,9136.1,3055.3,6080.8,6518.9,1475.3,1037.1,438.2,58.7,44.7,73.1,11483.2,4481.4,7001.8,63.5,48.9,78.5,18073.7,9158.0,8915.7,871.8,389.0,482.9,7.6,8.7,6.9
1979-06,10645.4,4113.9,9190.2,3085.4,6104.8,6531.5,1455.2,1028.5,426.7,58.8,44.9,73.2,11496.1,4506.4,6989.7,63.5,49.1,78.3,18101.0,9172.3,8928.7,850.7,392.4,458.3,7.4,8.7,6.6
1979-07,10702.1,4151.4,9222.6,3109.8,6112.9,6550.7,1479.5,1041.7,437.9,59.0,45.2,73.2,11537.0,4543.8,6993.3,63.6,49.4,78.2,18133.4,9189.4,8943.9,834.9,392.4,442.5,7.2,8.6,6.3
1979-08,10742.1,4183.1,9246.3,3124.8,6121.5,6559.0,1495.8,1058.3,437.4,59.1,45.4,73.2,11563.8,4569.4,6994.4,63.7,49.6,78.1,18161.4,9204.2,8957.2,821.7,386.3,435.4,7.1,8.5,6.2
1979-09,10756.5,4179.0,9246.8,3119.5,6127.3,6577.5,1509.7,1059.6,450.1,59.1,45.3,73.3,11569.1,4558.5,7010.5,63.6,49.4,78.2,18189.4,9218.9,8970.4,812.5,379.5,433.0,7.0,8.3,6.2
1979-10,10809.0,4221.0,9296.6,3145.5,6151.1,6587.9,1512.4,1075.6,436.8,59.3,45.7,73.3,11652.2,4616.0,7036.2,63.9,50.0,78.3,18226.0,9238.1,8987.9,843.2,395.0,448.3,7.2,8.6,6.4
1979-11,10841.3,4239.3,9322.7,3160.1,6162.6,6602.0,1518.5,1079.1,439.4,59.4,45.8,73.3,11678.1,4623.9,7054.2,64.0,50.0,78.4,18255.2,9253.5,9001.7,836.8,384.7,452.2,7.2,8.3,6.4
1979-12,10859.9,4251.0,9340.8,3176.5,6164.4,6608.9,1519.1,1074.6,444.5,59.4,45.9,73.3,11708.1,4633.6,7074.5,64.0,50.0,78.5,18283.8,9268.4,9015.3,848.1,382.6,465.5,7.2,8.3,6.6
1980-01,10882.6,4272.8,9360.5,3185.3,6175.2,6609.8,1522.1,1087.5,434.6,59.4,46.0,73.2,11760.1,4667.8,7092.3,64.2,50.3,78.5,18317.9,9286.3,9031.6,877.5,395.0,482.6,7.5,8.5,6.8
1980-02,10902.9,4271.5,9375.4,3198.2,6177.1,6631.4,1527.6,1073.3,454.3,59.4,45.9,73.3,11796.9,4668.5,7128.4,64.3,50.2,78.8,18346.4,9301.4,9045.0,894.0,397.0,496.9,7.6,8.5,7.0
1980-03,10897.8,4291.4,9358.5,3199.6,6158.9,6606.4,1539.3,1091.8,447.5,59.3,46.1,72.9,11798.9,4690.5,7108.4,64.2,50.3,78.5,18373.9,9316.0,9057.9,901.0,399.1,502.0,7.6,8.5,7.1
1980-04,10938.3,4327.7,9380.1,3218.1,6161.9,6610.6,1558.3,1109.6,448.7,59.4,46.4,72.9,11846.7,4727.0,7119.7,64.4,50.6,78.5,18407.7,9333.8,9073.9,908.3,399.3,509.1,7.7,8.4,7.2
1980-05,10891.6,4310.4,9351.0,3207.3,6143.7,6581.2,1540.6,1103.1,437.5,59.1,46.1,72.4,11815.5,4718.9,7096.5,64.1,50.5,78.1,18437.0,9349.1,9087.9,923.9,408.5,515.3,7.8,8.7,7.3
1980-06,10936.8,4331.1,9379.9,3219.4,6160.5,6605.7,1556.9,1111.7,445.1,59.2,46.2,72.5,11855.1,4734.5,7120.6,64.2,50.5,78.2,18474.1,9368.6,9105.5,918.3,403.4,514.9,7.7,8.5,7.2
1980-07,10935.0,4339.5,9373.5,3217.6,6155.9,6595.5,1561.5,1122.0,439.5,59.1,46.3,72.3,11840.6,4736.2,7104.4,64.0,50.5,77.9,18501.1,9382.7,9118.3,905.6,396.6,508.9,7.6,8.4,7.2
1980-08,10970.3,4350.4,9397.7,3230.7,6167.0,6619.8,1572.5,1119.7,452.8,59.2,46.3,72.5,11878.1,4752.8,7125.4,64.1,50.6,78.0,18529.0,9397.5,9131.6,907.9,402.3,505.5,7.6,8.5,7.1
1980-09,11051.9,4392.0,9439.8,3247.8,6192.0,6659.8,1612.1,1144.2,467.9,59.5,46.6,72.8,11928.1,4778.9,7149.2,64.3,50.8,78.1,18564.0,9415.8,9148.2,876.2,386.8,489.4,7.3,8.1,6.8
1980-10,11083.1,4414.4,9476.3,3271.8,6204.5,6668.6,1606.8,1142.7,464.1,59.6,46.8,72.8,11956.2,4802.3,7153.9,64.3,50.9,78.1,18591.5,9430.3,9161.2,873.1,387.8,485.3,7.3,8.1,6.8
1980-11,11127.0,4419.1,9499.3,3258.2,6241.1,6707.9,1627.7,1160.9,466.8,59.8,46.8,73.1,11984.7,4793.8,7191.0,64.4,50.8,78.4,18617.4,9443.9,9173.5,857.7,374.6,483.1,7.2,7.8,6.7
1980-12,11140.0,4420.9,9557.8,3290.6,6267.2,6719.1,1582.2,1130.3,451.9,59.8,46.7,73.2,12014.1,4805.0,7209.1,64.4,50.8,78.5,18642.6,9457.3,9185.3,874.1,384.1,490.0,7.3,8.0,6.8
1981-01,11206.5,4451.2,9592.5,3310.1,6282.4,6755.4,1614.1,1141.1,473.0,60.0,47.0,73.4,12098.8,4844.3,7254.5,64.8,51.1,78.9,18671.8,9472.7,9199.1,892.3,393.1,499.1,7.4,8.1,6.9
1981-02,11283.3,4508.2,9625.9,3337.0,6288.9,6775.1,1657.4,1171.3,486.2,60.3,47.5,73.5,12183.1,4904.4,7278.7,65.1,51.7,79.0,18700.6,9488.1,9212.6,899.8,396.2,503.6,7.4,8.1,6.9
1981-03,11278.7,4500.9,9604.9,3315.5,6289.4,6777.8,1673.8,1185.4,488.4,60.2,47.4,73.5,12181.2,4896.4,7284.7,65.1,51.5,79.0,18725.0,9501.1,9223.9,902.4,395.5,506.9,7.4,8.1,7.0
1981-04,11315.8,4518.3,9661.6,3351.3,6310.3,6797.5,1654.2,1167.0,487.1,60.4,47.5,73.6,12184.1,4903.8,7280.3,65.0,51.5,78.8,18749.9,9514.3,9235.6,868.3,385.5,482.8,7.1,7.9,6.6
1981-05,11345.8,4567.8,9646.5,3373.5,6273.0,6778.0,1699.3,1194.2,505.1,60.4,47.9,73.3,12223.0,4952.9,7270.1,65.1,52.0,78.6,18775.2,9527.6,9247.6,877.2,385.1,492.1,7.2,7.8,6.8
1981-06,11375.6,4605.7,9685.1,3405.9,6279.1,6769.9,1690.6,1199.8,490.8,60.5,48.3,73.1,12263.6,4998.0,7265.5,65.2,52.4,78.4,18806.1,9544.1,9262.0,887.9,392.4,495.6,7.2,7.9,6.8
1981-07,11336.4,4582.2,9708.2,3409.0,6299.2,6754.2,1628.2,1173.2,455.0,60.2,48.0,72.8,12215.8,4970.8,7245.0,64.9,52.0,78.1,18829.0,9555.9,9273.0,879.4,388.6,490.8,7.2,7.8,6.8
1981-08,11353.8,4591.7,9690.9,3407.1,6283.9,6762.1,1662.8,1184.6,478.2,60.2,48.0,72.8,12215.0,4979.5,7235.5,64.8,52.0,77.9,18852.5,9568.1,9284.4,861.2,387.8,473.5,7.1,7.8,6.5
1981-09,11328.7,4600.7,9618.1,3392.0,6226.1,6728.0,1710.5,1208.7,501.8,60.0,48.0,72.4,12332.6,5045.7,7286.9,65.3,52.7,78.4,18880.8,9582.7,9298.1,1003.9,445.0,558.9,8.1,8.8,7.7
1981-10,11300.1,4591.1,9595.1,3384.2,6210.9,6709.0,1705.0,1206.9,498.1,59.8,47.8,72.1,12320.5,5042.7,7277.9,65.2,52.6,78.2,18904.4,9595.0,9309.5,1020.4,451.6,568.8,8.3,9.0,7.8
1981-11,11291.5,4587.3,9583.8,3375.8,6208.0,6704.3,1707.7,1211.5,496.3,59.7,47.8,71.9,12311.0,5047.0,7264.0,65.0,52.5,77.9,18927.1,9606.7,9320.4,1019.5,459.8,559.7,8.3,9.1,7.7
1981-12,11236.0,4570.2,9513.0,3347.1,6165.9,6665.8,1723.0,1223.2,499.8,59.3,47.5,71.4,12307.7,5023.5,7284.2,64.9,52.2,78.1,18949.7,9618.3,9331.4,1071.7,453.2,618.4,8.7,9.0,8.5
1982-01,11205.6,4576.5,9490.0,3357.8,6132.1,6629.1,1715.6,1218.6,496.9,59.1,47.5,70.9,12265.3,5015.2,7250.1,64.6,52.1,77.6,18976.3,9632.0,9344.2,1059.7,438.7,621.0,8.6,8.7,8.6
1982-02,11166.9,4561.9,9459.5,3339.7,6119.8,6605.0,1707.4,1222.2,485.2,58.8,47.3,70.6,12259.7,5018.0,7241.7,64.5,52.0,77.4,19001.7,9645.4,9356.3,1092.8,456.1,636.7,8.9,9.1,8.8
1982-03,11140.5,4555.8,9435.5,3331.7,6103.8,6584.7,1705.0,1224.1,480.9,58.6,47.2,70.3,12280.2,5030.5,7249.7,64.6,52.1,77.4,19023.7,9656.9,9366.8,1139.7,474.7,664.9,9.3,9.4,9.2
1982-04,11076.3,4541.7,9358.1,3318.6,6039.5,6534.6,1718.2,1223.1,495.1,58.2,47.0,69.7,12281.1,5039.4,7241.7,64.5,52.1,77.2,19045.6,9668.3,9377.4,1204.8,497.7,707.1,9.8,9.9,9.8
1982-05,11021.9,4519.9,9325.8,3312.9,6012.9,6502.0,1696.1,1207.0,489.0,57.8,46.7,69.3,12293.3,5039.2,7254.1,64.5,52.1,77.3,19068.3,9679.8,9388.4,1271.4,519.3,752.1,10.3,10.3,10.4
1982-06,10940.6,4506.2,9200.1,3272.4,5927.6,6434.4,1740.5,1233.8,506.7,57.3,46.5,68.4,12304.8,5045.6,7259.2,64.4,52.0,77.2,19096.2,9694.3,9401.9,1364.3,539.4,824.8,11.1,10.7,11.4
1982-07,10893.6,4491.2,9125.2,3258.7,5866.5,6402.4,1768.4,1232.5,535.9,57.0,46.3,68.0,12358.8,5070.2,7288.7,64.7,52.2,77.5,19115.7,9706.5,9409.2,1465.2,579.0,886.2,11.9,11.4,12.2
1982-08,10836.3,4489.7,9032.0,3226.4,5805.7,6346.6,1804.2,1263.3,540.9,56.6,46.2,67.4,12314.3,5061.5,7252.9,64.3,52.1,77.0,19142.0,9720.1,9421.8,1478.1,571.8,906.3,12.0,11.3,12.5
1982-09,10806.7,4479.2,9062.8,3252.9,5809.9,6327.5,1743.9,1226.3,517.7,56.4,46.0,67.1,12333.7,5052.7,7281.0,64.4,51.9,77.2,19162.5,9730.8,9431.7,1527.0,573.5,953.5,12.4,11.4,13.1
1982-10,10787.2,4482.2,9023.3,3242.8,5780.5,6305.0,1764.0,1239.4,524.5,56.2,46.0,66.8,12389.3,5090.0,7299.3,64.6,52.3,77.3,19183.2,9741.5,9441.7,1602.1,607.8,994.3,12.9,11.9,13.6
1982-11,10764.1,4484.3,8997.0,3256.7,5740.3,6279.9,1767.2,1227.6,539.6,56.1,46.0,66.4,12364.6,5108.7,7255.9,64.4,52.4,76.8,19203.3,9752.0,9451.3,1600.4,624.5,976.0,12.9,12.2,13.5
1982-12,10774.1,4493.4,8992.8,3248.4,5744.4,6280.7,1781.3,1245.0,536.3,56.0,46.0,66.4,12398.5,5135.0,7263.5,64.5,52.6,76.8,19222.6,9762.2,9460.4,1624.4,641.6,982.8,13.1,12.5,13.5
1983-01,10801.1,4506.0,8993.4,3251.7,5741.7,6295.1,1807.7,1254.3,553.4,56.1,46.1,66.5,12374.0,5138.7,7235.3,64.3,52.6,76.4,19244.2,9773.7,9470.5,1572.9,632.7,940.2,12.7,12.3,13.0
1983-02,10818.2,4512.6,9009.9,3257.8,5752.1,6305.6,1808.4,1254.8,553.6,56.2,46.1,66.5,12391.8,5144.9,7246.9,64.3,52.6,76.4,19266.5,9785.5,9481.0,1573.6,632.3,941.2,12.7,12.3,13.0
1983-03,10874.9,4536.4,9059.0,3282.2,5776.8,6338.5,1815.9,1254.2,561.7,56.4,46.3,66.8,12429.6,5167.1,7262.4,64.5,52.8,76.5,19285.1,9795.4,9489.8,1554.7,630.8,923.9,12.5,12.2,12.7
1983-04,10932.6,4569.5,9096.7,3293.7,5803.1,6363.0,1835.9,1275.9,560.0,56.6,46.6,67.0,12486.3,5192.8,7293.4,64.7,53.0,76.8,19304.2,9805.3,9498.9,1553.7,623.3,930.4,12.4,12.0,12.8
1983-05,10952.5,4576.4,9120.6,3292.2,5828.4,6376.1,1831.9,1284.2,547.7,56.7,46.6,67.0,12509.0,5190.3,7318.7,64.7,52.9,77.0,19328.1,9817.8,9510.4,1556.5,613.8,942.6,12.4,11.8,12.9
1983-06,11021.4,4614.1,9178.5,3319.1,5859.4,6407.3,1842.9,1295.1,547.9,57.0,47.0,67.3,12578.7,5220.8,7357.9,65.0,53.1,77.3,19346.5,9827.4,9519.1,1557.3,606.6,950.6,12.4,11.6,12.9
1983-07,11073.4,4628.6,9191.3,3313.8,5877.5,6444.7,1882.0,1314.8,567.2,57.2,47.1,67.6,12566.2,5216.7,7349.5,64.9,53.0,77.1,19363.3,9836.5,9526.8,1492.9,588.1,904.8,11.9,11.3,12.3
1983-08,11126.6,4655.4,9235.5,3335.6,5899.9,6471.3,1891.1,1319.8,571.3,57.4,47.3,67.8,12599.5,5237.8,7361.6,65.0,53.2,77.2,19386.4,9848.5,9538.0,1472.8,582.5,890.4,11.7,11.1,12.1
1983-09,11174.2,4665.7,9308.3,3366.4,5941.9,6508.6,1865.9,1299.2,566.7,57.6,47.3,68.2,12606.3,5243.6,7362.7,65.0,53.2,77.1,19405.3,9858.3,9547.0,1432.0,577.9,854.1,11.4,11.0,11.6
1983-10,11163.3,4673.8,9280.7,3367.7,5913.0,6489.5,1882.6,1306.2,576.5,57.5,47.4,67.9,12582.5,5254.8,7327.7,64.8,53.3,76.7,19424.2,9867.9,9556.3,1419.2,581.0,838.2,11.3,11.1,11.4
1983-11,11162.0,4676.9,9278.4,3364.7,5913.7,6485.1,1883.6,1312.2,571.4,57.4,47.3,67.8,12577.9,5245.3,7332.5,64.7,53.1,76.7,19443.7,9878.0,9565.7,1415.9,568.4,847.5,11.3,10.8,11.6
1983-12,11187.4,4692.8,9289.7,3377.4,5912.3,6494.7,1897.8,1315.4,582.4,57.5,47.5,67.8,12616.5,5278.1,7338.4,64.8,53.4,76.6,19462.2,9887.5,9574.7,1429.1,585.3,843.8,11.3,11.1,11.5
1984-01,11168.6,4680.9,9297.8,3389.4,5908.4,6487.7,1870.8,1291.5,579.3,57.3,47.3,67.7,12591.9,5267.8,7324.1,64.6,53.2,76.4,19483.7,9898.7,9585.0,1423.3,586.9,836.3,11.3,11.1,11.4
1984-02,11203.9,4699.2,9325.8,3398.7,5927.1,6504.7,1878.1,1300.4,577.7,57.4,47.4,67.8,12629.3,5295.3,7333.9,64.7,53.4,76.4,19506.2,9910.4,9595.8,1425.4,596.2,829.2,11.3,11.3,11.3
1984-03,11205.9,4705.3,9341.0,3417.5,5923.5,6500.6,1864.9,1287.8,577.1,57.4,47.4,67.7,12630.6,5294.4,7336.2,64.7,53.4,76.4,19524.2,9919.7,9604.5,1424.7,589.1,835.6,11.3,11.1,11.4
1984-04,11198.5,4700.5,9331.1,3412.2,5918.9,6498.0,1867.4,1288.3,579.1,57.3,47.3,67.6,12654.5,5299.6,7354.9,64.7,53.4,76.5,19546.8,9931.6,9615.3,1456.0,599.1,856.8,11.5,11.3,11.6
1984-05,11245.5,4727.2,9375.1,3433.4,5941.7,6518.4,1870.5,1293.8,576.7,57.5,47.5,67.7,12739.5,5342.8,7396.7,65.1,53.7,76.9,19566.7,9941.9,9624.8,1494.0,615.7,878.3,11.7,11.5,11.9
1984-06,11314.5,4743.0,9418.3,3448.1,5970.2,6571.6,1896.2,1294.9,601.4,57.8,47.7,68.2,12757.4,5338.4,7418.9,65.1,53.6,77.0,19586.5,9952.4,9634.2,1442.9,595.5,847.4,11.3,11.2,11.4
1984-07,11356.6,4760.7,9438.4,3440.1,5998.3,6595.9,1918.3,1320.6,597.6,57.9,47.8,68.4,12783.7,5361.2,7422.5,65.2,53.8,77.0,19609.7,9965.2,9644.6,1427.1,600.5,826.6,11.2,11.2,11.1
1984-08,11349.3,4770.7,9418.8,3434.2,5984.6,6578.5,1930.5,1336.6,593.9,57.8,47.8,68.1,12790.4,5368.5,7421.8,65.2,53.8,76.9,19628.8,9975.2,9653.6,1441.1,597.8,843.3,11.3,11.1,11.4
1984-09,11373.8,4786.7,9467.5,3465.5,6002.0,6587.1,1906.3,1321.2,585.1,57.9,47.9,68.2,12901.7,5430.0,7471.6,65.7,54.4,77.3,19648.2,9985.5,9662.7,1527.9,643.3,884.5,11.8,11.8,11.8
1984-10,11387.7,4786.3,9472.4,3457.3,6015.1,6601.4,1915.3,1329.0,586.3,57.9,47.9,68.2,12843.3,5408.2,7435.1,65.3,54.1,76.9,19672.4,9998.1,9674.3,1455.6,621.9,833.7,11.3,11.5,11.2
1984-11,11391.1,4815.4,9492.7,3484.1,6008.6,6575.7,1898.4,1331.3,567.1,57.8,48.1,67.9,12853.4,5442.7,7410.7,65.3,54.4,76.5,19691.5,10008.0,9683.4,1462.3,627.3,835.1,11.4,11.5,11.3
1984-12,11430.3,4827.3,9534.1,3501.5,6032.7,6603.0,1896.1,1325.8,570.3,58.0,48.2,68.1,12856.2,5439.7,7416.5,65.2,54.3,76.5,19709.6,10017.5,9692.0,1425.9,612.4,813.5,11.1,11.3,11.0
1985-01,11481.7,4857.8,9555.1,3501.9,6053.2,6623.9,1926.6,1355.9,570.7,58.2,48.4,68.3,12846.4,5417.8,7428.7,65.1,54.0,76.6,19730.9,10028.6,9702.2,1364.7,559.9,804.8,10.6,10.3,10.8
1985-02,11506.3,4876.9,9562.2,3521.7,6040.4,6629.4,1944.2,1355.2,588.9,58.3,48.6,68.3,12892.3,5466.4,7425.9,65.3,54.5,76.5,19748.6,10037.9,9710.7,1386.0,589.4,796.5,10.8,10.8,10.7
1985-03,11531.4,4887.3,9576.7,3516.6,6060.1,6644.1,1954.7,1370.7,584.0,58.3,48.6,68.4,12952.9,5481.3,7471.5,65.5,54.6,76.9,19766.5,10047.5,9719.0,1421.4,594.1,827.4,11.0,10.8,11.1
1985-04,11571.5,4902.8,9597.0,3510.4,6086.6,6668.7,1974.5,1392.4,582.1,58.5,48.7,68.5,12975.9,5512.0,7463.9,65.6,54.8,76.7,19789.4,10059.4,9730.0,1404.4,609.2,795.2,10.8,11.1,10.7
1985-05,11613.7,4917.0,9646.0,3545.8,6100.2,6696.7,1967.7,1371.2,596.5,58.6,48.8,68.8,12985.5,5506.5,7478.9,65.6,54.7,76.8,19809.0,10069.7,9739.2,1371.8,589.5,782.2,10.6,10.7,10.5
1985-06,11627.0,4932.9,9648.2,3535.8,6112.4,6694.1,1978.8,1397.1,581.6,58.6,48.9,68.7,13018.3,5522.4,7495.9,65.7,54.8,76.9,19828.7,10080.0,9748.7,1391.3,589.5,801.8,10.7,10.7,10.7
1985-07,11681.1,4953.8,9679.7,3545.6,6134.1,6727.3,2001.4,1408.2,593.2,58.8,49.1,68.9,13039.5,5540.9,7498.6,65.7,54.9,76.8,19852.4,10092.1,9760.3,1358.4,587.1,771.3,10.4,10.6,10.3
1985-08,11712.1,4979.9,9695.5,3574.1,6121.4,6732.2,2016.6,1405.8,610.8,58.9,49.3,68.9,13060.2,5559.4,7500.9,65.7,55.0,76.8,19872.8,10102.8,9770.0,1348.1,579.5,768.7,10.3,10.4,10.2
1985-09,11723.3,5002.1,9716.6,3578.1,6138.5,6721.2,2006.7,1424.0,582.8,58.9,49.4,68.7,13055.1,5585.6,7469.5,65.6,55.2,76.4,19898.7,10116.2,9782.5,1331.7,583.5,748.2,10.2,10.4,10.0
1985-10,11754.0,5028.6,9759.8,3610.4,6149.5,6725.5,1994.2,1418.2,576.0,59.0,49.7,68.7,13109.4,5603.9,7505.5,65.8,55.3,76.6,19919.1,10126.7,9792.4,1355.4,575.3,780.1,10.3,10.3,10.4
1985-11,11819.0,5042.5,9810.0,3620.8,6189.2,6776.5,2009.0,1421.7,587.3,59.3,49.7,69.1,13169.2,5637.7,7531.5,66.0,55.6,76.8,19939.6,10137.3,9802.3,1350.2,595.2,755.0,10.3,10.6,10.0
1985-12,11860.5,5065.6,9866.8,3658.2,6208.6,6794.9,1993.8,1407.4,586.4,59.4,49.9,69.3,13186.6,5640.4,7546.2,66.1,55.6,76.9,19958.2,10147.0,9811.2,1326.1,574.8,751.3,10.1,10.2,10.0
1986-01,11903.5,5081.1,9911.1,3665.6,6245.5,6822.4,1992.4,1415.6,576.8,59.6,50.0,69.5,13203.7,5650.2,7553.4,66.1,55.6,76.9,19981.2,10159.1,9822.1,1300.2,569.1,731.1,9.8,10.1,9.7
1986-02,11917.9,5093.4,9918.6,3669.4,6249.2,6824.5,1999.3,1424.0,575.3,59.6,50.1,69.4,13221.7,5663.7,7558.0,66.1,55.7,76.9,19999.0,10168.6,9830.5,1303.8,570.3,733.5,9.9,10.1,9.7
1986-03,11926.3,5091.1,9929.9,3679.7,6250.2,6835.2,1996.4,1411.4,585.0,59.6,50.0,69.5,13224.9,5659.0,7565.9,66.1,55.6,76.9,20017.2,10178.2,9839.0,1298.6,567.9,730.7,9.8,10.0,9.7
1986-04,12008.1,5123.0,9957.4,3694.7,6262.7,6885.1,2050.8,1428.3,622.4,59.9,50.3,69.9,13292.3,5691.4,7600.9,66.3,55.8,77.2,20041.3,10190.8,9850.5,1284.2,568.4,715.8,9.7,10.0,9.4
1986-05,11977.2,5114.8,9954.4,3700.5,6253.9,6862.4,2022.8,1414.3,608.5,59.7,50.1,69.6,13236.7,5661.8,7574.9,66.0,55.5,76.8,20062.1,10201.8,9860.3,1259.5,547.0,712.5,9.5,9.7,9.4
1986-06,12016.9,5154.9,9976.2,3724.4,6251.8,6862.0,2040.7,1430.5,610.2,59.8,50.5,69.5,13289.8,5704.1,7585.6,66.2,55.8,76.8,20087.6,10215.2,9872.3,1272.9,549.2,723.7,9.6,9.6,9.5
1986-07,12017.1,5155.0,10001.9,3757.8,6244.1,6862.1,2015.2,1397.2,618.0,59.8,50.4,69.4,13288.4,5705.6,7582.8,66.1,55.8,76.7,20105.9,10224.8,9881.2,1271.3,550.6,720.7,9.6,9.7,9.5
1986-08,12024.7,5159.4,10000.5,3754.8,6245.7,6865.3,2024.2,1404.6,619.5,59.8,50.4,69.4,13302.2,5708.3,7593.9,66.1,55.8,76.8,20124.5,10234.8,9889.7,1277.5,548.9,728.7,9.6,9.6,9.6
1986-09,12035.2,5156.1,9982.9,3739.8,6243.2,6879.0,2052.2,1416.4,635.9,59.7,50.3,69.5,13300.5,5697.1,7603.4,66.0,55.6,76.8,20147.1,10246.9,9900.2,1265.3,541.0,724.3,9.5,9.5,9.5
1986-10,12059.6,5163.7,10006.5,3741.1,6265.4,6895.9,2053.1,1422.6,630.4,59.8,50.3,69.6,13313.1,5716.7,7596.4,66.0,55.7,76.7,20165.8,10257.0,9908.8,1253.5,553.0,700.5,9.4,9.7,9.2
1986-11,12082.0,5167.3,10033.8,3745.7,6288.1,6914.7,2048.2,1421.6,626.6,59.9,50.3,69.7,13332.8,5720.0,7612.8,66.1,55.7,76.8,20183.9,10266.7,9917.1,1250.8,552.7,698.1,9.4,9.7,9.2
1986-12,12079.7,5164.4,10018.2,3728.6,6289.6,6915.3,2061.5,1435.8,625.7,59.8,50.3,69.7,13346.6,5719.9,7626.6,66.1,55.7,76.8,20202.6,10276.7,9925.9,1266.9,555.5,711.3,9.5,9.7,9.3
1987-01,12102.0,5189.1,10059.0,3759.2,6299.8,6912.8,2043.0,1430.0,613.0,59.8,50.4,69.6,13376.2,5753.2,7623.0,66.1,55.9,76.7,20225.3,10289.0,9936.3,1274.3,564.1,710.2,9.5,9.8,9.3
1987-02,12131.4,5204.2,10091.6,3768.3,6323.3,6927.2,2039.8,1435.9,603.9,59.9,50.5,69.6,13406.7,5770.3,7636.4,66.2,56.0,76.8,20248.6,10301.6,9947.0,1275.3,566.1,709.2,9.5,9.8,9.3
1987-03,12182.0,5227.2,10169.2,3797.7,6371.5,6954.9,2012.8,1429.4,583.4,60.1,50.7,69.9,13441.3,5792.8,7648.5,66.3,56.2,76.8,20268.9,10312.5,9956.4,1259.3,565.7,693.6,9.4,9.8,9.1
1987-04,12229.5,5249.5,10186.9,3805.4,6381.5,6979.9,2042.6,1444.1,598.5,60.3,50.8,70.0,13466.6,5808.7,7657.9,66.4,56.3,76.8,20289.9,10323.6,9966.3,1237.1,559.2,678.0,9.2,9.6,8.9
1987-05,12285.7,5275.4,10219.9,3811.6,6408.3,7010.3,2065.8,1463.8,602.0,60.5,51.0,70.3,13486.8,5816.8,7670.0,66.4,56.3,76.9,20311.5,10335.1,9976.4,1201.1,541.4,659.7,8.9,9.3,8.6
1987-06,12319.4,5299.2,10261.3,3851.3,6410.0,7020.2,2058.1,1447.8,610.2,60.6,51.2,70.3,13523.2,5847.8,7675.4,66.5,56.5,76.8,20339.2,10349.7,9989.5,1203.8,548.6,655.2,8.9,9.4,8.5
1987-07,12345.5,5320.8,10293.6,3860.7,6432.9,7024.8,2051.9,1460.1,591.9,60.6,51.4,70.3,13524.7,5857.8,7666.9,66.4,56.5,76.7,20360.6,10361.0,9999.6,1179.2,537.0,642.2,8.7,9.2,8.4
1987-08,12376.2,5338.4,10326.5,3881.7,6444.8,7037.8,2049.7,1456.7,593.0,60.7,51.5,70.3,13543.2,5865.1,7678.0,66.4,56.5,76.7,20381.6,10372.0,10009.6,1167.0,526.8,640.3,8.6,9.0,8.3
1987-09,12421.9,5356.1,10378.3,3918.4,6459.9,7065.9,2043.6,1437.6,606.0,60.9,51.6,70.5,13568.0,5876.8,7691.2,66.5,56.6,76.7,20408.3,10385.7,10022.5,1146.1,520.7,625.4,8.4,8.9,8.1
1987-10,12487.4,5387.5,10426.9,3963.6,6463.3,7099.9,2060.5,1423.9,636.6,61.1,51.8,70.8,13617.0,5903.7,7713.3,66.7,56.8,76.9,20428.5,10396.2,10032.2,1129.7,516.2,613.4,8.3,8.7,8.0
1987-11,12519.4,5402.8,10429.2,3951.5,6477.8,7116.5,2090.2,1451.4,638.8,61.2,51.9,70.9,13632.6,5918.8,7713.8,66.7,56.9,76.8,20448.3,10406.5,10041.9,1113.2,516.0,597.2,8.2,8.7,7.7
1987-12,12583.3,5435.8,10478.6,3959.7,6518.9,7147.6,2104.7,1476.1,628.7,61.5,52.2,71.1,13680.4,5936.6,7743.8,66.8,57.0,77.0,20467.1,10416.2,10050.8,1097.1,500.8,596.3,8.0,8.4,7.7
1988-01,12601.9,5441.0,10494.5,3949.9,6544.5,7161.0,2107.5,1491.0,616.4,61.5,52.2,71.2,13708.4,5948.7,7759.7,66.9,57.0,77.1,20489.4,10428.1,10061.3,1106.5,507.8,598.7,8.1,8.5,7.7
1988-02,12642.6,5470.4,10530.0,3987.7,6542.4,7172.3,2112.6,1482.7,629.9,61.6,52.4,71.2,13711.0,5961.5,7749.5,66.8,57.1,76.9,20510.8,10439.3,10071.5,1068.4,491.1,577.2,7.8,8.2,7.4
1988-03,12662.6,5481.0,10520.4,3975.7,6544.6,7181.7,2142.3,1505.2,637.0,61.7,52.5,71.2,13730.4,5971.7,7758.7,66.9,57.1,77.0,20530.0,10449.4,10080.6,1067.8,490.7,577.1,7.8,8.2,7.4
1988-04,12676.0,5505.3,10532.7,3981.2,6551.5,7170.8,2143.4,1524.1,619.3,61.7,52.6,71.1,13732.3,5986.9,7745.3,66.8,57.2,76.8,20550.6,10460.3,10090.4,1056.2,481.7,574.5,7.7,8.0,7.4
1988-05,12679.7,5515.7,10572.5,4031.2,6541.3,7164.1,2107.2,1484.4,622.8,61.6,52.7,70.9,13747.1,6002.1,7745.0,66.8,57.3,76.7,20577.9,10474.4,10103.6,1067.4,486.5,580.9,7.8,8.1,7.5
1988-06,12698.1,5535.1,10577.4,4029.7,6547.7,7163.1,2120.7,1505.3,615.4,61.6,52.8,70.8,13742.0,6018.4,7723.6,66.7,57.4,76.4,20600.0,10485.8,10114.2,1043.9,483.4,560.5,7.6,8.0,7.3
1988-07,12711.8,5537.2,10615.1,4035.7,6579.3,7174.6,2096.8,1501.5,595.3,61.6,52.7,70.9,13781.5,6040.5,7741.0,66.8,57.5,76.5,20622.0,10497.4,10124.6,1069.6,503.3,566.4,7.8,8.3,7.3
1988-08,12720.0,5540.1,10584.0,4021.0,6563.0,7179.9,2136.1,1519.1,616.9,61.6,52.7,70.8,13797.7,6056.9,7740.7,66.8,57.6,76.4,20650.4,10512.4,10138.0,1077.6,516.8,560.9,7.8,8.5,7.2
1988-09,12732.8,5562.7,10544.3,4028.1,6516.2,7170.2,2188.5,1534.5,654.0,61.6,52.9,70.7,13816.8,6065.9,7750.9,66.8,57.6,76.4,20672.5,10524.2,10148.3,1084.0,503.2,580.7,7.8,8.3,7.5
1988-10,12765.0,5594.7,10592.4,4050.4,6542.0,7170.3,2172.6,1544.4,628.3,61.7,53.1,70.6,13842.9,6082.4,7760.5,66.9,57.7,76.4,20693.6,10535.5,10158.1,1077.9,487.6,590.3,7.8,8.0,7.6
1988-11,12795.8,5597.7,10608.7,4045.4,6563.3,7198.1,2187.1,1552.3,634.9,61.8,53.1,70.8,13872.6,6098.6,7774.1,67.0,57.8,76.5,20714.3,10546.7,10167.7,1076.8,500.9,576.0,7.8,8.2,7.4
1988-12,12849.4,5626.8,10684.3,4095.9,6588.5,7222.6,2165.1,1530.9,634.1,62.0,53.3,71.0,13884.5,6092.4,7792.1,67.0,57.7,76.6,20734.5,10557.4,10177.2,1035.1,465.6,569.4,7.5,7.6,7.3
1989-01,12922.0,5660.9,10742.1,4126.9,6615.2,7261.1,2179.9,1534.0,645.9,62.2,53.5,71.3,13971.6,6140.6,7831.1,67.3,58.1,76.8,20763.1,10572.6,10190.5,1049.6,479.6,570.0,7.5,7.8,7.3
1989-02,12936.8,5659.0,10754.1,4120.5,6633.5,7277.9,2182.8,1538.4,644.3,62.2,53.5,71.4,13997.7,6140.7,7857.0,67.4,58.0,77.0,20783.3,10583.3,10200.0,1060.8,481.7,579.2,7.6,7.8,7.4
1989-03,12982.4,5682.6,10796.8,4154.1,6642.7,7299.8,2185.6,1528.5,657.1,62.4,53.6,71.5,14041.5,6157.5,7883.9,67.5,58.1,77.2,20805.4,10595.0,10210.4,1059.1,474.9,584.2,7.5,7.7,7.4
1989-04,12959.9,5674.7,10803.8,4156.1,6647.7,7285.2,2156.1,1518.5,637.5,62.2,53.5,71.3,14049.7,6170.3,7879.3,67.5,58.2,77.1,20828.2,10607.1,10221.2,1089.8,495.7,594.1,7.8,8.0,7.5
1989-05,12962.2,5678.1,10836.7,4168.8,6667.9,7284.1,2125.5,1509.3,616.3,62.1,53.4,71.2,14039.6,6173.1,7866.5,67.3,58.1,76.9,20858.6,10623.2,10235.4,1077.4,495.0,582.4,7.7,8.0,7.4
1989-06,12979.4,5689.1,10837.9,4168.8,6669.1,7290.4,2141.5,1520.2,621.3,62.2,53.5,71.1,14030.7,6161.0,7869.7,67.2,57.9,76.8,20883.0,10635.9,10247.1,1051.3,472.0,579.3,7.5,7.7,7.4
1989-07,12979.8,5694.9,10896.0,4212.9,6683.1,7284.9,2083.8,1482.0,601.8,62.1,53.5,71.0,14025.9,6170.1,7855.8,67.1,57.9,76.6,20907.8,10648.6,10259.3,1046.1,475.2,570.8,7.5,7.7,7.3
1989-08,13029.1,5719.0,10932.4,4223.0,6709.4,7310.1,2096.7,1496.0,600.7,62.2,53.6,71.1,14058.8,6195.1,7863.7,67.1,58.1,76.5,20938.9,10664.1,10274.7,1029.7,476.1,553.6,7.3,7.7,7.0
1989-09,13029.5,5719.4,10854.4,4190.2,6664.3,7310.1,2175.1,1529.2,645.9,62.2,53.6,71.1,14062.1,6191.9,7870.2,67.1,58.0,76.5,20963.6,10676.6,10287.0,1032.6,472.5,560.0,7.3,7.6,7.1
1989-10,13034.5,5731.8,10869.5,4208.4,6661.1,7302.7,2165.0,1523.4,641.6,62.1,53.6,70.9,14048.5,6192.3,7856.3,66.9,57.9,76.3,20993.6,10691.9,10301.8,1014.0,460.5,553.5,7.2,7.4,7.0
1989-11,13059.7,5748.7,10859.8,4206.2,6653.6,7311.0,2199.9,1542.5,657.4,62.1,53.7,70.9,14114.9,6223.8,7891.2,67.2,58.1,76.5,21017.0,10703.6,10313.4,1055.2,475.1,580.1,7.5,7.6,7.4
1989-12,13066.8,5764.7,10866.5,4229.3,6637.2,7302.1,2200.3,1535.4,664.9,62.1,53.8,70.7,14150.0,6251.0,7899.1,67.3,58.3,76.5,21039.1,10714.6,10324.6,1083.2,486.3,597.0,7.7,7.8,7.6
1990-01,13101.4,5783.3,10907.2,4245.0,6662.2,7318.1,2194.2,1538.3,655.9,62.2,53.9,70.8,14220.5,6274.1,7946.4,67.5,58.5,76.9,21064.5,10727.5,10337.0,1119.1,490.8,628.3,7.9,7.8,7.9
1990-02,13134.9,5796.7,10930.7,4258.7,6672.0,7338.2,2204.2,1538.0,666.2,62.3,54.0,70.9,14228.5,6290.6,7937.9,67.5,58.6,76.7,21085.8,10738.1,10347.7,1093.6,493.9,599.7,7.7,7.9,7.6
1990-03,13126.1,5792.3,10903.5,4252.8,6650.7,7333.8,2222.6,1539.5,683.1,62.2,53.9,70.8,14159.9,6251.4,7908.5,67.1,58.2,76.3,21109.5,10749.9,10359.6,1033.8,459.1,574.7,7.3,7.3,7.3
1990-04,13141.3,5808.5,10930.1,4273.9,6656.2,7332.8,2211.1,1534.6,676.6,62.2,53.9,70.7,14218.1,6289.8,7928.3,67.2,58.4,76.4,21142.7,10766.5,10376.2,1076.8,481.3,595.5,7.6,7.7,7.5
1990-05,13101.9,5803.7,10919.4,4289.9,6629.5,7298.2,2182.5,1513.8,668.7,61.9,53.8,70.2,14207.1,6299.0,7908.1,67.1,58.4,76.1,21170.0,10780.0,10390.0,1105.2,495.3,609.9,7.8,7.9,7.7
1990-06,13134.4,5838.3,10935.8,4302.1,6633.7,7296.1,2198.6,1536.3,662.4,62.0,54.1,70.1,14215.2,6322.6,7892.6,67.1,58.6,75.9,21197.5,10793.9,10403.6,1080.8,484.2,596.5,7.6,7.7,7.6
1990-07,13113.6,5831.3,10948.4,4312.8,6635.6,7282.3,2165.1,1518.5,646.7,61.8,53.9,69.9,14242.1,6329.0,7913.1,67.1,58.5,75.9,21233.1,10812.5,10420.6,1128.5,497.8,630.7,7.9,7.9,8.0
1990-08,13100.3,5830.4,10922.2,4293.2,6629.0,7269.9,2178.1,1537.2,640.9,61.6,53.8,69.7,14262.0,6338.7,7923.3,67.1,58.5,75.9,21261.0,10827.7,10433.2,1161.8,508.3,653.4,8.1,8.0,8.2
1990-09,13089.5,5820.3,10842.4,4237.3,6605.2,7269.2,2247.0,1583.0,664.0,61.5,53.7,69.6,14307.6,6353.4,7954.2,67.2,58.6,76.2,21286.8,10842.1,10444.7,1218.1,533.0,685.1,8.5,8.4,8.6
1990-10,13039.3,5803.7,10789.4,4225.7,6563.7,7235.7,2250.0,1578.0,672.0,61.2,53.4,69.2,14299.4,6359.2,7940.2,67.1,58.6,75.9,21317.2,10858.6,10458.5,1260.1,555.6,704.6,8.8,8.7,8.9
1990-11,12985.3,5794.2,10727.2,4205.0,6522.2,7191.1,2258.1,1589.2,668.9,60.8,53.3,68.7,14291.6,6362.0,7929.7,67.0,58.5,75.7,21342.5,10872.3,10470.1,1306.3,567.8,738.5,9.1,8.9,9.3
1990-12,12934.7,5776.9,10655.9,4192.0,6463.9,7157.9,2278.8,1584.9,694.0,60.5,53.1,68.3,14289.8,6355.3,7934.5,66.9,58.4,75.7,21366.2,10885.5,10480.7,1355.0,578.4,776.6,9.5,9.1,9.8
1991-01,12894.2,5772.2,10596.0,4163.2,6432.8,7122.0,2298.2,1609.0,689.2,60.3,52.9,67.9,14291.8,6368.7,7923.1,66.8,58.4,75.5,21394.7,10901.3,10493.4,1397.6,596.5,801.1,9.8,9.4,10.1
1991-02,12845.1,5760.0,10551.3,4159.6,6391.7,7085.1,2293.9,1600.4,693.4,60.0,52.8,67.4,14297.0,6368.9,7928.1,66.8,58.4,75.5,21418.6,10914.3,10504.3,1451.8,608.9,842.9,10.2,9.6,10.6
1991-03,12809.2,5768.2,10517.2,4164.3,6352.9,7041.0,2292.1,1603.9,688.1,59.7,52.8,67.0,14308.8,6398.6,7910.2,66.7,58.6,75.2,21443.8,10928.1,10515.7,1499.5,630.4,869.2,10.5,9.9,11.0
1991-04,12850.7,5781.0,10506.1,4153.0,6353.1,7069.7,2344.6,1628.0,716.6,59.8,52.8,67.1,14326.1,6399.0,7927.1,66.7,58.5,75.3,21475.8,10945.8,10530.0,1475.4,618.0,857.4,10.3,9.7,10.8
1991-05,12879.9,5804.0,10575.5,4201.1,6374.4,7075.9,2304.4,1602.8,701.6,59.9,53.0,67.1,14347.1,6415.8,7931.2,66.7,58.5,75.2,21502.0,10960.0,10542.1,1467.2,611.9,855.3,10.2,9.5,10.8
1991-06,12886.3,5811.6,10557.5,4189.7,6367.8,7074.7,2328.8,1621.9,706.9,59.9,53.0,67.0,14396.7,6446.8,7950.0,66.9,58.7,75.3,21528.2,10974.3,10553.9,1510.4,635.1,875.3,10.5,9.9,11.0
1991-07,12872.3,5800.5,10508.3,4161.0,6347.4,7071.8,2364.0,1639.5,724.4,59.7,52.8,66.9,14383.0,6437.3,7945.7,66.7,58.6,75.2,21553.8,10986.4,10567.5,1510.7,636.8,873.9,10.5,9.9,11.0
1991-08,12876.2,5810.9,10508.8,4175.4,6333.3,7065.3,2367.5,1635.5,732.0,59.7,52.9,66.8,14388.0,6438.4,7949.6,66.7,58.6,75.2,21571.3,10994.1,10577.2,1511.7,627.4,884.3,10.5,9.7,11.1
1991-09,12855.4,5796.9,10521.6,4194.3,6327.3,7058.5,2333.7,1602.6,731.2,59.5,52.7,66.6,14333.3,6411.4,7921.9,66.4,58.3,74.8,21595.6,11004.5,10591.0,1477.9,614.6,863.4,10.3,9.6,10.9
1991-10,12861.0,5797.6,10523.0,4189.8,6333.1,7063.5,2338.1,1607.7,730.3,59.5,52.6,66.6,14340.6,6420.0,7920.6,66.3,58.3,74.7,21614.4,11012.6,10601.8,1479.6,622.4,857.1,10.3,9.7,10.8
1991-11,12823.2,5779.3,10491.4,4174.5,6316.8,7043.9,2331.9,1604.8,727.1,59.3,52.4,66.4,14304.1,6404.8,7899.3,66.1,58.1,74.4,21638.0,11023.1,10615.0,1480.9,625.5,855.4,10.4,9.8,10.8
1991-12,12810.2,5781.7,10498.1,4175.1,6323.0,7028.5,2312.2,1606.7,705.5,59.1,52.4,66.1,14286.1,6398.3,7887.8,65.9,58.0,74.2,21663.5,11034.5,10629.0,1475.9,616.5,859.3,10.3,9.6,10.9
1992-01,12790.2,5788.1,10441.5,4179.1,6262.5,7002.1,2348.7,1609.1,739.6,59.0,52.4,65.8,14280.1,6407.4,7872.7,65.8,58.0,74.0,21689.1,11045.9,10643.1,1489.8,619.2,870.6,10.4,9.7,11.1
1992-02,12771.3,5795.2,10422.6,4172.1,6250.5,6976.2,2348.7,1623.0,725.7,58.8,52.4,65.5,14268.0,6414.6,7853.4,65.7,58.0,73.7,21706.9,11053.7,10653.2,1496.7,619.4,877.2,10.5,9.7,11.2
1992-03,12744.9,5769.4,10385.7,4143.2,6242.5,6975.6,2359.2,1626.1,733.1,58.6,52.1,65.4,14299.2,6409.4,7889.8,65.8,57.9,73.9,21735.9,11066.6,10669.3,1554.3,640.0,914.2,10.9,10.0,11.6
1992-04,12730.9,5769.6,10378.9,4149.3,6229.6,6961.3,2352.0,1620.3,731.7,58.5,52.1,65.2,14260.9,6397.1,7863.8,65.5,57.8,73.6,21759.0,11076.8,10682.1,1530.0,627.5,902.4,10.7,9.8,11.5
1992-05,12736.6,5763.2,10387.8,4135.5,6252.3,6973.4,2348.8,1627.7,721.1,58.5,52.0,65.2,14301.4,6394.0,7907.4,65.7,57.7,73.9,21782.8,11087.4,10695.5,1564.8,630.8,934.0,10.9,9.9,11.8
1992-06,12717.3,5761.0,10398.7,4175.2,6223.5,6956.3,2318.6,1585.8,732.8,58.3,51.9,64.9,14350.5,6410.2,7940.3,65.8,57.7,74.1,21811.7,11100.5,10711.3,1633.2,649.2,984.0,11.4,10.1,12.4
1992-07,12732.5,5762.4,10363.4,4129.8,6233.5,6970.1,2369.1,1632.5,736.6,58.3,51.9,65.0,14354.1,6422.4,7931.7,65.7,57.8,74.0,21835.0,11113.2,10721.8,1621.6,660.0,961.6,11.3,10.3,12.1
1992-08,12693.7,5758.8,10295.8,4107.8,6188.0,6935.0,2398.0,1651.0,747.0,58.1,51.8,64.6,14371.5,6426.9,7944.6,65.8,57.8,74.0,21857.6,11125.8,10731.8,1677.8,668.2,1009.6,11.7,10.4,12.7
1992-09,12700.1,5751.3,10331.8,4123.9,6207.9,6948.8,2368.3,1627.4,740.8,58.0,51.6,64.7,14368.2,6422.9,7945.3,65.7,57.6,74.0,21885.1,11141.2,10743.9,1668.1,671.6,996.5,11.6,10.5,12.5
1992-10,12713.0,5766.0,10340.5,4122.6,6217.9,6947.0,2372.5,1643.4,729.1,58.0,51.7,64.6,14347.2,6418.1,7929.1,65.5,57.5,73.7,21906.4,11153.0,10753.4,1634.2,652.1,982.1,11.4,10.2,12.4
1992-11,12704.8,5765.1,10348.1,4131.8,6216.3,6939.7,2356.6,1633.3,723.4,57.9,51.6,64.5,14453.6,6488.4,7965.2,65.9,58.1,74.0,21926.2,11164.4,10761.8,1748.9,723.3,1025.6,12.1,11.1,12.9
1992-12,12721.9,5768.2,10341.9,4113.3,6228.5,6953.7,2380.1,1654.9,725.2,58.0,51.6,64.6,14404.7,6475.9,7928.8,65.6,57.9,73.6,21946.2,11175.9,10770.3,1682.7,707.6,975.1,11.7,10.9,12.3
1993-01,12755.0,5774.9,10369.2,4131.5,6237.7,6980.1,2385.8,1643.4,742.5,58.1,51.6,64.7,14359.1,6445.0,7914.2,65.4,57.6,73.4,21969.3,11189.2,10780.1,1604.1,670.1,934.0,11.2,10.4,11.8
1993-02,12763.2,5770.7,10352.6,4112.4,6240.1,6992.5,2410.6,1658.3,752.4,58.0,51.5,64.8,14333.2,6433.4,7899.8,65.2,57.4,73.2,21991.1,11201.9,10789.2,1570.0,662.7,907.3,11.0,10.3,11.5
1993-03,12780.7,5788.6,10370.7,4139.4,6231.3,6992.1,2410.0,1649.2,760.8,58.1,51.6,64.8,14390.3,6468.2,7922.1,65.4,57.7,73.4,22012.4,11214.2,10798.2,1609.6,679.6,930.0,11.2,10.5,11.7
1993-04,12748.8,5761.9,10328.9,4115.6,6213.3,6986.9,2419.9,1646.3,773.7,57.9,51.3,64.7,14417.0,6482.5,7934.5,65.4,57.7,73.4,22032.8,11225.9,10806.9,1668.2,720.7,947.6,11.6,11.1,11.9
1993-05,12755.9,5768.9,10283.8,4085.7,6198.0,6987.0,2472.2,1683.2,789.0,57.8,51.3,64.6,14431.6,6487.6,7944.0,65.4,57.7,73.4,22053.5,11237.7,10815.8,1675.7,718.7,957.0,11.6,11.1,12.0
1993-06,12780.0,5795.1,10277.3,4097.4,6179.9,6984.8,2502.7,1697.7,805.0,57.9,51.5,64.5,14469.7,6498.3,7971.4,65.5,57.7,73.6,22082.6,11254.2,10828.4,1689.7,703.1,986.5,11.7,10.8,12.4
1993-07,12789.6,5788.6,10290.3,4094.9,6195.4,7000.9,2499.3,1693.8,805.5,57.9,51.4,64.6,14470.8,6496.7,7974.1,65.5,57.7,73.6,22104.9,11266.0,10838.9,1681.2,708.1,973.1,11.6,10.9,12.2
1993-08,12808.1,5802.9,10336.5,4120.6,6215.9,7005.2,2471.7,1682.3,789.4,57.9,51.4,64.6,14430.9,6485.4,7945.6,65.2,57.5,73.2,22132.2,11280.6,10851.5,1622.8,682.5,940.3,11.2,10.5,11.8
1993-09,12840.5,5838.1,10363.4,4147.7,6215.7,7002.4,2477.1,1690.4,786.7,58.0,51.7,64.5,14505.0,6521.5,7983.5,65.5,57.8,73.5,22154.2,11292.1,10862.1,1664.5,683.5,981.1,11.5,10.5,12.3
1993-10,12825.3,5826.9,10369.2,4139.9,6229.4,6998.4,2456.1,1687.1,769.1,57.8,51.6,64.4,14453.5,6515.8,7937.8,65.2,57.6,73.0,22174.9,11303.0,10871.9,1628.2,688.9,939.3,11.3,10.6,11.8
1993-11,12873.9,5855.8,10379.6,4154.9,6224.7,7018.1,2494.3,1700.9,793.4,58.0,51.8,64.5,14505.3,6543.3,7962.0,65.4,57.8,73.2,22193.6,11313.0,10880.6,1631.4,687.5,943.9,11.2,10.5,11.9
1993-12,12848.4,5835.0,10358.1,4137.1,6221.0,7013.5,2490.4,1697.9,792.5,57.8,51.5,64.4,14496.1,6541.4,7954.8,65.3,57.8,73.0,22212.9,11323.2,10889.7,1647.7,706.4,941.3,11.4,10.8,11.8
1994-01,12856.4,5844.9,10373.2,4140.9,6232.3,7011.4,2483.2,1704.0,779.1,57.8,51.6,64.3,14513.2,6541.5,7971.6,65.3,57.7,73.1,22233.7,11334.2,10899.5,1656.8,696.6,960.2,11.4,10.6,12.0
1994-02,12889.5,5847.0,10397.7,4149.4,6248.3,7042.5,2491.8,1697.6,794.2,57.9,51.5,64.6,14492.1,6514.1,7978.0,65.1,57.4,73.1,22256.4,11346.3,10910.1,1602.6,667.1,935.5,11.1,10.2,11.7
1994-03,12928.6,5867.4,10422.0,4142.1,6279.9,7061.2,2506.6,1725.4,781.3,58.0,51.7,64.7,14458.4,6514.0,7944.4,64.9,57.4,72.7,22279.1,11358.2,10920.8,1529.8,646.6,883.2,10.6,9.9,11.1
1994-04,12940.7,5857.0,10454.9,4154.0,6300.9,7083.7,2485.8,1703.0,782.8,58.0,51.5,64.8,14527.7,6533.2,7994.5,65.1,57.5,73.1,22302.6,11370.5,10932.1,1587.0,676.3,910.8,10.9,10.4,11.4
1994-05,13012.4,5885.9,10548.8,4186.3,6362.5,7126.5,2463.6,1699.6,764.1,58.3,51.7,65.1,14565.8,6556.4,8009.5,65.2,57.6,73.2,22332.6,11386.3,10946.3,1553.4,670.5,882.9,10.7,10.2,11.0
1994-06,13041.5,5905.8,10570.2,4192.6,6377.7,7135.7,2471.3,1713.3,758.0,58.3,51.8,65.1,14543.5,6548.2,7995.3,65.1,57.4,73.0,22356.2,11398.7,10957.4,1501.9,642.4,859.6,10.3,9.8,10.8
1994-07,13098.5,5926.8,10617.5,4207.8,6409.7,7171.7,2481.0,1719.0,762.0,58.5,51.9,65.4,14564.7,6549.6,8015.2,65.1,57.4,73.1,22380.7,11411.4,10969.3,1466.3,622.8,843.5,10.1,9.5,10.5
1994-08,13115.2,5934.1,10628.4,4209.3,6419.2,7181.1,2486.8,1724.9,761.9,58.5,51.9,65.4,14601.3,6570.2,8031.1,65.2,57.5,73.1,22411.1,11426.9,10984.2,1486.0,636.1,850.0,10.2,9.7,10.6
1994-09,13176.9,5975.3,10689.8,4244.6,6445.2,7201.6,2487.1,1730.7,756.4,58.7,52.2,65.5,14664.8,6601.8,8063.0,65.4,57.7,73.3,22433.5,11438.3,10995.2,1487.9,626.5,861.4,10.1,9.5,10.7
1994-10,13168.8,5965.8,10692.2,4265.0,6427.2,7203.0,2476.7,1700.8,775.8,58.6,52.1,65.4,14626.2,6600.4,8025.8,65.1,57.7,72.9,22455.2,11448.9,11006.3,1457.4,634.6,822.8,10.0,9.6,10.3
1994-11,13259.2,6004.9,10803.2,4335.4,6467.8,7254.3,2456.0,1669.5,786.6,59.0,52.4,65.8,14676.6,6601.2,8075.4,65.3,57.6,73.3,22476.2,11459.2,11017.0,1417.5,596.3,821.1,9.7,9.0,10.2
1994-12,13245.8,6025.6,10814.7,4350.0,6464.8,7220.2,2431.1,1675.6,755.5,58.9,52.5,65.5,14653.2,6624.6,8028.6,65.1,57.8,72.8,22495.7,11469.1,11026.6,1407.4,599.0,808.4,9.6,9.0,10.1
1995-01,13269.5,6018.2,10802.6,4319.5,6483.1,7251.3,2466.8,1698.7,768.1,58.9,52.4,65.7,14672.0,6633.3,8038.7,65.1,57.8,72.8,22524.7,11483.4,11041.3,1402.6,615.1,787.5,9.6,9.3,9.8
1995-02,13262.3,6013.7,10813.3,4332.9,6480.4,7248.6,2449.0,1680.8,768.2,58.8,52.3,65.6,14662.7,6633.2,8029.5,65.0,57.7,72.7,22545.8,11494.1,11051.8,1400.4,619.5,780.9,9.6,9.3,9.7
1995-03,13290.5,6028.2,10839.6,4346.1,6493.5,7262.3,2451.0,1682.1,768.9,58.9,52.4,65.6,14719.6,6654.9,8064.7,65.2,57.8,72.9,22568.6,11505.5,11063.1,1429.1,626.7,802.4,9.7,9.4,9.9
1995-04,13268.9,6014.8,10793.8,4298.9,6494.9,7254.1,2475.1,1715.9,759.2,58.7,52.2,65.5,14656.5,6613.5,8043.1,64.9,57.4,72.6,22592.9,11517.8,11075.2,1387.7,598.7,789.0,9.5,9.1,9.8
1995-05,13265.8,6026.7,10755.8,4294.8,6461.0,7239.2,2510.0,1731.9,778.2,58.6,52.3,65.3,14660.6,6621.5,8039.1,64.8,57.4,72.5,22623.5,11533.1,11090.4,1394.7,594.8,799.9,9.5,9.0,10.0
1995-06,13278.2,6033.9,10770.6,4304.5,6466.1,7244.3,2507.6,1729.4,778.2,58.6,52.3,65.2,14672.9,6633.1,8039.8,64.8,57.5,72.4,22647.9,11545.2,11102.7,1394.7,599.2,795.5,9.5,9.0,9.9
1995-07,13280.6,6032.1,10784.3,4323.9,6460.4,7248.5,2496.3,1708.2,788.1,58.6,52.2,65.2,14698.9,6643.8,8055.1,64.8,57.5,72.5,22672.6,11557.8,11114.8,1418.3,611.7,806.6,9.6,9.2,10.0
1995-08,13297.8,6036.3,10801.3,4325.3,6476.1,7261.5,2496.4,1711.0,785.4,58.6,52.2,65.2,14701.6,6645.3,8056.3,64.8,57.4,72.4,22702.9,11573.2,11129.8,1403.8,609.0,794.8,9.5,9.2,9.9
1995-09,13331.2,6059.2,10813.1,4326.4,6486.6,7272.0,2518.1,1732.8,785.4,58.7,52.3,65.3,14688.1,6649.6,8038.5,64.6,57.4,72.2,22725.8,11584.6,11141.2,1356.9,590.4,766.5,9.2,8.9,9.5
1995-10,13347.0,6067.8,10842.6,4354.4,6488.2,7279.2,2504.4,1713.4,791.0,58.7,52.3,65.3,14716.6,6659.1,8057.5,64.7,57.4,72.2,22749.7,11596.4,11153.2,1369.6,591.3,778.3,9.3,8.9,9.7
1995-11,13315.0,6039.2,10790.8,4295.5,6495.2,7275.9,2524.3,1743.7,780.6,58.5,52.0,65.2,14672.0,6637.4,8034.7,64.4,57.2,72.0,22772.3,11608.0,11164.3,1357.0,598.2,758.8,9.2,9.0,9.4
1995-12,13356.8,6058.2,10793.2,4297.2,6496.0,7298.6,2563.6,1761.0,802.6,58.6,52.1,65.3,14736.5,6656.9,8079.6,64.7,57.3,72.3,22793.6,11618.8,11174.7,1379.7,598.7,781.0,9.4,9.0,9.7
1996-01,13374.5,6065.2,10815.0,4310.8,6504.2,7309.3,2559.5,1754.4,805.1,58.6,52.1,65.3,14769.6,6665.3,8104.3,64.7,57.3,72.5,22821.0,11635.6,11185.3,1395.1,600.1,795.0,9.4,9.0,9.8
1996-02,13399.4,6089.5,10827.0,4334.7,6492.3,7309.9,2572.3,1754.8,817.5,58.7,52.3,65.3,14810.2,6697.9,8112.3,64.8,57.5,72.4,22844.7,11647.4,11197.3,1410.8,608.4,802.4,9.5,9.1,9.9
1996-03,13377.2,6082.6,10833.9,4336.1,6497.7,7294.6,2543.3,1746.5,796.8,58.5,52.2,65.1,14790.3,6690.7,8099.6,64.7,57.4,72.3,22868.7,11659.2,11209.5,1413.1,608.1,805.0,9.6,9.1,9.9
1996-04,13404.1,6088.3,10865.2,4347.8,6517.5,7315.7,2538.8,1740.5,798.3,58.6,52.2,65.2,14780.8,6685.2,8095.6,64.6,57.3,72.1,22892.2,11670.8,11221.4,1376.7,596.9,779.8,9.3,8.9,9.6
1996-05,13425.6,6112.9,10867.4,4357.2,6510.2,7312.7,2558.2,1755.8,802.5,58.6,52.3,65.1,14793.6,6695.5,8098.1,64.5,57.3,72.1,22922.4,11685.8,11236.6,1368.0,582.5,785.5,9.2,8.7,9.7
1996-06,13412.9,6105.3,10865.8,4352.8,6513.0,7307.5,2547.1,1752.5,794.6,58.5,52.2,65.0,14866.2,6735.8,8130.4,64.8,57.6,72.3,22945.9,11697.3,11248.6,1453.3,630.4,822.9,9.8,9.4,10.1
1996-07,13440.4,6099.3,10907.4,4338.8,6568.6,7341.1,2533.0,1760.5,772.5,58.5,52.1,65.2,14891.6,6741.4,8150.2,64.8,57.6,72.4,22976.2,11712.4,11263.8,1451.2,642.1,809.2,9.7,9.5,9.9
1996-08,13456.6,6107.5,10929.0,4359.6,6569.3,7349.1,2527.6,1747.8,779.8,58.5,52.1,65.2,14859.5,6734.5,8125.0,64.6,57.4,72.1,23000.0,11724.1,11275.9,1402.9,627.1,775.9,9.4,9.3,9.5
1996-09,13414.4,6104.2,10855.7,4336.9,6518.9,7310.2,2558.7,1767.4,791.4,58.3,52.0,64.7,14889.6,6765.6,8124.0,64.7,57.6,72.0,23028.4,11738.0,11290.4,1475.2,661.4,813.8,9.9,9.8,10.0
1996-10,13412.8,6101.5,10872.8,4325.9,6546.9,7311.3,2540.0,1775.6,764.4,58.2,51.9,64.7,14892.2,6754.8,8137.3,64.6,57.5,72.0,23050.4,11748.9,11301.5,1479.3,653.3,826.0,9.9,9.7,10.2
1996-11,13441.5,6116.6,10872.0,4313.8,6558.2,7325.0,2569.6,1802.8,766.8,58.3,52.0,64.7,14912.8,6760.3,8152.6,64.6,57.5,72.1,23071.9,11759.1,11312.8,1471.3,643.7,827.6,9.9,9.5,10.2
1996-12,13465.7,6122.6,10872.5,4295.8,6576.7,7343.1,2593.2,1826.8,766.3,58.3,52.0,64.9,14918.8,6760.5,8158.3,64.6,57.4,72.1,23092.0,11769.1,11322.9,1453.1,637.8,815.3,9.7,9.4,10.0
1997-01,13535.9,6160.7,10948.2,4351.8,6596.5,7375.2,2587.7,1808.9,778.8,58.6,52.3,65.1,14951.9,6784.5,8167.4,64.7,57.6,72.1,23114.7,11780.2,11334.5,1416.0,623.9,792.1,9.5,9.2,9.7
1997-02,13538.1,6162.1,10930.7,4334.2,6596.4,7376.0,2607.4,1827.9,779.6,58.5,52.3,65.0,14961.8,6780.2,8181.6,64.7,57.5,72.1,23134.5,11789.8,11344.6,1423.7,618.1,805.6,9.5,9.1,9.8
1997-03,13569.8,6185.9,10937.0,4343.8,6593.3,7383.9,2632.8,1842.2,790.6,58.6,52.4,65.0,14968.1,6797.5,8170.5,64.6,57.6,72.0,23156.3,11800.6,11355.7,1398.2,611.6,786.7,9.3,9.0,9.6
1997-04,13571.2,6204.6,10959.9,4375.1,6584.8,7366.6,2611.3,1829.5,781.8,58.5,52.5,64.8,14986.5,6825.9,8160.6,64.6,57.8,71.8,23185.1,11814.7,11370.4,1415.3,621.3,794.0,9.4,9.1,9.7
1997-05,13637.2,6205.3,11028.4,4374.6,6653.8,7431.9,2608.8,1830.6,778.2,58.8,52.5,65.3,15045.2,6827.4,8217.8,64.8,57.7,72.2,23208.6,11826.3,11382.3,1408.0,622.2,785.8,9.4,9.1,9.6
1997-06,13690.0,6224.3,11133.3,4411.9,6721.5,7465.7,2556.6,1812.4,744.2,58.9,52.6,65.5,15066.2,6856.2,8210.0,64.8,57.9,72.0,23237.4,11840.4,11396.9,1376.2,631.9,744.3,9.1,9.2,9.1
1997-07,13731.5,6246.3,11080.3,4374.1,6706.2,7485.2,2651.2,1872.2,779.0,59.0,52.7,65.6,15075.9,6844.7,8231.1,64.8,57.8,72.1,23260.1,11851.0,11409.0,1344.4,598.4,746.0,8.9,8.7,9.1
1997-08,13798.9,6275.7,11124.6,4396.1,6728.4,7523.2,2674.3,1879.6,794.8,59.3,52.9,65.9,15143.7,6873.1,8270.6,65.0,57.9,72.4,23283.5,11862.0,11421.4,1344.8,597.4,747.4,8.9,8.7,9.0
1997-09,13815.9,6268.5,11221.0,4454.0,6767.0,7547.5,2595.0,1814.5,780.5,59.3,52.8,66.0,15155.2,6865.1,8290.1,65.0,57.8,72.5,23312.7,11875.8,11436.9,1339.3,596.7,742.6,8.8,8.7,9.0
1997-10,13833.1,6265.6,11206.3,4446.4,6759.9,7567.5,2626.8,1819.2,807.6,59.3,52.7,66.1,15180.5,6878.9,8301.5,65.1,57.9,72.5,23335.3,11886.2,11449.1,1347.4,613.4,734.0,8.9,8.9,8.8
1997-11,13859.5,6283.5,11233.6,4473.8,6759.8,7576.0,2625.9,1809.7,816.2,59.3,52.8,66.1,15205.8,6897.8,8308.0,65.1,58.0,72.5,23356.4,11895.9,11460.5,1346.3,614.3,732.1,8.9,8.9,8.8
1997-12,13874.9,6296.8,11295.6,4518.2,6777.4,7578.1,2579.2,1778.5,800.7,59.4,52.9,66.1,15158.0,6864.8,8293.2,64.8,57.7,72.3,23375.4,11904.5,11470.8,1283.1,568.1,715.1,8.5,8.3,8.6
1998-01,13864.8,6301.8,11286.2,4525.0,6761.2,7563.0,2578.7,1776.8,801.9,59.3,52.9,65.9,15202.8,6909.4,8293.4,65.0,58.0,72.2,23397.5,11914.6,11483.0,1337.9,607.6,730.4,8.8,8.8,8.8
1998-02,13914.5,6337.7,11327.7,4526.9,6800.8,7576.8,2586.8,1810.7,776.0,59.4,53.1,65.9,15217.1,6928.0,8289.1,65.0,58.1,72.1,23419.2,11924.4,11494.8,1302.6,590.3,712.3,8.6,8.5,8.6
1998-03,13949.4,6364.9,11328.6,4546.4,6782.3,7584.5,2620.8,1818.6,802.3,59.5,53.3,65.9,15222.9,6942.5,8280.4,64.9,58.2,72.0,23438.6,11933.4,11505.2,1273.4,577.5,695.9,8.4,8.3,8.4
1998-04,13977.6,6389.9,11322.4,4546.8,6775.7,7587.7,2655.2,1843.2,812.0,59.6,53.5,65.9,15238.5,6949.9,8288.6,65.0,58.2,72.0,23459.9,11943.2,11516.7,1260.9,560.0,700.9,8.3,8.1,8.5
1998-05,13993.3,6387.1,11366.9,4559.3,6807.5,7606.3,2626.4,1827.7,798.7,59.6,53.4,66.0,15257.6,6952.7,8304.9,65.0,58.2,72.0,23482.1,11953.5,11528.6,1264.3,565.6,698.6,8.3,8.1,8.4
1998-06,14005.8,6397.3,11383.5,4592.3,6791.2,7608.5,2622.3,1805.1,817.3,59.6,53.5,65.9,15284.1,6957.0,8327.0,65.0,58.1,72.1,23509.5,11966.2,11543.3,1278.2,559.7,718.6,8.4,8.0,8.6
1998-07,14063.8,6441.0,11392.9,4606.1,6786.8,7622.8,2670.9,1834.8,836.1,59.8,53.8,66.0,15333.4,6983.3,8350.1,65.2,58.3,72.3,23528.9,11976.2,11552.7,1269.6,542.4,727.2,8.3,7.8,8.7
1998-08,14101.7,6461.6,11441.7,4609.0,6832.7,7640.1,2660.0,1852.6,807.4,59.9,53.9,66.1,15341.4,7002.0,8339.4,65.2,58.4,72.1,23547.6,11985.9,11561.7,1239.7,540.4,699.3,8.1,7.7,8.4
1998-09,14140.7,6493.7,11473.4,4621.5,6851.9,7647.0,2667.3,1872.2,795.1,60.0,54.1,66.1,15405.4,7048.7,8356.8,65.4,58.7,72.2,23572.2,11998.4,11573.8,1264.7,555.0,709.7,8.2,7.9,8.5
1998-10,14159.4,6517.1,11508.7,4659.0,6849.7,7642.3,2650.7,1858.1,792.6,60.0,54.3,66.0,15392.5,7044.8,8347.7,65.2,58.7,72.1,23592.3,12008.7,11583.6,1233.1,527.7,705.4,8.0,7.5,8.5
1998-11,14198.9,6532.4,11524.9,4654.4,6870.5,7666.5,2674.1,1878.1,796.0,60.1,54.4,66.1,15439.1,7064.7,8374.5,65.4,58.8,72.2,23611.5,12018.5,11593.1,1240.2,532.2,708.0,8.0,7.5,8.5
1998-12,14200.0,6535.8,11498.9,4628.9,6870.0,7664.2,2701.1,1906.9,794.3,60.1,54.3,66.1,15459.0,7085.0,8373.9,65.4,58.9,72.2,23629.5,12027.6,11601.9,1259.0,549.3,709.7,8.1,7.8,8.5
1999-01,14273.3,6561.6,11592.2,4676.5,6915.6,7711.7,2681.2,1885.1,796.1,60.3,54.5,66.4,15499.4,7105.0,8394.4,65.5,59.0,72.3,23650.9,12038.4,11612.4,1226.0,543.4,682.6,7.9,7.6,8.1
1999-02,14263.3,6554.9,11612.2,4708.2,6904.0,7708.4,2651.0,1846.7,804.4,60.3,54.4,66.3,15486.6,7093.8,8392.8,65.4,58.9,72.2,23672.2,12049.2,11623.0,1223.3,539.0,684.4,7.9,7.6,8.2
1999-03,14278.7,6553.2,11643.7,4721.9,6921.8,7725.5,2635.0,1831.3,803.7,60.3,54.3,66.4,15497.7,7091.7,8406.1,65.4,58.8,72.3,23693.5,12060.0,11633.5,1219.0,538.5,680.6,7.9,7.6,8.1
1999-04,14316.6,6564.2,11693.4,4738.7,6954.7,7752.4,2623.2,1825.4,797.7,60.4,54.4,66.6,15592.5,7136.4,8456.0,65.7,59.1,72.6,23716.0,12071.2,11644.8,1275.9,572.3,703.6,8.2,8.0,8.3
1999-05,14352.7,6585.0,11731.6,4759.5,6972.1,7767.7,2621.1,1825.5,795.6,60.5,54.5,66.6,15591.5,7142.1,8449.4,65.7,59.1,72.5,23739.9,12083.2,11656.7,1238.8,557.1,681.7,7.9,7.8,8.1
1999-06,14373.0,6598.2,11721.4,4744.7,6976.7,7774.7,2651.5,1853.6,798.0,60.5,54.5,66.6,15553.3,7124.8,8428.5,65.4,58.9,72.2,23769.7,12098.1,11671.6,1180.3,526.6,653.8,7.6,7.4,7.8
1999-07,14430.9,6633.9,11754.3,4782.0,6972.3,7796.9,2676.5,1851.9,824.6,60.7,54.8,66.7,15610.2,7156.5,8453.6,65.6,59.1,72.4,23792.9,12109.3,11683.5,1179.3,522.6,656.7,7.6,7.3,7.8
1999-08,14451.8,6654.6,11769.0,4783.3,6985.7,7797.2,2682.8,1871.4,811.4,60.7,54.9,66.7,15610.6,7154.8,8455.8,65.5,59.0,72.3,23820.6,12122.6,11697.9,1158.9,500.2,658.6,7.4,7.0,7.8
1999-09,14474.6,6649.4,11816.2,4803.4,7012.8,7825.2,2658.4,1846.0,812.4,60.7,54.8,66.8,15645.9,7147.0,8498.9,65.6,58.9,72.6,23844.8,12134.4,11710.4,1171.3,497.6,673.7,7.5,7.0,7.9
1999-10,14514.7,6654.5,11864.4,4807.7,7056.7,7860.2,2650.2,1846.7,803.5,60.8,54.8,67.0,15640.3,7142.6,8497.7,65.5,58.8,72.5,23869.2,12146.0,11723.1,1125.6,488.2,637.5,7.2,6.8,7.5
1999-11,14549.4,6662.4,11923.4,4842.2,7081.2,7887.0,2626.0,1820.2,805.8,60.9,54.8,67.2,15633.5,7135.7,8497.8,65.4,58.7,72.4,23892.8,12157.3,11735.5,1084.1,473.3,610.9,6.9,6.6,7.2
1999-12,14611.3,6677.7,11978.4,4859.9,7118.6,7933.6,2632.9,1817.8,815.0,61.1,54.9,67.5,15671.1,7146.3,8524.8,65.5,58.7,72.6,23915.0,12167.7,11747.3,1059.8,468.6,591.2,6.8,6.6,6.9
2000-01,14652.7,6718.1,12006.9,4877.5,7129.4,7934.7,2645.9,1840.6,805.3,61.2,55.2,67.5,15720.8,7188.2,8532.6,65.7,59.0,72.6,23937.8,12178.5,11759.3,1068.1,470.1,598.0,6.8,6.5,7.0
2000-02,14672.2,6737.2,12027.3,4886.2,7141.0,7935.0,2645.0,1851.0,794.0,61.2,55.3,67.4,15753.3,7226.8,8526.5,65.7,59.3,72.4,23963.5,12190.6,11772.9,1081.1,489.6,591.5,6.9,6.8,6.9
2000-03,14697.5,6744.0,12061.5,4916.5,7145.1,7953.5,2636.0,1827.5,808.5,61.3,55.3,67.5,15779.8,7237.4,8542.4,65.8,59.3,72.5,23988.6,12202.2,11786.4,1082.3,493.4,588.9,6.9,6.8,6.9
2000-04,14722.7,6753.1,12034.4,4914.1,7120.4,7969.6,2688.2,1839.0,849.2,61.3,55.3,67.5,15787.2,7229.3,8557.8,65.7,59.2,72.5,24014.6,12214.4,11800.2,1064.5,476.2,588.3,6.7,6.6,6.9
2000-05,14736.4,6779.5,12076.6,4941.1,7135.5,7956.9,2659.8,1838.4,821.4,61.3,55.4,67.3,15783.8,7247.2,8536.6,65.6,59.3,72.2,24048.5,12230.3,11818.1,1047.5,467.7,579.7,6.6,6.5,6.8
2000-06,14746.8,6806.4,12074.9,4946.0,7128.9,7940.5,2671.9,1860.3,811.6,61.3,55.6,67.1,15807.8,7268.5,8539.4,65.7,59.4,72.2,24076.3,12243.5,11832.8,1061.0,462.1,598.9,6.7,6.4,7.0
2000-07,14750.4,6789.1,12079.5,4942.4,7137.1,7961.4,2670.9,1846.6,824.3,61.2,55.4,67.2,15818.5,7277.7,8540.8,65.6,59.4,72.1,24102.5,12255.9,11846.6,1068.0,488.6,579.4,6.8,6.7,6.8
2000-08,14770.3,6807.1,12082.3,4954.7,7127.6,7963.3,2688.0,1852.3,835.7,61.2,55.5,67.1,15883.5,7306.6,8576.8,65.8,59.5,72.3,24134.6,12271.0,11863.7,1113.1,499.6,613.5,7.0,6.8,7.2
2000-09,14812.2,6824.7,12081.8,4933.6,7148.2,7987.5,2730.4,1891.1,839.3,61.3,55.6,67.2,15916.3,7324.0,8592.2,65.9,59.6,72.3,24162.1,12284.0,11878.1,1104.1,499.3,604.7,6.9,6.8,7.0
2000-10,14835.3,6837.7,12138.8,4968.7,7170.1,7997.6,2696.5,1869.1,827.4,61.3,55.6,67.2,15955.7,7354.0,8601.7,66.0,59.8,72.3,24189.6,12296.9,11892.7,1120.4,516.2,604.2,7.0,7.0,7.0
2000-11,14871.4,6856.6,12203.6,5018.3,7185.3,8014.8,2667.8,1838.3,829.5,61.4,55.7,67.3,15982.1,7354.0,8628.1,66.0,59.7,72.5,24216.4,12309.5,11907.0,1110.7,497.4,613.3,6.9,6.8,7.1
2000-12,14920.0,6862.1,12219.9,5012.2,7207.7,8057.8,2700.1,1850.0,850.1,61.5,55.7,67.6,16003.2,7351.3,8651.9,66.0,59.7,72.6,24241.9,12321.3,11920.6,1083.2,489.2,594.1,6.8,6.7,6.9
2001-01,14894.4,6867.6,12196.3,4999.7,7196.6,8026.8,2698.0,1867.8,830.2,61.4,55.7,67.3,15994.5,7366.4,8628.1,65.9,59.7,72.4,24255.3,12331.1,11924.2,1100.1,498.8,601.3,6.9,6.8,7.0
2001-02,14883.9,6861.9,12202.3,5015.9,7186.4,8022.0,2681.5,1846.0,835.6,61.3,55.6,67.2,16004.4,7356.1,8648.3,65.9,59.6,72.4,24280.4,12342.9,11937.5,1120.5,494.2,626.3,7.0,6.7,7.2
2001-03,14888.7,6883.7,12202.6,5026.2,7176.5,8005.0,2686.1,1857.6,828.5,61.2,55.7,67.0,16033.2,7378.0,8655.3,66.0,59.7,72.4,24308.1,12356.0,11952.2,1144.6,494.3,650.3,7.1,6.7,7.5
2001-04,14922.3,6894.3,12221.1,5043.6,7177.5,8028.0,2701.2,1850.7,850.5,61.3,55.7,67.1,16066.9,7392.8,8674.1,66.0,59.7,72.5,24344.9,12373.5,11971.3,1144.7,498.5,646.2,7.1,6.7,7.4
2001-05,14946.2,6921.5,12219.5,5043.2,7176.3,8024.8,2726.7,1878.3,848.4,61.3,55.9,66.9,16076.9,7411.2,8665.6,66.0,59.8,72.3,24375.1,12388.0,11987.2,1130.6,489.8,640.9,7.0,6.6,7.4
2001-06,14922.5,6895.6,12218.3,5046.6,7171.7,8026.9,2704.2,1849.0,855.2,61.1,55.6,66.9,16085.1,7401.0,8684.1,65.9,59.7,72.3,24406.3,12402.9,12003.4,1162.6,505.4,657.2,7.2,6.8,7.6
2001-07,14946.3,6912.4,12187.2,5001.3,7185.9,8033.9,2759.1,1911.1,848.0,61.1,55.7,66.8,16083.9,7419.0,8665.0,65.8,59.7,72.1,24442.1,12420.6,12021.5,1137.7,506.6,631.1,7.1,6.8,7.3
2001-08,14948.5,6910.5,12262.6,5064.2,7198.4,8038.0,2685.9,1846.3,839.6,61.1,55.6,66.8,16112.4,7424.3,8688.2,65.8,59.7,72.2,24470.7,12434.7,12036.0,1163.9,513.8,650.2,7.2,6.9,7.5
2001-09,14972.8,6932.7,12273.0,5090.9,7182.1,8040.1,2699.8,1841.8,858.0,61.1,55.7,66.7,16131.5,7448.6,8682.9,65.8,59.8,72.1,24498.4,12448.3,12050.2,1158.7,516.0,642.8,7.2,6.9,7.4
2001-10,14976.9,6936.3,12274.0,5086.5,7187.5,8040.6,2702.9,1849.8,853.0,61.1,55.7,66.7,16159.8,7451.8,8708.0,65.9,59.8,72.2,24525.1,12461.6,12063.5,1182.9,515.5,667.4,7.3,6.9,7.7
2001-11,14990.3,6964.7,12240.7,5059.3,7181.4,8025.6,2749.6,1905.4,844.2,61.1,55.8,66.5,16199.7,7484.5,8715.2,66.0,60.0,72.2,24550.9,12474.3,12076.5,1209.4,519.8,689.6,7.5,6.9,7.9
2001-12,14965.6,6964.5,12199.9,5059.8,7140.1,8001.1,2765.7,1904.7,861.0,60.9,55.8,66.2,16276.1,7510.9,8765.2,66.2,60.2,72.5,24575.0,12486.1,12088.9,1310.4,546.4,764.0,8.1,7.3,8.7
2002-01,15019.4,7005.7,12223.1,5085.5,7137.6,8013.7,2796.3,1920.3,876.1,61.0,56.0,66.2,16327.4,7538.2,8789.2,66.3,60.3,72.6,24608.4,12502.7,12105.7,1307.9,532.5,775.5,8.0,7.1,8.8
2002-02,15042.3,6987.6,12262.0,5085.8,7176.2,8054.7,2780.3,1901.9,878.5,61.1,55.8,66.5,16338.5,7530.3,8808.2,66.3,60.2,72.7,24634.0,12515.4,12118.5,1296.2,542.7,753.5,7.9,7.2,8.6
2002-03,15120.5,7019.6,12308.2,5075.6,7232.5,8100.9,2812.4,1944.0,868.4,61.3,56.0,66.8,16412.2,7572.4,8839.8,66.5,60.4,72.9,24662.4,12529.5,12133.0,1291.7,552.8,738.9,7.9,7.3,8.4
2002-04,15167.8,7046.9,12331.3,5083.9,7247.4,8120.9,2836.5,1963.0,873.5,61.4,56.2,66.8,16432.5,7595.4,8837.1,66.5,60.5,72.7,24699.4,12547.9,12151.5,1264.8,548.6,716.2,7.7,7.2,8.1
2002-05,15222.2,7065.2,12382.3,5109.3,7273.0,8157.1,2839.9,1955.9,884.0,61.6,56.2,67.0,16503.6,7617.5,8886.1,66.7,60.6,73.0,24729.8,12562.9,12166.9,1281.3,552.3,729.0,7.8,7.3,8.2
2002-06,15284.3,7093.8,12438.4,5132.9,7305.5,8190.5,2845.9,1960.9,885.0,61.7,56.4,67.2,16543.3,7652.0,8891.3,66.8,60.8,73.0,24761.0,12578.3,12182.6,1259.0,558.3,700.8,7.6,7.3,7.9
2002-07,15324.2,7121.6,12491.8,5171.1,7320.7,8202.6,2832.4,1950.5,881.9,61.8,56.5,67.2,16592.8,7678.0,8914.7,66.9,61.0,73.1,24795.8,12596.1,12199.7,1268.6,556.4,712.2,7.6,7.2,8.0
2002-08,15406.9,7175.0,12516.6,5195.7,7320.8,8231.9,2890.3,1979.3,911.0,62.1,56.9,67.4,16641.8,7713.9,8928.0,67.1,61.2,73.1,24818.6,12607.5,12211.1,1235.0,538.8,696.1,7.4,7.0,7.8
2002-09,15405.2,7179.6,12504.8,5189.0,7315.8,8225.6,2900.4,1990.7,909.8,62.0,56.9,67.3,16665.1,7727.4,8937.7,67.1,61.2,73.1,24845.8,12621.3,12224.5,1259.9,547.8,712.1,7.6,7.1,8.0
2002-10,15419.1,7198.2,12471.6,5169.7,7301.9,8220.9,2947.5,2028.5,919.0,62.0,57.0,67.2,16686.5,7748.2,8938.3,67.1,61.3,73.1,24868.1,12632.6,12235.5,1267.4,550.0,717.4,7.6,7.1,8.0
2002-11,15467.2,7212.9,12537.9,5208.5,7329.4,8254.3,2929.3,2004.4,924.9,62.1,57.0,67.4,16723.4,7760.5,8962.9,67.2,61.4,73.2,24889.7,12643.4,12246.3,1256.2,547.6,708.6,7.5,7.1,7.9
2002-12,15524.7,7241.5,12576.1,5211.4,7364.7,8283.2,2948.6,2030.1,918.5,62.3,57.2,67.6,16792.7,7788.2,9004.5,67.4,61.5,73.5,24909.8,12653.5,12256.3,1268.0,546.7,721.3,7.6,7.0,8.0
2003-01,15544.2,7246.0,12600.9,5222.2,7378.7,8298.2,2943.3,2023.8,919.5,62.3,57.2,67.6,16797.0,7798.5,8998.4,67.4,61.6,73.3,24932.7,12664.8,12267.9,1252.8,552.5,700.2,7.5,7.1,7.8
2003-02,15601.6,7278.0,12633.2,5230.8,7402.4,8323.6,2968.4,2047.1,921.3,62.5,57.4,67.8,16859.0,7824.2,9034.8,67.6,61.7,73.6,24953.8,12675.3,12278.5,1257.5,546.2,711.2,7.5,7.0,7.9
2003-03,15609.7,7286.5,12655.6,5239.6,7416.0,8323.2,2954.0,2046.9,907.1,62.5,57.4,67.7,16852.4,7838.9,9013.5,67.5,61.8,73.3,24978.6,12687.7,12290.9,1242.7,552.4,690.3,7.4,7.0,7.7
2003-04,15593.2,7260.3,12661.8,5237.0,7424.8,8332.9,2931.4,2023.3,908.1,62.3,57.2,67.7,16876.8,7840.2,9036.6,67.5,61.7,73.4,25009.7,12703.3,12306.5,1283.6,579.9,703.7,7.6,7.4,7.8
2003-05,15574.8,7269.4,12646.7,5232.1,7414.6,8305.4,2928.0,2037.3,890.8,62.2,57.2,67.4,16899.5,7854.0,9045.5,67.5,61.8,73.4,25035.1,12716.0,12319.1,1324.7,584.6,740.1,7.8,7.4,8.2
2003-06,15627.1,7302.2,12649.6,5258.7,7390.9,8324.9,2977.5,2043.5,934.0,62.3,57.3,67.5,16912.6,7864.4,9048.2,67.5,61.8,73.3,25068.7,12732.9,12335.8,1285.5,562.2,723.3,7.6,7.1,8.0
2003-07,15648.4,7318.8,12696.1,5288.0,7408.1,8329.6,2952.3,2030.8,921.5,62.4,57.4,67.5,16954.4,7881.5,9073.0,67.6,61.8,73.5,25095.9,12747.1,12348.8,1306.1,562.7,743.4,7.7,7.1,8.2
2003-08,15638.9,7327.9,12653.6,5263.2,7390.4,8311.0,2985.3,2064.7,920.6,62.3,57.4,67.2,16967.3,7897.0,9070.3,67.5,61.9,73.4,25121.7,12760.2,12361.6,1328.4,569.1,759.3,7.8,7.2,8.4
2003-09,15674.7,7330.8,12655.2,5258.0,7397.2,8343.9,3019.6,2072.9,946.7,62.3,57.4,67.4,17010.1,7924.9,9085.2,67.6,62.0,73.4,25154.0,12776.7,12377.3,1335.4,594.1,741.3,7.9,7.5,8.2
2003-10,15729.5,7370.0,12759.5,5365.6,7393.9,8359.6,2970.0,2004.4,965.7,62.5,57.6,67.5,17019.1,7929.0,9090.1,67.6,62.0,73.4,25179.6,12789.9,12389.7,1289.6,559.1,730.5,7.6,7.1,8.0
2003-11,15778.5,7382.8,12790.8,5329.8,7461.1,8395.7,2987.7,2053.1,934.6,62.6,57.7,67.7,17045.5,7938.6,9106.9,67.6,62.0,73.4,25203.7,12802.1,12401.6,1267.0,555.8,711.2,7.4,7.0,7.8
2003-12,15821.1,7423.6,12826.7,5358.6,7468.0,8397.5,2994.5,2065.0,929.5,62.7,57.9,67.7,17074.4,7976.1,9098.4,67.7,62.2,73.3,25225.6,12813.2,12412.4,1253.3,552.4,700.9,7.3,6.9,7.7
2004-01,15819.7,7403.5,12864.0,5383.2,7480.8,8416.2,2955.7,2020.3,935.4,62.7,57.7,67.7,17069.9,7958.6,9111.3,67.6,62.1,73.3,25250.0,12825.7,12424.3,1250.2,555.1,695.1,7.3,7.0,7.6
2004-02,15826.9,7426.6,12890.3,5395.1,7495.1,8400.4,2936.7,2031.4,905.2,62.6,57.8,67.5,17075.4,7973.4,9102.0,67.6,62.1,73.2,25276.5,12839.3,12437.2,1248.5,546.9,701.6,7.3,6.9,7.7
2004-03,15836.3,7421.9,12928.0,5438.1,7489.9,8414.4,2908.3,1983.8,924.4,62.6,57.7,67.6,17087.2,7966.5,9120.7,67.5,62.0,73.3,25302.8,12852.7,12450.2,1250.9,544.6,706.4,7.3,6.8,7.7
2004-04,15882.7,7436.4,12967.4,5438.9,7528.5,8446.3,2915.3,1997.5,917.8,62.7,57.8,67.8,17113.6,7981.2,9132.4,67.6,62.0,73.3,25330.1,12866.7,12463.4,1230.9,544.8,686.1,7.2,6.8,7.5
2004-05,15900.9,7462.8,12964.3,5463.9,7500.4,8438.2,2936.7,1998.9,937.8,62.7,57.9,67.6,17108.6,7988.9,9119.7,67.5,62.0,73.1,25358.7,12881.1,12477.5,1207.7,526.2,681.5,7.1,6.6,7.5
2004-06,15923.9,7478.0,12985.8,5445.5,7540.3,8446.0,2938.2,2032.5,905.7,62.7,58.0,67.6,17164.0,8025.6,9138.4,67.6,62.2,73.1,25395.6,12900.0,12495.6,1240.1,547.6,692.5,7.2,6.8,7.6
2004-07,15937.6,7462.9,12958.2,5405.1,7553.1,8474.7,2979.4,2057.7,921.7,62.7,57.8,67.7,17148.3,8010.7,9137.6,67.4,62.0,73.0,25425.1,12915.0,12510.1,1210.7,547.9,662.9,7.1,6.8,7.3
2004-08,15945.4,7453.8,12978.8,5415.6,7563.3,8491.6,2966.6,2038.3,928.3,62.6,57.6,67.8,17146.8,8005.0,9141.8,67.3,61.9,73.0,25459.9,12932.5,12527.5,1201.4,551.2,650.3,7.0,6.9,7.1
2004-09,15978.9,7473.9,13033.0,5444.0,7589.0,8505.0,2945.8,2029.9,916.0,62.7,57.7,67.8,17170.7,8005.8,9164.9,67.4,61.8,73.1,25487.3,12946.6,12540.8,1191.8,531.9,659.9,6.9,6.6,7.2
2004-10,15989.6,7465.4,13036.3,5426.6,7609.7,8524.2,2953.3,2038.8,914.5,62.7,57.6,67.9,17203.4,8015.9,9187.4,67.4,61.9,73.2,25513.4,12959.7,12553.7,1213.8,550.5,663.3,7.1,6.9,7.2
2004-11,16008.3,7483.7,13026.9,5428.0,7598.9,8524.6,2981.4,2055.7,925.7,62.7,57.7,67.8,17249.1,8052.4,9196.7,67.5,62.1,73.2,25537.2,12971.9,12565.3,1240.8,568.6,672.1,7.2,7.1,7.3
2004-12,16022.8,7495.6,13039.9,5444.3,7595.5,8527.2,2982.9,2051.3,931.6,62.7,57.7,67.8,17252.0,8038.3,9213.6,67.5,61.9,73.3,25560.2,12983.5,12576.8,1229.2,542.7,686.5,7.1,6.8,7.5
2005-01,16034.0,7502.5,13066.5,5433.0,7633.5,8531.5,2967.5,2069.5,898.0,62.7,57.7,67.8,17226.1,8030.7,9195.4,67.3,61.8,73.0,25585.5,12996.2,12589.3,1192.1,528.2,663.9,6.9,6.6,7.2
2005-02,16047.1,7516.6,13080.2,5471.9,7608.4,8530.5,2966.9,2044.8,922.1,62.7,57.8,67.7,17254.4,8053.9,9200.5,67.4,61.9,73.0,25613.5,13010.4,12603.1,1207.3,537.3,670.0,7.0,6.7,7.3
2005-03,16046.5,7508.4,13072.6,5468.6,7604.0,8538.0,2973.8,2039.8,934.0,62.6,57.6,67.7,17230.8,8031.4,9199.3,67.2,61.7,72.9,25640.9,13024.3,12616.6,1184.3,523.0,661.3,6.9,6.5,7.2
2005-04,16072.3,7542.0,13107.6,5501.3,7606.3,8530.3,2964.6,2040.7,924.0,62.6,57.8,67.5,17233.3,8046.3,9187.0,67.1,61.7,72.7,25668.9,13038.5,12630.4,1161.0,504.3,656.7,6.7,6.3,7.1
2005-05,16076.7,7521.7,13083.1,5484.2,7599.0,8555.0,2993.5,2037.5,956.0,62.5,57.6,67.6,17285.1,8061.4,9223.6,67.2,61.7,72.9,25706.5,13057.4,12649.1,1208.4,539.8,668.6,7.0,6.7,7.2
2005-06,16101.8,7535.6,13156.4,5518.8,7637.6,8566.2,2945.4,2016.8,928.6,62.6,57.6,67.6,17277.7,8059.5,9218.2,67.1,61.6,72.8,25738.6,13073.7,12664.9,1175.9,523.9,652.0,6.8,6.5,7.1
2005-07,16142.2,7553.8,13171.7,5515.7,7655.9,8588.4,2970.5,2038.0,932.5,62.6,57.7,67.7,17300.7,8050.4,9250.2,67.1,61.5,72.9,25771.7,13090.7,12680.9,1158.5,496.7,661.8,6.7,6.2,7.2
2005-08,16186.6,7576.6,13211.6,5530.2,7681.4,8610.1,2975.0,2046.4,928.6,62.7,57.8,67.8,17349.0,8088.6,9260.4,67.2,61.7,72.9,25810.4,13110.3,12700.1,1162.4,512.0,650.4,6.7,6.3,7.0
2005-09,16172.2,7565.4,13216.5,5560.1,7656.4,8606.8,2955.7,2005.3,950.4,62.6,57.6,67.7,17331.9,8092.2,9239.7,67.1,61.7,72.7,25839.5,13125.0,12714.5,1159.7,526.8,632.9,6.7,6.5,6.8
2005-10,16211.7,7578.0,13197.3,5530.1,7667.2,8633.8,3014.5,2047.8,966.6,62.7,57.7,67.8,17372.5,8118.1,9254.4,67.2,61.8,72.7,25867.3,13138.8,12728.5,1160.8,540.1,620.7,6.7,6.7,6.7
2005-11,16241.2,7612.1,13255.2,5572.6,7682.6,8629.1,2986.0,2039.6,946.5,62.7,57.9,67.7,17338.1,8098.1,9240.1,67.0,61.6,72.5,25894.4,13152.7,12741.7,1096.9,485.9,611.0,6.3,6.0,6.6
2005-12,16232.3,7591.5,13277.2,5585.1,7692.1,8640.8,2955.1,2006.4,948.8,62.6,57.7,67.7,17373.6,8120.7,9252.9,67.0,61.7,72.5,25918.9,13164.9,12754.0,1141.3,529.3,612.1,6.6,6.5,6.6
2006-01,16261.0,7635.4,13283.9,5619.6,7664.4,8625.6,2977.1,2015.8,961.2,62.7,57.9,67.5,17436.6,8163.5,9273.1,67.2,61.9,72.6,25953.3,13182.1,12771.2,1175.6,528.1,647.5,6.7,6.5,7.0
2006-02,16292.2,7629.8,13284.4,5604.8,7679.6,8662.4,3007.8,2025.0,982.8,62.7,57.8,67.8,17439.1,8148.8,9290.3,67.1,61.8,72.7,25978.8,13194.7,12784.1,1146.9,519.0,627.8,6.6,6.4,6.8
2006-03,16347.3,7653.0,13337.7,5620.5,7717.2,8694.3,3009.6,2032.5,977.1,62.9,57.9,67.9,17479.8,8170.6,9309.1,67.2,61.9,72.7,26007.0,13209.0,12798.1,1132.5,517.6,614.9,6.5,6.3,6.6
2006-04,16383.5,7682.1,13399.6,5660.8,7738.7,8701.4,2984.0,2021.3,962.7,62.9,58.1,67.9,17516.9,8207.1,9309.8,67.3,62.1,72.7,26036.5,13223.8,12812.7,1133.4,525.0,608.4,6.5,6.4,6.5
2006-05,16450.4,7716.5,13473.9,5684.0,7789.9,8733.9,2976.5,2032.5,944.0,63.1,58.3,68.1,17544.9,8215.7,9329.2,67.3,62.0,72.7,26074.9,13242.9,12832.0,1094.5,499.2,595.2,6.2,6.1,6.4
2006-06,16432.5,7711.0,13421.1,5672.7,7748.4,8721.5,3011.5,2038.3,973.1,62.9,58.2,67.9,17538.7,8214.6,9324.0,67.2,62.0,72.6,26106.8,13258.7,12848.1,1106.1,503.6,602.6,6.3,6.1,6.5
2006-07,16440.4,7723.5,13441.4,5701.2,7740.1,8716.9,2999.1,2022.3,976.8,62.9,58.2,67.8,17587.9,8243.8,9344.2,67.3,62.1,72.6,26139.1,13275.8,12863.3,1147.5,520.3,627.2,6.5,6.3,6.7
2006-08,16435.7,7707.9,13482.8,5720.6,7762.2,8727.8,2952.8,1987.3,965.6,62.8,58.0,67.8,17584.7,8216.4,9368.3,67.2,61.8,72.7,26177.3,13295.6,12881.8,1149.0,508.6,640.5,6.5,6.2,6.8
2006-09,16468.0,7736.2,13500.4,5721.0,7779.4,8731.8,2967.6,2015.1,952.4,62.8,58.1,67.7,17613.0,8222.0,9390.9,67.2,61.8,72.8,26206.5,13310.9,12895.6,1145.0,485.9,659.1,6.5,5.9,7.0
2006-10,16487.5,7746.1,13505.6,5712.3,7793.3,8741.5,2981.9,2033.8,948.2,62.8,58.1,67.7,17605.4,8239.1,9366.3,67.1,61.8,72.6,26234.1,13325.3,12908.8,1117.8,493.0,624.8,6.3,6.0,6.7
2006-11,16487.5,7753.9,13469.7,5716.7,7753.0,8733.6,3017.8,2037.2,980.6,62.8,58.1,67.6,17641.3,8256.4,9384.8,67.2,61.9,72.6,26260.8,13339.5,12921.3,1153.7,502.5,651.2,6.5,6.1,6.9
2006-12,16549.6,7791.3,13512.9,5727.2,7785.7,8758.3,3036.8,2064.1,972.7,63.0,58.3,67.7,17671.4,8275.6,9395.8,67.2,62.0,72.6,26285.9,13352.7,12933.2,1121.8,484.4,637.4,6.3,5.9,6.8
2007-01,16615.0,7816.8,13546.8,5755.5,7791.3,8798.2,3068.2,2061.3,1006.9,63.1,58.5,68.0,17743.5,8313.2,9430.3,67.4,62.2,72.8,26314.7,13368.1,12946.6,1128.5,496.4,632.1,6.4,6.0,6.7
2007-02,16636.4,7831.9,13576.6,5766.1,7810.5,8804.5,3059.8,2065.8,994.0,63.2,58.5,68.0,17748.8,8319.4,9429.4,67.4,62.2,72.8,26335.5,13379.1,12956.4,1112.3,487.5,624.8,6.3,5.9,6.6
2007-03,16664.8,7872.7,13575.9,5776.7,7799.2,8792.1,3088.8,2095.9,992.9,63.2,58.8,67.8,17783.7,8364.0,9419.7,67.5,62.5,72.6,26359.9,13391.9,12968.0,1118.9,491.4,627.6,6.3,5.9,6.7
2007-04,16658.6,7853.3,13573.2,5774.3,7798.9,8805.3,3085.4,2079.0,1006.4,63.1,58.6,67.8,17775.4,8339.7,9435.7,67.4,62.2,72.7,26391.4,13408.5,12982.9,1116.9,486.4,630.4,6.3,5.8,6.7
2007-05,16682.1,7853.3,13633.6,5788.4,7845.2,8828.8,3048.5,2064.9,983.6,63.1,58.5,67.9,17775.6,8339.0,9436.5,67.3,62.1,72.6,26419.3,13423.0,12996.3,1093.4,485.7,607.7,6.2,5.8,6.4
2007-06,16728.2,7874.1,13716.2,5835.9,7880.3,8854.1,3012.0,2038.2,973.8,63.2,58.6,68.1,17822.3,8360.4,9461.8,67.4,62.2,72.7,26449.3,13438.3,13011.0,1094.1,486.4,607.7,6.1,5.8,6.4
2007-07,16796.2,7921.5,13755.2,5861.6,7893.6,8874.7,3041.0,2059.9,981.0,63.4,58.9,68.1,17872.3,8409.2,9463.1,67.5,62.5,72.6,26486.5,13457.5,13029.0,1076.1,487.6,588.4,6.0,5.8,6.2
2007-08,16817.5,7949.9,13748.0,5868.5,7879.5,8867.5,3069.5,2081.5,988.0,63.4,59.0,68.0,17886.2,8425.1,9461.0,67.5,62.5,72.5,26517.5,13473.5,13044.0,1068.7,475.2,593.5,6.0,5.6,6.3
2007-09,16836.2,7956.4,13736.9,5843.9,7892.9,8879.8,3099.3,2112.5,986.8,63.4,59.0,68.0,17915.2,8450.3,9464.9,67.5,62.6,72.5,26547.0,13488.9,13058.1,1079.0,493.9,585.1,6.0,5.8,6.2
2007-10,16883.7,7991.3,13749.1,5862.3,7886.8,8892.3,3134.6,2129.1,1005.6,63.5,59.2,68.0,17967.3,8457.9,9509.5,67.6,62.6,72.7,26576.0,13503.8,13072.1,1083.7,466.5,617.1,6.0,5.5,6.5
2007-11,16904.8,7983.3,13764.6,5870.0,7894.7,8921.5,3140.2,2113.4,1026.8,63.5,59.1,68.2,18009.2,8472.7,9536.5,67.7,62.7,72.9,26603.7,13518.0,13085.7,1104.3,489.3,615.0,6.1,5.8,6.4
2007-12,16907.1,7981.0,13775.0,5874.4,7900.6,8926.0,3132.1,2106.6,1025.5,63.5,59.0,68.1,18017.0,8460.7,9556.3,67.7,62.5,73.0,26629.2,13531.0,13098.2,1110.0,479.7,630.3,6.2,5.7,6.6
2008-01,16932.2,7977.3,13829.0,5867.6,7961.5,8955.0,3103.2,2109.7,993.5,63.5,58.9,68.3,18039.4,8460.4,9579.0,67.7,62.5,73.1,26659.0,13546.6,13112.4,1107.2,483.1,624.0,6.1,5.7,6.5
2008-02,16967.5,8000.5,13844.8,5876.9,7967.9,8967.0,3122.7,2123.7,999.0,63.6,59.0,68.3,18073.5,8492.2,9581.3,67.7,62.6,73.0,26683.2,13559.1,13124.1,1106.0,491.6,614.4,6.1,5.8,6.4
2008-03,16972.1,7994.8,13834.6,5863.0,7971.5,8977.3,3137.5,2131.8,1005.8,63.5,58.9,68.3,18085.7,8482.1,9603.6,67.7,62.5,73.1,26710.7,13573.1,13137.6,1113.6,487.3,626.3,6.2,5.7,6.5
2008-04,16971.8,8000.8,13846.5,5865.8,7980.7,8971.0,3125.4,2135.0,990.3,63.5,58.9,68.2,18089.5,8478.7,9610.9,67.6,62.4,73.1,26744.9,13590.8,13154.1,1117.7,477.8,639.9,6.2,5.6,6.7
2008-05,16986.8,8030.4,13846.4,5874.6,7971.8,8956.4,3140.4,2155.8,984.6,63.4,59.0,68.0,18103.0,8520.8,9582.3,67.6,62.6,72.8,26775.5,13606.2,13169.3,1116.3,490.4,625.8,6.2,5.8,6.5
2008-06,16996.2,8035.5,13833.7,5893.3,7940.4,8960.7,3162.5,2142.2,1020.3,63.4,59.0,67.9,18109.6,8504.6,9605.0,67.5,62.4,72.8,26816.1,13627.0,13189.2,1113.4,469.1,644.3,6.1,5.5,6.7
2008-07,16980.9,8028.6,13829.3,5903.9,7925.4,8952.3,3151.6,2124.7,1026.9,63.2,58.8,67.8,18094.6,8508.9,9585.7,67.4,62.4,72.6,26849.8,13644.2,13205.6,1113.7,480.3,633.4,6.2,5.6,6.6
2008-08,17003.3,8025.3,13855.0,5908.3,7946.6,8978.0,3148.3,2117.0,1031.3,63.3,58.7,67.9,18119.7,8516.1,9603.6,67.4,62.3,72.6,26881.7,13660.4,13221.3,1116.4,490.7,625.7,6.2,5.8,6.5
2008-09,17025.4,8020.1,13784.7,5874.3,7910.4,9005.3,3240.8,2145.8,1094.9,63.2,58.6,68.0,18176.3,8507.0,9669.3,67.5,62.2,73.0,26918.4,13679.3,13239.1,1150.9,486.9,664.0,6.3,5.7,6.9
2008-10,17070.5,8058.8,13822.7,5903.2,7919.6,9011.7,3247.8,2155.7,1092.1,63.3,58.8,68.0,18241.6,8557.1,9684.5,67.7,62.5,73.1,26948.5,13694.4,13254.1,1171.1,498.3,672.8,6.4,5.8,6.9
2008-11,16982.7,8028.3,13789.8,5891.9,7897.9,8954.4,3192.9,2136.4,1056.5,63.0,58.6,67.5,18201.9,8539.8,9662.1,67.5,62.3,72.8,26976.8,13708.7,13268.1,1219.2,511.6,707.6,6.7,6.0,7.3
2008-12,16972.3,8044.0,13756.9,5873.3,7883.5,8928.3,3215.4,2170.7,1044.7,62.9,58.6,67.2,18250.7,8597.2,9653.5,67.6,62.7,72.7,27003.2,13722.0,13281.2,1278.4,553.2,725.2,7.0,6.4,7.5
2009-01,16824.7,7998.4,13636.2,5859.3,7776.9,8826.3,3188.5,2139.1,1049.4,62.2,58.2,66.4,18196.4,8555.2,9641.2,67.3,62.3,72.5,27030.7,13736.1,13294.6,1371.7,556.7,814.9,7.5,6.5,8.5
2009-02,16782.4,8019.5,13547.0,5862.0,7685.1,8762.9,3235.3,2157.5,1077.8,62.0,58.3,65.8,18261.4,8599.2,9662.2,67.5,62.5,72.6,27061.0,13751.2,13309.8,1479.0,579.7,899.3,8.1,6.7,9.3
2009-03,16756.4,8013.0,13498.7,5844.9,7653.9,8743.4,3257.6,2168.1,1089.5,61.9,58.2,65.6,18284.4,8614.2,9670.2,67.5,62.6,72.6,27090.1,13765.8,13324.3,1528.0,601.2,926.9,8.4,7.0,9.6
2009-04,16730.8,8023.2,13466.9,5836.7,7630.2,8707.6,3263.9,2186.5,1077.4,61.7,58.2,65.3,18269.0,8624.2,9644.7,67.4,62.6,72.3,27120.6,13781.4,13339.1,1538.2,601.0,937.1,8.4,7.0,9.7
2009-05,16740.7,8017.6,13450.5,5827.1,7623.5,8723.1,3290.2,2190.6,1099.6,61.7,58.1,65.3,18327.2,8645.2,9682.1,67.5,62.7,72.5,27152.3,13797.4,13355.0,1586.5,627.5,959.0,8.7,7.3,9.9
2009-06,16712.7,7998.0,13396.5,5763.3,7633.3,8714.7,3316.1,2234.7,1081.4,61.5,57.9,65.2,18325.4,8639.7,9685.7,67.4,62.5,72.4,27193.6,13818.2,13375.3,1612.7,641.8,971.0,8.8,7.4,10.0
2009-07,16702.8,7971.7,13443.4,5778.9,7664.5,8731.1,3259.5,2192.9,1066.6,61.3,57.6,65.2,18309.0,8615.0,9693.9,67.2,62.3,72.4,27226.9,13834.8,13392.1,1606.2,643.3,962.9,8.8,7.5,9.9
2009-08,16702.7,7988.0,13398.2,5763.1,7635.1,8714.8,3304.6,2224.9,1079.7,61.3,57.7,65.0,18302.9,8626.1,9676.8,67.1,62.3,72.2,27259.5,13851.4,13408.0,1600.2,638.2,962.0,8.7,7.4,9.9
2009-09,16743.8,8031.8,13472.2,5830.9,7641.3,8712.0,3271.6,2200.9,1070.7,61.3,57.9,64.9,18302.6,8644.6,9658.0,67.0,62.3,71.9,27297.2,13870.9,13426.3,1558.8,612.9,946.0,8.5,7.1,9.8
2009-10,16753.3,7996.2,13527.3,5839.0,7688.3,8757.1,3225.9,2157.1,1068.8,61.3,57.6,65.2,18324.2,8629.3,9694.9,67.1,62.1,72.1,27326.6,13885.8,13440.7,1570.9,633.1,937.8,8.6,7.3,9.7
2009-11,16824.7,8048.9,13571.2,5884.7,7686.5,8775.8,3253.5,2164.2,1089.3,61.5,57.9,65.2,18403.6,8693.8,9709.7,67.3,62.5,72.2,27353.1,13899.3,13453.7,1578.9,644.9,934.0,8.6,7.4,9.6
2009-12,16797.4,8041.9,13541.5,5875.6,7665.9,8755.5,3255.9,2166.3,1089.6,61.4,57.8,65.0,18374.6,8676.6,9698.1,67.1,62.4,72.0,27377.1,13911.6,13465.5,1577.2,634.6,942.6,8.6,7.3,9.7
2010-01,16825.0,8065.0,13576.0,5873.9,7702.1,8759.9,3248.9,2191.1,1057.8,61.4,57.9,65.0,18361.4,8698.2,9663.2,67.0,62.5,71.7,27403.5,13925.2,13478.3,1536.4,633.2,903.2,8.4,7.3,9.3
2010-02,16818.0,8060.0,13600.1,5901.3,7698.8,8758.0,3217.9,2158.7,1059.1,61.3,57.8,64.9,18356.7,8695.0,9661.7,66.9,62.4,71.6,27432.0,13939.7,13492.3,1538.7,635.0,903.7,8.4,7.3,9.4
2010-03,16861.7,8068.3,13606.2,5872.5,7733.7,8793.4,3255.5,2195.7,1059.8,61.4,57.8,65.1,18393.4,8700.6,9692.8,67.0,62.4,71.8,27460.8,13954.4,13506.4,1531.7,632.4,899.3,8.3,7.3,9.3
2010-04,16928.5,8083.4,13599.9,5847.6,7752.3,8845.1,3328.6,2235.8,1092.8,61.6,57.9,65.4,18441.5,8723.8,9717.7,67.1,62.4,71.9,27491.0,13969.8,13521.2,1513.0,640.4,872.6,8.2,7.3,9.0
2010-05,16946.8,8100.6,13662.6,5891.0,7771.6,8846.2,3284.2,2209.6,1074.6,61.6,57.9,65.4,18454.1,8722.5,9731.6,67.1,62.4,71.9,27522.5,13986.0,13536.5,1507.3,621.9,885.4,8.2,7.1,9.1
2010-06,17024.6,8129.3,13701.1,5897.1,7804.0,8895.3,3323.5,2232.2,1091.4,61.8,58.0,65.6,18510.9,8762.3,9748.6,67.2,62.6,71.9,27563.6,14007.0,13556.6,1486.3,633.0,853.3,8.0,7.2,8.8
2010-07,17036.5,8125.9,13596.8,5847.6,7749.2,8910.6,3439.7,2278.3,1161.4,61.7,57.9,65.6,18551.2,8765.9,9785.3,67.2,62.5,72.1,27597.8,14024.4,13573.4,1514.7,640.0,874.7,8.2,7.3,8.9
2010-08,17062.1,8126.0,13668.8,5873.5,7795.3,8936.1,3393.3,2252.6,1140.8,61.7,57.9,65.7,18590.5,8785.0,9805.6,67.3,62.6,72.1,27635.9,14044.0,13591.9,1528.5,659.0,869.5,8.2,7.5,8.9
2010-09,17058.4,8110.0,13684.4,5860.1,7824.3,8948.4,3374.1,2249.9,1124.2,61.7,57.7,65.8,18579.0,8779.0,9799.9,67.2,62.4,72.0,27664.2,14058.6,13605.6,1520.6,669.1,851.5,8.2,7.6,8.7
2010-10,17044.3,8118.0,13696.3,5878.7,7817.6,8926.4,3348.0,2239.3,1108.7,61.6,57.7,65.5,18541.7,8789.5,9752.3,67.0,62.5,71.6,27690.7,14072.1,13618.5,1497.4,671.5,825.9,8.1,7.6,8.5
2010-11,17089.4,8125.9,13723.6,5858.4,7865.1,8963.5,3365.9,2267.5,1098.4,61.7,57.7,65.8,18545.9,8760.6,9785.3,66.9,62.2,71.8,27714.9,14084.5,13630.4,1456.5,634.7,821.8,7.9,7.2,8.4
2010-12,17117.4,8134.2,13779.1,5915.7,7863.5,8983.1,3338.2,2218.5,1119.7,61.7,57.7,65.9,18571.7,8769.0,9802.7,67.0,62.2,71.9,27737.1,14096.0,13641.1,1454.4,634.8,819.6,7.8,7.2,8.4
2011-01,17187.2,8178.7,13796.4,5925.0,7871.5,9008.5,3390.8,2253.7,1137.1,61.9,58.0,66.0,18646.5,8822.9,9823.6,67.2,62.5,72.0,27758.7,14107.2,13651.4,1459.2,644.2,815.0,7.8,7.3,8.3
2011-02,17174.8,8175.3,13774.4,5910.4,7864.0,8999.5,3400.4,2264.9,1135.5,61.8,57.9,65.9,18633.5,8815.4,9818.1,67.1,62.4,71.9,27781.2,14119.2,13662.0,1458.7,640.1,818.6,7.8,7.3,8.3
2011-03,17173.7,8144.5,13845.0,5937.7,7907.3,9029.1,3328.7,2206.9,1121.8,61.8,57.6,66.0,18633.9,8780.1,9853.8,67.0,62.1,72.1,27804.5,14131.4,13673.2,1460.2,635.6,824.7,7.8,7.2,8.4
2011-04,17222.1,8174.2,13896.7,5988.0,7908.7,9047.9,3325.4,2186.3,1139.2,61.9,57.8,66.1,18675.6,8816.4,9859.2,67.1,62.3,72.0,27829.6,14144.3,13685.2,1453.5,642.2,811.3,7.8,7.3,8.2
2011-05,17187.4,8158.9,13835.1,5954.7,7880.4,9028.6,3352.4,2204.2,1148.2,61.7,57.6,65.9,18625.0,8789.7,9835.3,66.8,62.1,71.8,27861.0,14160.4,13700.6,1437.6,630.8,806.8,7.7,7.2,8.2
2011-06,17218.8,8162.5,13836.3,5928.7,7907.6,9056.3,3382.5,2233.8,1148.7,61.7,57.6,66.0,18654.8,8793.7,9861.1,66.9,62.0,71.9,27885.9,14172.8,13713.1,1435.9,631.2,804.8,7.7,7.2,8.2
2011-07,17256.4,8177.1,13911.9,5972.8,7939.2,9079.3,3344.4,2204.3,1140.1,61.8,57.6,66.1,18642.9,8788.0,9854.9,66.8,61.9,71.8,27913.7,14186.3,13727.5,1386.6,611.0,775.6,7.4,7.0,7.9
2011-08,17269.4,8176.7,13934.0,5960.8,7973.2,9092.7,3335.4,2215.9,1119.4,61.8,57.6,66.1,18654.2,8797.8,9856.4,66.7,61.9,71.7,27948.7,14203.0,13745.8,1384.8,621.1,763.7,7.4,7.1,7.7
2011-09,17272.0,8163.8,13941.3,5959.8,7981.5,9108.1,3330.7,2204.1,1126.6,61.7,57.4,66.2,18665.5,8789.5,9876.0,66.7,61.8,71.8,27975.4,14215.7,13759.7,1393.6,625.7,767.9,7.5,7.1,7.8
2011-10,17258.0,8154.8,13923.3,5946.7,7976.6,9103.2,3334.7,2208.1,1126.6,61.6,57.3,66.1,18665.0,8793.7,9871.4,66.7,61.8,71.7,28000.7,14227.4,13773.3,1407.0,638.8,768.2,7.5,7.3,7.8
2011-11,17241.4,8157.4,13912.5,5936.7,7975.8,9084.0,3328.8,2220.7,1108.2,61.5,57.3,65.9,18669.1,8808.1,9861.0,66.6,61.9,71.5,28025.4,14238.9,13786.4,1427.7,650.8,776.9,7.6,7.4,7.9
2011-12,17258.2,8185.5,13954.2,5973.5,7980.8,9072.7,3304.0,2212.1,1091.9,61.5,57.4,65.7,18660.4,8795.0,9865.4,66.5,61.7,71.5,28049.2,14250.0,13799.2,1402.2,609.5,792.6,7.5,6.9,8.0
2012-01,17270.1,8194.2,13941.8,5969.8,7972.0,9075.9,3328.3,2224.4,1104.0,61.5,57.5,65.7,18708.8,8835.2,9873.6,66.6,62.0,71.5,28074.2,14261.4,13812.8,1438.7,641.0,797.7,7.7,7.3,8.1
2012-02,17245.0,8184.0,13924.5,5968.6,7955.9,9061.0,3320.6,2215.4,1105.2,61.4,57.3,65.5,18665.5,8819.2,9846.2,66.4,61.8,71.2,28098.9,14272.8,13826.2,1420.5,635.3,785.2,7.6,7.2,8.0
2012-03,17338.6,8223.8,14011.3,5990.6,8020.7,9114.9,3327.4,2233.2,1094.1,61.7,57.6,65.9,18715.5,8839.0,9876.6,66.5,61.9,71.4,28124.0,14284.4,13839.6,1376.9,615.2,761.7,7.4,7.0,7.7
2012-04,17416.2,8254.3,14043.9,5994.6,8049.4,9162.0,3372.3,2259.7,1112.6,61.9,57.7,66.1,18814.6,8885.4,9929.2,66.8,62.1,71.7,28157.4,14300.0,13857.4,1398.4,631.2,767.2,7.4,7.1,7.7
2012-05,17412.2,8235.8,14057.6,6004.7,8052.8,9176.4,3354.6,2231.0,1123.5,61.8,57.5,66.2,18834.9,8873.7,9961.2,66.8,62.0,71.8,28185.1,14313.1,13872.0,1422.7,637.9,784.9,7.6,7.2,7.9
2012-06,17414.7,8240.6,14085.5,6024.3,8061.2,9174.1,3329.2,2216.3,1112.9,61.7,57.5,66.1,18799.0,8856.3,9942.7,66.6,61.8,71.6,28215.5,14327.4,13888.0,1384.3,615.7,768.6,7.4,7.0,7.7
2012-07,17439.8,8266.8,14130.0,6065.3,8064.7,9173.1,3309.8,2201.4,1108.4,61.7,57.6,66.0,18818.9,8872.7,9946.2,66.6,61.9,71.5,28252.5,14345.2,13907.3,1379.1,605.9,773.1,7.3,6.8,7.8
2012-08,17486.0,8293.7,14168.5,6075.4,8093.1,9192.3,3317.5,2218.3,1099.2,61.8,57.8,66.0,18884.1,8907.9,9976.3,66.8,62.0,71.7,28277.5,14356.9,13920.5,1398.1,614.2,784.0,7.4,6.9,7.9
2012-09,17534.5,8326.2,14220.7,6126.6,8094.1,9208.3,3313.8,2199.6,1114.2,62.0,57.9,66.1,18929.0,8937.4,9991.5,66.9,62.2,71.7,28301.6,14368.4,13933.3,1394.5,611.2,783.2,7.4,6.8,7.8
2012-10,17543.2,8343.4,14247.4,6155.2,8092.1,9199.8,3295.9,2188.2,1107.7,61.9,58.0,66.0,18942.8,8952.1,9990.7,66.9,62.3,71.6,28327.0,14380.4,13946.6,1399.6,608.7,790.9,7.4,6.8,7.9
2012-11,17563.8,8365.2,14257.3,6161.7,8095.6,9198.6,3306.5,2203.6,1103.0,62.0,58.1,65.9,18967.0,8985.4,9981.6,66.9,62.4,71.5,28351.5,14392.0,13959.5,1403.2,620.1,783.0,7.4,6.9,7.8
2012-12,17609.5,8368.1,14271.6,6135.7,8135.9,9241.4,3338.0,2232.5,1105.5,62.1,58.1,66.1,18989.6,8992.2,9997.4,66.9,62.4,71.6,28373.9,14402.4,13971.5,1380.1,624.0,756.0,7.3,6.9,7.6
2013-01,17600.7,8365.3,14220.6,6107.5,8113.2,9235.3,3380.0,2257.9,1122.2,62.0,58.0,66.0,18955.7,8973.1,9982.6,66.7,62.3,71.4,28398.7,14413.6,13985.1,1355.0,607.8,747.3,7.1,6.8,7.5
2013-02,17676.1,8384.0,14276.9,6122.7,8154.2,9292.1,3399.2,2261.3,1137.9,62.2,58.1,66.4,19019.7,9005.3,10014.4,66.9,62.4,71.6,28415.9,14421.5,13994.4,1343.5,621.3,722.3,7.1,6.9,7.2
2013-03,17610.4,8358.1,14229.6,6110.8,8118.8,9252.3,3380.8,2247.3,1133.4,61.9,57.9,66.1,18991.6,8992.2,9999.4,66.8,62.3,71.4,28440.3,14433.0,14007.3,1381.2,634.1,747.1,7.3,7.1,7.5
2013-04,17641.3,8368.4,14280.0,6148.0,8132.0,9272.9,3361.4,2220.5,1140.9,62.0,57.9,66.1,19011.2,8978.0,10033.2,66.8,62.1,71.5,28473.4,14448.6,14024.8,1369.9,609.6,760.3,7.2,6.8,7.6
2013-05,17692.5,8381.3,14333.3,6149.8,8183.5,9311.2,3359.2,2231.5,1127.7,62.1,58.0,66.3,19036.0,8970.6,10065.4,66.8,62.0,71.7,28501.2,14461.8,14039.5,1343.5,589.3,754.3,7.1,6.6,7.5
2013-06,17682.1,8387.5,14270.2,6124.4,8145.9,9294.6,3411.9,2263.1,1148.7,62.0,57.9,66.1,19044.9,8987.6,10057.3,66.8,62.1,71.6,28530.4,14475.6,14054.7,1362.9,600.2,762.7,7.2,6.7,7.6
2013-07,17650.1,8370.1,14271.8,6138.2,8133.6,9280.0,3378.3,2231.9,1146.4,61.8,57.8,65.9,19044.4,8990.6,10053.8,66.7,62.0,71.4,28564.6,14492.1,14072.5,1394.3,620.5,773.8,7.3,6.9,7.7
2013-08,17677.9,8401.0,14263.9,6154.3,8109.6,9276.8,3413.9,2246.7,1167.2,61.8,57.9,65.9,19060.2,9002.2,10057.9,66.7,62.1,71.4,28588.4,14503.5,14084.9,1382.3,601.2,781.1,7.3,6.7,7.8
2013-09,17659.6,8374.0,14264.0,6140.8,8123.1,9285.6,3395.6,2233.1,1162.5,61.7,57.7,65.9,19018.2,8977.8,10040.3,66.5,61.8,71.2,28617.0,14517.3,14099.7,1358.6,603.9,754.7,7.1,6.7,7.5
2013-10,17664.4,8374.0,14281.8,6149.4,8132.4,9290.5,3382.6,2224.6,1158.0,61.7,57.6,65.8,19048.0,8978.0,10070.1,66.5,61.8,71.4,28639.6,14527.8,14111.8,1383.6,604.0,779.6,7.3,6.7,7.7
2013-11,17691.3,8385.4,14288.3,6150.3,8138.0,9305.9,3403.0,2235.1,1167.9,61.7,57.7,65.9,19049.8,8968.7,10081.0,66.5,61.7,71.4,28660.5,14537.8,14122.7,1358.4,583.3,775.1,7.1,6.5,7.7
2013-12,17668.9,8384.1,14253.2,6132.9,8120.3,9284.8,3415.7,2251.2,1164.5,61.6,57.6,65.7,19076.7,8989.4,10087.3,66.5,61.8,71.4,28679.9,14546.8,14133.1,1407.8,605.3,802.6,7.4,6.7,8.0
2014-01,17666.4,8369.4,14265.5,6124.2,8141.3,9297.1,3400.9,2245.2,1155.8,61.6,57.5,65.7,19051.0,8975.8,10075.3,66.4,61.7,71.2,28699.1,14555.6,14143.5,1384.6,606.4,778.2,7.3,6.8,7.7
2014-02,17662.7,8368.5,14286.7,6139.0,8147.7,9294.2,3376.0,2229.5,1146.4,61.5,57.5,65.7,19047.5,8973.1,10074.4,66.3,61.6,71.2,28716.5,14563.8,14152.7,1384.8,604.6,780.2,7.3,6.7,7.7
2014-03,17699.4,8382.4,14263.5,6126.4,8137.1,9317.0,3435.9,2256.0,1179.9,61.6,57.5,65.8,19051.2,8975.1,10076.1,66.3,61.6,71.1,28740.8,14575.3,14165.4,1351.8,592.7,759.1,7.1,6.6,7.5
2014-04,17691.2,8386.1,14249.2,6119.3,8129.9,9305.2,3442.1,2266.8,1175.3,61.5,57.5,65.6,19050.3,8984.9,10065.4,66.2,61.6,71.0,28771.7,14590.2,14181.5,1359.0,598.8,760.2,7.1,6.7,7.6
2014-05,17687.7,8396.6,14223.8,6096.3,8127.5,9291.1,3463.9,2300.3,1163.6,61.4,57.5,65.5,19079.8,9014.7,10065.1,66.3,61.7,70.9,28798.2,14602.7,14195.5,1392.1,618.1,774.0,7.3,6.9,7.7
2014-06,17720.5,8413.1,14296.9,6110.6,8186.3,9307.4,3423.6,2302.5,1121.1,61.5,57.5,65.5,19098.6,9017.0,10081.5,66.2,61.7,70.9,28832.0,14618.9,14213.1,1378.1,604.0,774.1,7.2,6.7,7.7
2014-07,17771.9,8440.2,14280.8,6130.3,8150.5,9331.7,3491.1,2309.8,1181.3,61.6,57.7,65.6,19130.6,9030.4,10100.2,66.3,61.7,71.0,28857.3,14631.4,14226.0,1358.7,590.2,768.5,7.1,6.5,7.6
2014-08,17723.7,8390.0,14250.5,6100.4,8150.0,9333.7,3473.2,2289.6,1183.7,61.4,57.3,65.6,19059.8,8972.8,10087.1,66.0,61.3,70.9,28877.3,14641.4,14236.0,1336.1,582.8,753.3,7.0,6.5,7.5
2014-09,17756.0,8411.2,14320.4,6129.7,8190.7,9344.8,3435.6,2281.5,1154.1,61.4,57.4,65.6,19097.3,8982.4,10114.9,66.1,61.3,71.0,28898.8,14651.7,14247.0,1341.4,571.2,770.1,7.0,6.4,7.6
2014-10,17782.2,8406.8,14330.3,6134.6,8195.7,9375.4,3451.8,2272.2,1179.6,61.5,57.3,65.8,19083.5,8974.3,10109.2,66.0,61.2,70.9,28913.9,14659.0,14254.9,1301.4,567.5,733.8,6.8,6.3,7.3
2014-11,17784.5,8410.7,14302.1,6120.1,8182.0,9373.7,3482.4,2290.6,1191.8,61.5,57.3,65.7,19084.7,8988.5,10096.2,66.0,61.3,70.8,28929.6,14666.7,14263.0,1300.2,577.8,722.5,6.8,6.4,7.2
2014-12,17821.7,8397.2,14388.2,6170.8,8217.4,9424.4,3433.5,2226.5,1207.0,61.6,57.2,66.0,19094.2,8963.5,10130.6,66.0,61.1,71.0,28944.1,14673.5,14270.7,1272.5,566.3,706.2,6.7,6.3,7.0
2015-01,17813.1,8419.8,14395.8,6207.4,8188.4,9393.3,3417.3,2212.4,1204.9,61.5,57.4,65.8,19106.3,8984.9,10121.4,66.0,61.2,70.9,28954.2,14678.3,14275.9,1293.2,565.0,728.1,6.8,6.3,7.2
2015-02,17827.2,8443.1,14412.9,6204.7,8208.1,9384.1,3414.3,2238.4,1175.9,61.5,57.5,65.7,19148.1,9008.8,10139.3,66.1,61.4,71.0,28965.9,14683.6,14282.3,1320.8,565.7,755.2,6.9,6.3,7.4
2015-03,17854.1,8458.7,14431.1,6212.9,8218.2,9395.4,3423.0,2245.8,1177.2,61.6,57.6,65.7,19183.9,9039.1,10144.8,66.2,61.5,71.0,28981.9,14691.5,14290.4,1329.8,580.5,749.3,6.9,6.4,7.4
2015-04,17819.4,8442.8,14424.4,6190.7,8233.7,9376.6,3395.0,2252.1,1142.9,61.4,57.4,65.6,19156.6,9018.8,10137.8,66.1,61.4,70.9,29000.4,14700.5,14299.9,1337.2,576.0,761.2,7.0,6.4,7.5
2015-05,17843.7,8445.8,14442.9,6196.4,8246.5,9397.9,3400.8,2249.4,1151.3,61.5,57.4,65.7,19168.4,9010.4,10158.1,66.1,61.3,71.0,29020.2,14710.2,14310.1,1324.7,564.5,760.2,6.9,6.3,7.5
2015-06,17836.7,8421.6,14501.6,6229.6,8272.0,9415.0,3335.1,2192.1,1143.0,61.4,57.2,65.7,19163.3,8996.7,10166.6,66.0,61.1,71.0,29048.8,14724.6,14324.2,1326.6,575.1,751.6,6.9,6.4,7.4
2015-07,17863.3,8441.8,14521.0,6241.3,8279.7,9421.5,3342.3,2200.4,1141.8,61.4,57.3,65.7,19199.2,9009.9,10189.4,66.0,61.1,71.1,29074.3,14737.2,14337.0,1336.0,568.1,767.8,7.0,6.3,7.5
2015-08,17889.0,8456.5,14538.8,6259.1,8279.7,9432.5,3350.2,2197.4,1152.8,61.5,57.3,65.7,19247.3,9031.3,10216.0,66.1,61.2,71.2,29099.5,14749.6,14349.9,1358.3,574.8,783.6,7.1,6.4,7.7
2015-09,17890.2,8461.7,14486.8,6227.5,8259.3,9428.5,3403.4,2234.1,1169.2,61.4,57.3,65.6,19258.6,9048.1,10210.5,66.1,61.3,71.1,29129.5,14764.3,14365.2,1368.4,586.4,782.0,7.1,6.5,7.7
2015-10,17899.1,8463.2,14513.4,6245.4,8268.0,9435.8,3385.7,2217.9,1167.8,61.4,57.3,65.6,19250.6,9043.9,10206.6,66.0,61.2,71.0,29152.4,14775.5,14376.9,1351.5,580.7,770.8,7.0,6.4,7.6
2015-11,17872.6,8471.9,14539.0,6293.4,8245.6,9400.7,3333.6,2178.5,1155.2,61.3,57.3,65.3,19246.8,9055.0,10191.8,66.0,61.2,70.8,29173.1,14785.4,14387.7,1374.2,583.1,791.1,7.1,6.4,7.8
2015-12,17867.4,8480.3,14482.7,6244.1,8238.6,9387.1,3384.7,2236.2,1148.5,61.2,57.3,65.2,19264.8,9064.8,10200.0,66.0,61.3,70.8,29193.6,14795.5,14398.0,1397.4,584.5,812.9,7.3,6.4,8.0
2016-01,17871.6,8486.0,14481.6,6268.3,8213.4,9385.6,3390.0,2217.7,1172.2,61.2,57.3,65.1,19267.7,9072.5,10195.1,65.9,61.3,70.7,29218.7,14807.5,14411.2,1396.1,586.6,809.5,7.2,6.5,7.9
2016-02,17889.0,8486.1,14466.9,6240.5,8226.4,9402.9,3422.2,2245.6,1176.6,61.2,57.3,65.2,19297.1,9073.2,10223.9,66.0,61.2,70.9,29249.3,14822.7,14426.6,1408.1,587.1,821.0,7.3,6.5,8.0
2016-03,17892.8,8511.2,14487.5,6268.5,8219.0,9381.6,3405.3,2242.7,1162.5,61.1,57.4,65.0,19290.0,9093.5,10196.4,65.9,61.3,70.6,29274.3,14835.0,14439.3,1397.2,582.3,814.9,7.2,6.4,8.0
2016-04,17919.7,8525.7,14464.8,6256.2,8208.6,9394.0,3454.9,2269.5,1185.4,61.2,57.4,65.0,19333.5,9119.3,10214.2,66.0,61.4,70.7,29298.9,14847.1,14451.8,1413.8,593.6,820.2,7.3,6.5,8.0
2016-05,17947.4,8519.0,14519.6,6294.8,8224.8,9428.3,3427.8,2224.2,1203.6,61.2,57.3,65.2,19309.5,9100.4,10209.1,65.8,61.2,70.6,29333.5,14864.0,14469.5,1362.1,581.4,780.7,7.1,6.4,7.6
2016-06,17954.5,8534.3,14499.4,6298.6,8200.8,9420.3,3455.1,2235.7,1219.4,61.1,57.4,65.0,19299.6,9101.5,10198.1,65.7,61.2,70.4,29366.1,14880.5,14485.7,1345.1,567.2,777.8,7.0,6.2,7.6
2016-07,17943.2,8511.5,14472.3,6260.2,8212.2,9431.7,3470.9,2251.3,1219.5,61.0,57.1,65.0,19290.0,9085.3,10204.6,65.6,61.0,70.4,29400.7,14896.9,14503.8,1346.8,573.8,773.0,7.0,6.3,7.6
2016-08,17994.2,8537.1,14530.7,6304.4,8226.3,9457.1,3463.5,2232.6,1230.9,61.1,57.2,65.1,19329.1,9096.7,10232.3,65.7,61.0,70.5,29436.7,14915.7,14521.1,1334.9,559.7,775.2,6.9,6.2,7.6
2016-09,18032.5,8556.1,14525.6,6305.2,8220.5,9476.4,3506.9,2251.0,1255.9,61.2,57.3,65.2,19385.3,9128.8,10256.5,65.8,61.1,70.6,29465.7,14929.9,14535.8,1352.7,572.6,780.1,7.0,6.3,7.6
2016-10,18051.2,8572.1,14490.3,6267.4,8222.9,9479.2,3561.0,2304.7,1256.2,61.2,57.4,65.2,19392.2,9141.5,10250.7,65.8,61.2,70.5,29492.9,14943.3,14549.7,1341.0,569.4,771.6,6.9,6.2,7.5
2016-11,18076.0,8573.4,14511.1,6265.6,8245.5,9502.6,3564.9,2307.8,1257.1,61.2,57.3,65.3,19402.5,9131.1,10271.4,65.7,61.1,70.5,29518.3,14955.6,14562.7,1326.5,557.7,768.7,6.8,6.1,7.5
2016-12,18104.0,8578.2,14558.2,6291.2,8267.0,9525.8,3545.8,2287.0,1258.8,61.3,57.3,65.4,19453.1,9164.6,10288.4,65.8,61.2,70.6,29542.6,14967.5,14575.0,1349.1,586.4,762.6,6.9,6.4,7.4
2017-01,18172.5,8629.2,14581.5,6296.4,8285.1,9543.3,3591.0,2332.8,1258.3,61.4,57.6,65.4,19511.5,9201.2,10310.3,66.0,61.4,70.7,29575.4,14983.7,14591.7,1339.1,572.1,767.0,6.9,6.2,7.4
2017-02,18216.6,8635.6,14669.4,6376.6,8292.8,9580.9,3547.2,2259.0,1288.2,61.5,57.6,65.6,19512.4,9193.7,10318.7,65.9,61.3,70.7,29601.2,14996.5,14604.7,1295.8,558.1,737.8,6.6,6.1,7.2
2017-03,18241.5,8646.5,14677.2,6386.0,8291.1,9595.0,3564.3,2260.5,1303.8,61.6,57.6,65.6,19549.1,9202.6,10346.6,66.0,61.3,70.8,29632.8,15012.1,14620.6,1307.7,556.1,751.6,6.7,6.0,7.3
2017-04,18271.6,8648.9,14711.4,6392.8,8318.6,9622.7,3560.3,2256.2,1304.1,61.6,57.6,65.7,19544.7,9194.8,10349.9,65.9,61.2,70.7,29664.6,15027.9,14636.7,1273.0,545.9,727.2,6.5,5.9,7.0
2017-05,18312.9,8685.0,14765.6,6421.4,8344.2,9627.9,3547.3,2263.6,1283.7,61.6,57.7,65.7,19615.7,9237.7,10378.0,66.0,61.4,70.8,29705.0,15047.9,14657.1,1302.8,552.7,750.1,6.6,6.0,7.2
2017-06,18371.4,8722.8,14805.8,6428.0,8377.8,9648.6,3565.6,2294.8,1270.8,61.8,57.9,65.8,19647.3,9281.4,10365.9,66.1,61.6,70.6,29739.5,15065.1,14674.4,1275.9,558.6,717.2,6.5,6.0,6.9
2017-07,18416.9,8738.1,14878.6,6463.2,8415.4,9678.9,3538.3,2274.9,1263.4,61.9,57.9,65.9,19653.7,9288.5,10365.1,66.0,61.6,70.5,29776.2,15083.0,14693.3,1236.7,550.5,686.2,6.3,5.9,6.6
2017-08,18436.4,8725.5,14802.6,6351.0,8451.6,9710.9,3633.8,2374.5,1259.3,61.8,57.8,66.0,19661.7,9273.7,10388.1,65.9,61.4,70.6,29821.4,15104.6,14716.7,1225.3,548.1,677.2,6.2,5.9,6.5
2017-09,18442.5,8745.5,14920.4,6442.9,8477.5,9697.0,3522.1,2302.7,1219.4,61.8,57.8,65.8,19668.0,9277.1,10390.9,65.9,61.4,70.5,29855.7,15120.8,14734.8,1225.5,531.5,693.9,6.2,5.7,6.7
2017-10,18475.1,8743.4,14940.2,6442.1,8498.1,9731.7,3534.9,2301.3,1233.6,61.8,57.8,66.0,19721.9,9297.8,10424.1,66.0,61.4,70.7,29889.3,15136.7,14752.5,1246.8,554.3,692.4,6.3,6.0,6.6
2017-11,18550.5,8775.4,14991.0,6471.6,8519.4,9775.1,3559.6,2303.9,1255.7,62.0,57.9,66.2,19766.2,9318.4,10447.9,66.1,61.5,70.7,29921.7,15152.1,14769.6,1215.7,543.0,672.8,6.2,5.8,6.4
2017-12,18619.7,8806.0,15007.8,6481.0,8526.8,9813.7,3611.9,2325.0,1287.0,62.2,58.1,66.4,19818.0,9336.0,10482.0,66.2,61.6,70.9,29953.3,15167.1,14786.2,1198.3,530.0,668.3,6.0,5.7,6.4
2018-01,18576.8,8777.1,15067.7,6509.8,8558.0,9799.8,3509.1,2267.3,1241.8,61.9,57.8,66.2,19745.7,9297.2,10448.6,65.8,61.2,70.6,29996.8,15187.6,14809.3,1168.9,520.1,648.8,5.9,5.6,6.2
2018-02,18570.3,8778.7,15032.6,6484.6,8548.0,9791.6,3537.7,2294.1,1243.6,61.8,57.7,66.0,19758.5,9305.8,10452.7,65.8,61.2,70.5,30027.7,15202.2,14825.5,1188.3,527.1,661.2,6.0,5.7,6.3
2018-03,18630.1,8801.4,15118.7,6527.8,8591.0,9828.7,3511.4,2273.6,1237.8,62.0,57.8,66.2,19785.1,9310.4,10474.7,65.8,61.2,70.6,30065.1,15220.2,14844.9,1155.0,509.1,645.9,5.8,5.5,6.2
2018-04,18613.0,8801.5,15161.9,6544.0,8617.9,9811.4,3451.1,2257.5,1193.6,61.8,57.7,66.0,19757.1,9301.8,10455.3,65.6,61.0,70.3,30112.8,15243.1,14869.7,1144.1,500.3,643.9,5.8,5.4,6.2
2018-05,18621.7,8807.4,15115.3,6528.2,8587.1,9814.3,3506.4,2279.2,1227.2,61.8,57.7,65.9,19781.9,9333.0,10448.9,65.6,61.2,70.2,30152.1,15261.8,14890.3,1160.2,525.6,634.6,5.9,5.6,6.1
2018-06,18677.6,8825.3,15142.6,6535.6,8607.0,9852.3,3535.0,2289.7,1245.3,61.9,57.8,66.1,19861.2,9360.3,10500.9,65.8,61.3,70.4,30193.1,15281.3,14911.8,1183.6,535.0,648.6,6.0,5.7,6.2
2018-07,18763.9,8907.7,15191.0,6569.0,8622.0,9856.2,3573.0,2338.7,1234.2,62.0,58.2,66.0,19936.4,9423.8,10512.5,65.9,61.6,70.4,30241.0,15304.6,14936.4,1172.4,516.1,656.3,5.9,5.5,6.2
2018-08,18704.7,8894.4,15199.2,6604.4,8594.7,9810.2,3505.5,2290.0,1215.5,61.8,58.1,65.6,19900.9,9433.2,10467.8,65.7,61.6,70.0,30273.2,15320.6,14952.6,1196.2,538.7,657.5,6.0,5.7,6.3
2018-09,18797.5,8913.7,15197.5,6579.6,8617.9,9883.8,3600.0,2334.1,1265.9,62.0,58.1,66.0,19948.1,9441.8,10506.3,65.8,61.6,70.2,30305.2,15336.4,14968.8,1150.6,528.2,622.5,5.8,5.6,5.9
2018-10,18814.9,8935.2,15254.1,6633.4,8620.6,9879.8,3560.9,2301.7,1259.2,62.0,58.2,65.9,19933.4,9436.8,10496.6,65.7,61.5,70.0,30337.3,15352.1,14985.2,1118.4,501.7,616.8,5.6,5.3,5.9
2018-11,18869.4,8946.8,15289.6,6619.7,8669.9,9922.6,3579.9,2327.1,1252.8,62.1,58.2,66.2,20006.0,9454.9,10551.1,65.9,61.5,70.3,30366.4,15366.4,15000.0,1136.5,508.1,628.4,5.7,5.4,6.0
2018-12,18892.8,8962.3,15300.3,6617.9,8682.4,9930.5,3592.4,2344.4,1248.0,62.2,58.3,66.1,20022.6,9468.5,10554.1,65.9,61.6,70.3,30393.7,15379.5,15014.2,1129.8,506.2,623.6,5.6,5.3,5.9
2019-01,18920.5,8964.2,15281.4,6617.2,8664.2,9956.3,3639.1,2347.1,1292.1,62.2,58.2,66.2,20068.3,9465.7,10602.6,66.0,61.5,70.5,30427.8,15396.1,15031.7,1147.8,501.5,646.3,5.7,5.3,6.1
2019-02,18965.7,9002.7,15339.1,6654.8,8684.3,9963.0,3626.6,2348.0,1278.7,62.3,58.4,66.2,20130.7,9498.8,10631.9,66.1,61.7,70.7,30450.9,15407.2,15043.7,1165.0,496.1,669.0,5.8,5.2,6.3
2019-03,18932.9,8963.5,15345.2,6640.5,8704.7,9969.4,3587.7,2323.1,1264.7,62.1,58.1,66.2,20109.1,9480.9,10628.3,66.0,61.5,70.6,30479.8,15421.3,15058.6,1176.2,517.3,658.9,5.8,5.5,6.2
2019-04,19053.7,9019.0,15410.3,6689.6,8720.6,10034.8,3643.5,2329.3,1314.1,62.4,58.4,66.5,20208.2,9528.3,10680.0,66.2,61.7,70.8,30519.6,15440.7,15078.9,1154.5,509.3,645.2,5.7,5.3,6.0
2019-05,19067.3,9040.9,15433.9,6719.6,8714.3,10026.4,3633.4,2321.3,1312.2,62.4,58.5,66.4,20170.4,9511.0,10659.4,66.0,61.5,70.6,30554.4,15457.8,15096.7,1103.1,470.1,632.9,5.5,4.9,5.9
2019-06,19078.6,9052.2,15462.4,6750.1,8712.3,10026.4,3616.2,2302.1,1314.0,62.4,58.5,66.3,20199.9,9528.4,10671.4,66.0,61.6,70.6,30593.1,15476.8,15116.3,1121.2,476.2,645.1,5.6,5.0,6.0
2019-07,19072.4,9027.0,15465.2,6739.9,8725.3,10045.4,3607.2,2287.1,1320.2,62.2,58.2,66.3,20234.5,9534.1,10700.4,66.0,61.5,70.7,30649.4,15504.2,15145.2,1162.0,507.1,655.0,5.7,5.3,6.1
2019-08,19133.9,9062.3,15513.8,6759.3,8754.5,10071.7,3620.1,2302.9,1317.1,62.3,58.4,66.4,20300.2,9561.0,10739.3,66.1,61.6,70.8,30694.3,15525.9,15168.4,1166.3,498.7,667.6,5.7,5.2,6.2
2019-09,19142.8,9070.9,15534.5,6771.3,8763.2,10071.9,3608.3,2299.6,1308.7,62.3,58.3,66.3,20282.2,9589.9,10692.3,66.0,61.7,70.4,30747.6,15551.9,15195.7,1139.4,519.0,620.4,5.6,5.4,5.8
2019-10,19130.9,9069.8,15503.3,6742.7,8760.6,10061.1,3627.6,2327.1,1300.5,62.1,58.2,66.1,20274.5,9582.8,10691.8,65.8,61.5,70.3,30791.8,15573.1,15218.7,1143.6,512.9,630.7,5.6,5.4,5.9
2019-11,19096.8,9053.4,15470.4,6736.7,8733.7,10043.4,3626.4,2316.7,1309.7,61.9,58.1,65.9,20293.7,9585.2,10708.6,65.8,61.5,70.3,30832.4,15592.5,15239.9,1197.0,531.8,665.1,5.9,5.5,6.2
2019-12,19186.5,9096.7,15556.6,6780.1,8776.5,10089.8,3629.9,2316.6,1313.3,62.2,58.3,66.1,20326.2,9596.7,10729.5,65.8,61.5,70.3,30868.9,15609.8,15259.1,1139.7,500.0,639.7,5.6,5.2,6.0
2020-01,19204.7,9108.1,15578.3,6773.9,8804.4,10096.6,3626.4,2334.2,1292.2,62.1,58.3,66.1,20326.2,9622.2,10704.0,65.8,61.6,70.1,30907.3,15628.1,15279.2,1121.5,514.1,607.4,5.5,5.3,5.7
2020-02,19202.9,9083.1,15607.0,6759.5,8847.6,10119.8,3595.9,2323.6,1272.2,62.1,58.1,66.1,20384.8,9606.6,10778.2,65.9,61.4,70.4,30945.1,15646.0,15299.1,1182.0,523.5,658.4,5.8,5.4,6.1
2020-03,18058.2,8384.2,15076.9,6465.3,8611.6,9673.9,2981.2,1918.9,1062.3,58.3,53.5,63.1,19725.2,9242.4,10482.8,63.7,59.0,68.4,30988.3,15666.6,15321.8,1667.0,858.1,808.9,8.5,9.3,7.7
2020-04,16085.8,7499.7,13612.9,5907.4,7705.6,8586.1,2472.9,1592.3,880.6,51.9,47.8,56.0,18631.6,8731.4,9900.2,60.1,55.7,64.6,31014.2,15678.2,15336.0,2545.7,1231.7,1314.0,13.7,14.1,13.3
2020-05,16410.7,7596.8,13870.2,5985.1,7885.1,8813.8,2540.5,1611.8,928.7,52.9,48.4,57.4,19131.2,8873.7,10257.4,61.6,56.6,66.8,31037.6,15689.0,15348.6,2720.5,1276.9,1443.6,14.2,14.4,14.1
2020-06,17469.4,8141.1,14459.3,6214.3,8245.0,9328.2,3010.1,1926.8,1083.2,56.2,51.8,60.7,19977.7,9332.3,10645.4,64.3,59.4,69.3,31070.8,15704.7,15366.1,2508.3,1191.1,1317.2,12.6,12.8,12.4
2020-07,17895.5,8400.3,14580.9,6299.9,8281.0,9495.2,3314.6,2100.4,1214.2,57.5,53.4,61.7,20094.0,9351.1,10742.9,64.6,59.5,69.8,31100.2,15718.2,15381.9,2198.4,950.8,1247.7,10.9,10.2,11.6
2020-08,18129.3,8525.2,14714.9,6346.7,8368.2,9604.1,3414.4,2178.5,1235.9,58.2,54.2,62.4,20164.1,9395.2,10768.9,64.8,59.7,69.9,31126.0,15729.8,15396.1,2034.8,870.1,1164.7,10.1,9.3,10.8
2020-09,18555.9,8760.3,15079.5,6529.0,8550.5,9795.6,3476.5,2231.3,1245.1,59.6,55.6,63.6,20418.3,9588.6,10829.6,65.5,60.9,70.3,31154.4,15742.6,15411.8,1862.3,828.3,1034.0,9.1,8.6,9.5
2020-10,18616.4,8806.0,15062.3,6559.3,8503.0,9810.4,3554.1,2246.7,1307.4,59.7,55.9,63.6,20451.5,9620.6,10830.8,65.6,61.1,70.2,31172.3,15750.6,15421.7,1835.1,814.6,1020.4,9.0,8.5,9.4
2020-11,18650.0,8830.1,15189.6,6634.0,8555.6,9820.0,3460.4,2196.1,1264.3,59.8,56.0,63.6,20406.8,9621.0,10785.8,65.4,61.1,69.9,31185.8,15756.7,15429.1,1756.7,790.9,965.8,8.6,8.2,9.0
2020-12,18591.7,8775.8,15217.5,6623.7,8593.7,9815.9,3374.2,2152.1,1222.1,59.6,55.7,63.6,20404.4,9621.0,10783.4,65.4,61.0,69.9,31193.7,15760.4,15433.3,1812.7,845.2,967.5,8.9,8.8,9.0
2021-01,18392.1,8629.1,15205.6,6602.6,8603.0,9763.1,3186.5,2026.5,1160.1,58.9,54.7,63.2,20255.6,9534.7,10720.8,64.9,60.5,69.4,31203.9,15764.7,15439.2,1863.4,905.6,957.8,9.2,9.5,8.9
2021-02,18632.0,8757.9,15298.9,6666.1,8632.8,9874.1,3333.1,2091.8,1241.3,59.7,55.5,63.9,20361.0,9595.7,10765.3,65.2,60.8,69.7,31221.9,15773.4,15448.5,1729.0,837.8,891.2,8.5,8.7,8.3
2021-03,18873.0,8883.8,15454.3,6747.5,8706.8,9989.2,3418.7,2136.3,1282.4,60.4,56.3,64.6,20449.9,9611.9,10838.0,65.5,60.9,70.1,31235.6,15780.0,15455.6,1576.9,728.1,848.8,7.7,7.6,7.8
2021-04,18673.8,8782.7,15372.5,6702.2,8670.3,9891.1,3301.3,2080.4,1220.9,59.8,55.6,64.0,20350.9,9577.2,10773.7,65.1,60.7,69.7,31248.1,15786.1,15462.0,1677.1,794.5,882.6,8.2,8.3,8.2
2021-05,18623.6,8739.5,15337.7,6670.4,8667.3,9884.1,3285.9,2069.1,1216.8,59.6,55.3,63.9,20304.8,9545.8,10759.0,65.0,60.4,69.6,31260.4,15792.0,15468.4,1681.2,806.3,874.9,8.3,8.4,8.1
2021-06,18894.4,8932.2,15384.3,6703.9,8680.4,9962.1,3510.1,2228.3,1281.8,60.4,56.5,64.3,20514.4,9657.2,10857.2,65.6,61.1,70.1,31287.5,15805.3,15482.2,1620.0,724.9,895.0,7.9,7.5,8.2
2021-07,19016.5,8991.0,15441.1,6770.9,8670.2,10025.5,3575.4,2220.1,1355.2,60.7,56.8,64.7,20540.5,9655.9,10884.6,65.6,61.0,70.2,31318.8,15821.4,15497.4,1524.0,664.9,859.1,7.4,6.9,7.9
2021-08,19081.7,9037.7,15507.5,6808.1,8699.4,10044.0,3574.2,2229.6,1344.6,60.8,57.0,64.7,20548.8,9687.7,10861.1,65.5,61.1,70.0,31359.5,15843.1,15516.4,1467.1,650.0,817.1,7.1,6.7,7.5
2021-09,19251.1,9136.7,15692.0,6932.1,8759.9,10114.4,3559.1,2204.5,1354.6,61.3,57.6,65.1,20705.6,9788.8,10916.8,66.0,61.7,70.3,31393.0,15860.8,15532.2,1454.5,652.2,802.3,7.0,6.7,7.3
2021-10,19288.1,9141.6,15728.7,6942.9,8785.8,10146.5,3559.4,2198.7,1360.7,61.4,57.6,65.2,20624.4,9750.8,10873.5,65.6,61.4,69.9,31432.6,15881.1,15551.5,1336.2,609.2,727.0,6.5,6.2,6.7
2021-11,19437.3,9229.1,15801.1,6977.1,8823.9,10208.2,3636.2,2251.9,1384.3,61.8,58.0,65.6,20699.4,9776.9,10922.5,65.8,61.5,70.1,31475.9,15903.0,15572.9,1262.2,547.9,714.3,6.1,5.6,6.5
2021-12,19508.8,9245.3,15920.8,6964.3,8956.5,10263.5,3588.0,2281.0,1307.0,61.9,58.1,65.8,20741.2,9814.3,10926.9,65.8,61.6,70.1,31518.9,15924.6,15594.2,1232.4,569.0,663.4,5.9,5.8,6.1
2022-01,19305.4,9132.7,15870.3,6926.7,8943.6,10172.6,3435.1,2206.0,1229.1,61.2,57.3,65.2,20630.7,9769.8,10860.9,65.4,61.3,69.6,31559.4,15945.4,15614.0,1325.4,637.1,688.3,6.4,6.5,6.3
2022-02,19629.0,9327.5,16030.5,7017.0,9013.4,10301.5,3598.6,2310.4,1288.1,62.1,58.4,65.9,20764.7,9832.4,10932.3,65.7,61.6,69.9,31600.5,15966.5,15634.0,1135.6,504.9,630.8,5.5,5.1,5.8
2022-03,19647.8,9313.6,16037.3,7001.1,9036.2,10334.2,3610.5,2312.5,1298.0,62.1,58.3,66.0,20762.7,9855.7,10907.0,65.6,61.6,69.7,31642.1,15987.4,15654.7,1114.9,542.1,572.8,5.4,5.5,5.3
2022-04,19709.7,9350.4,16084.2,7037.4,9046.9,10359.3,3625.4,2313.0,1312.4,62.2,58.4,66.1,20826.2,9857.7,10968.5,65.7,61.6,70.0,31683.5,16008.2,15675.3,1116.5,507.4,609.2,5.4,5.1,5.6
2022-05,19763.4,9419.8,16210.3,7136.0,9074.3,10343.6,3553.1,2283.8,1269.3,62.3,58.8,65.9,20847.5,9902.8,10944.7,65.7,61.8,69.7,31733.2,16032.9,15700.3,1084.2,483.1,601.1,5.2,4.9,5.5
2022-06,19750.8,9405.8,16212.3,7133.4,9078.9,10345.0,3538.5,2272.4,1266.2,62.1,58.6,65.8,20778.2,9875.1,10903.0,65.4,61.5,69.3,31781.7,16056.7,15725.0,1027.4,469.4,558.0,4.9,4.8,5.1
2022-07,19787.5,9405.3,16246.6,7119.3,9127.3,10382.2,3540.9,2286.0,1254.9,62.2,58.5,65.9,20794.5,9863.9,10930.7,65.3,61.3,69.4,31834.3,16082.8,15751.5,1007.1,458.6,548.5,4.8,4.6,5.0
2022-08,19781.2,9382.0,16217.1,7101.3,9115.7,10399.2,3564.1,2280.7,1283.5,62.0,58.2,65.9,20865.1,9884.3,10980.9,65.4,61.3,69.6,31894.0,16112.2,15781.9,1083.9,502.2,581.7,5.2,5.1,5.3
2022-09,19796.1,9398.7,16212.3,7096.7,9115.6,10397.4,3583.8,2302.0,1281.8,62.0,58.2,65.8,20862.7,9889.8,10972.9,65.3,61.3,69.4,31948.3,16138.6,15809.7,1066.6,491.1,575.5,5.1,5.0,5.2
2022-10,19882.8,9440.8,16269.8,7101.6,9168.2,10442.0,3613.1,2339.2,1273.8,62.1,58.4,65.9,20955.3,9955.1,11000.2,65.5,61.6,69.4,32005.2,16166.0,15839.2,1072.5,514.3,558.2,5.1,5.2,5.1
2022-11,19923.8,9466.4,16345.9,7146.2,9199.7,10457.3,3577.9,2320.2,1257.7,62.1,58.5,65.9,20982.5,9941.2,11041.3,65.5,61.4,69.6,32058.7,16191.3,15867.3,1058.7,474.8,584.0,5.0,4.8,5.3
2022-12,19998.5,9499.1,16426.8,7239.3,9187.5,10499.4,3571.7,2259.8,1311.9,62.3,58.6,66.1,21049.6,9976.4,11073.2,65.6,61.5,69.7,32111.8,16216.3,15895.6,1051.1,477.3,573.8,5.0,4.8,5.2
2023-01,20113.5,9556.4,16523.6,7284.5,9239.2,10557.1,3589.9,2272.0,1317.9,62.5,58.8,66.2,21193.4,10048.2,11145.2,65.8,61.8,69.9,32187.9,16252.6,15935.3,1079.9,491.8,588.2,5.1,4.9,5.3
2023-02,20153.3,9581.8,16560.5,7316.3,9244.2,10571.5,3592.8,2265.5,1327.3,62.5,58.8,66.2,21240.6,10084.8,11155.7,65.8,61.9,69.8,32270.6,16291.7,15978.9,1087.2,503.1,584.2,5.1,5.0,5.2
2023-03,20214.1,9601.3,16614.7,7322.1,9292.5,10612.8,3599.5,2279.2,1320.3,62.5,58.8,66.2,21284.2,10094.1,11190.1,65.8,61.8,69.8,32355.3,16331.4,16023.8,1070.1,492.8,577.3,5.0,4.9,5.2
2023-04,20257.8,9617.0,16621.7,7326.1,9295.5,10640.8,3636.1,2290.8,1345.3,62.5,58.8,66.2,21337.7,10102.0,11235.8,65.8,61.7,69.9,32432.5,16367.7,16064.8,1080.0,485.0,594.9,5.1,4.8,5.3
2023-05,20246.7,9598.8,16604.6,7310.8,9293.9,10647.9,3642.1,2288.1,1354.0,62.3,58.5,66.1,21358.5,10119.5,11239.0,65.7,61.7,69.7,32524.6,16411.0,16113.6,1111.8,520.7,591.1,5.2,5.1,5.3
2023-06,20332.9,9612.6,16718.2,7368.2,9350.0,10720.3,3614.7,2244.4,1370.4,62.3,58.4,66.3,21486.3,10152.1,11334.2,65.9,61.7,70.1,32617.0,16454.0,16163.0,1153.4,539.5,613.9,5.4,5.3,5.4
2023-07,20352.1,9637.3,16724.2,7382.9,9341.3,10714.8,3627.9,2254.3,1373.6,62.2,58.4,66.1,21527.4,10193.3,11334.1,65.8,61.8,69.9,32710.3,16497.5,16212.8,1175.3,556.0,619.3,5.5,5.5,5.5
2023-08,20412.1,9666.3,16798.8,7400.9,9397.9,10745.8,3613.3,2265.4,1347.9,62.2,58.4,66.1,21589.5,10215.0,11374.5,65.8,61.7,69.9,32808.3,16543.4,16264.9,1177.3,548.7,628.7,5.5,5.4,5.5
2023-09,20465.3,9693.5,16791.4,7398.2,9393.2,10771.8,3673.8,2295.3,1378.6,62.2,58.5,66.0,21657.2,10234.0,11423.2,65.8,61.7,70.0,32896.0,16583.7,16312.3,1191.9,540.5,651.4,5.5,5.3,5.7
2023-10,20493.9,9690.2,16817.4,7411.8,9405.7,10803.8,3676.5,2278.4,1398.1,62.1,58.3,66.0,21734.6,10246.8,11487.7,65.9,61.6,70.2,32987.7,16625.7,16362.0,1240.6,556.7,684.0,5.7,5.4,6.0
2023-11,20518.5,9699.1,16839.6,7435.7,9403.9,10819.4,3678.9,2263.4,1415.6,62.0,58.2,65.9,21763.6,10257.3,11506.3,65.8,61.5,70.1,33077.9,16666.9,16411.0,1245.1,558.2,686.9,5.7,5.4,6.0
2023-12,20532.8,9703.3,16853.6,7414.4,9439.2,10829.5,3679.3,2289.0,1390.3,61.9,58.1,65.8,21797.4,10277.7,11519.7,65.7,61.5,70.0,33168.3,16708.2,16460.1,1264.6,574.4,690.2,5.8,5.6,6.0
2024-01,20577.1,9719.4,16840.8,7423.9,9416.8,10857.7,3736.3,2295.4,1440.9,61.8,58.0,65.7,21817.2,10296.5,11520.6,65.6,61.4,69.7,33276.5,16758.5,16517.9,1240.1,577.1,662.9,5.7,5.6,5.8
2024-02,20607.7,9731.1,16902.6,7432.2,9470.5,10876.6,3705.1,2298.9,1406.1,61.7,57.9,65.6,21894.8,10305.6,11589.3,65.6,61.3,69.9,33373.5,16803.3,16570.2,1287.1,574.5,712.7,5.9,5.6,6.1
2024-03,20614.5,9747.0,16896.9,7439.0,9457.9,10867.5,3717.7,2308.0,1409.7,61.6,57.9,65.4,21956.9,10335.4,11621.4,65.6,61.3,69.9,33469.5,16847.4,16622.2,1342.3,588.4,753.9,6.1,5.7,6.5
2024-04,20700.5,9756.5,16953.9,7408.0,9545.9,10944.0,3746.6,2348.5,1398.1,61.6,57.7,65.6,22060.1,10378.4,11681.8,65.7,61.4,70.0,33578.9,16897.9,16681.0,1359.6,621.9,737.8,6.2,6.0,6.3
2024-05,20698.3,9776.7,16909.0,7420.8,9488.2,10921.6,3789.3,2355.9,1433.4,61.4,57.7,65.2,22081.9,10400.5,11681.4,65.6,61.4,69.8,33685.5,16947.0,16738.5,1383.7,623.8,759.8,6.3,6.0,6.5
2024-06,20715.9,9798.6,16919.7,7410.7,9509.1,10917.3,3796.2,2388.0,1408.2,61.3,57.7,65.0,22140.4,10432.8,11707.7,65.5,61.4,69.7,33788.3,16994.2,16794.1,1424.5,634.1,790.4,6.4,6.1,6.8
2024-07,20712.9,9789.0,16978.1,7450.1,9528.0,10923.9,3734.8,2338.9,1395.9,61.1,57.4,64.8,22138.2,10420.1,11718.1,65.3,61.1,69.5,33899.8,17046.4,16853.4,1425.3,631.1,794.2,6.4,6.1,6.8
2024-08,20742.6,9809.8,16940.1,7439.3,9500.8,10932.8,3802.5,2370.5,1432.0,61.0,57.4,64.7,22220.9,10447.8,11773.1,65.4,61.1,69.6,33995.1,17090.7,16904.5,1478.3,638.0,840.3,6.7,6.1,7.1
2024-09,20779.3,9828.9,17032.1,7500.1,9531.9,10950.4,3747.2,2328.7,1418.5,61.0,57.4,64.6,22237.6,10452.0,11785.6,65.2,61.0,69.5,34089.8,17136.6,16953.2,1458.3,623.1,835.2,6.6,6.0,7.1
2024-10,20782.6,9818.5,17038.7,7490.0,9548.7,10964.1,3743.9,2328.5,1415.5,60.8,57.2,64.5,22259.0,10460.0,11798.9,65.2,60.9,69.4,34163.7,17172.3,16991.4,1476.3,641.5,834.8,6.6,6.1,7.1
2024-11,20826.4,9827.7,17091.6,7496.4,9595.2,10998.7,3734.8,2331.3,1403.5,60.9,57.1,64.6,22367.0,10507.6,11859.5,65.4,61.1,69.7,34225.2,17202.2,17023.0,1540.6,679.8,860.8,6.9,6.5,7.3
2024-12,20917.4,9858.0,17150.7,7504.7,9646.0,11059.3,3766.6,2353.3,1413.3,61.0,57.2,64.9,22422.8,10536.6,11886.3,65.4,61.1,69.7,34285.1,17231.5,17053.5,1505.5,678.5,827.0,6.7,6.4,7.0
2025-01,20993.4,9902.2,17185.9,7506.1,9679.9,11091.2,3807.5,2396.1,1411.4,61.1,57.4,64.9,22484.0,10582.5,11901.5,65.5,61.3,69.7,34340.8,17259.4,17081.4,1490.6,680.3,810.2,6.6,6.4,6.8
2025-02,20994.5,9901.4,17166.2,7507.7,9658.5,11093.2,3828.3,2393.6,1434.7,61.1,57.3,64.9,22467.2,10553.5,11913.7,65.3,61.1,69.6,34388.2,17283.1,17105.1,1472.7,652.2,820.5,6.6,6.2,6.9
2025-03,20961.9,9915.9,17104.2,7495.4,9608.8,11046.0,3857.8,2420.5,1437.2,60.9,57.3,64.5,22470.7,10590.6,11880.1,65.2,61.2,69.3,34440.0,17309.0,17131.0,1508.8,674.7,834.1,6.7,6.4,7.0
2025-04,20969.3,9879.6,17135.7,7508.2,9627.5,11089.7,3833.6,2371.4,1462.2,60.8,57.0,64.6,22517.4,10577.5,11939.9,65.3,61.0,69.6,34493.6,17336.4,17157.2,1548.1,697.9,850.2,6.9,6.6,7.1
2025-05,20978.1,9897.4,17193.4,7537.3,9656.0,11080.8,3784.8,2360.0,1424.7,60.8,57.0,64.5,22552.7,10596.6,11956.1,65.3,61.1,69.6,34530.6,17355.4,17175.2,1574.6,699.2,875.4,7.0,6.6,7.3
2025-06,21061.2,9930.8,17206.9,7541.8,9665.1,11130.4,3854.3,2389.0,1465.3,60.9,57.1,64.7,22613.7,10622.1,11991.6,65.4,61.1,69.7,34577.2,17379.6,17197.6,1552.5,691.3,861.1,6.9,6.5,7.2
2025-07,21020.4,9922.7,17155.9,7536.6,9619.2,11097.7,3864.6,2386.1,1478.5,60.7,57.0,64.5,22580.7,10593.2,11987.5,65.2,60.9,69.6,34614.8,17399.4,17215.4,1560.2,670.5,889.7,6.9,6.3,7.4
2025-08,20954.9,9902.1,17149.9,7550.3,9599.7,11052.8,3804.9,2351.8,1453.1,60.5,56.9,64.2,22549.5,10587.0,11962.5,65.1,60.8,69.4,34644.2,17415.3,17228.9,1594.6,684.9,909.7,7.1,6.5,7.6
2025-09,21015.3,9911.7,17256.0,7563.7,9692.3,11103.6,3759.3,2348.0,1411.3,60.6,56.9,64.4,22621.8,10636.8,11985.0,65.2,61.0,69.5,34671.9,17430.1,17241.8,1606.5,725.1,881.4,7.1,6.8,7.4
2025-10,21081.9,9956.7,17237.5,7590.6,9646.9,11125.2,3844.4,2366.1,1478.3,60.8,57.1,64.5,22639.1,10659.3,11979.9,65.3,61.1,69.4,34695.4,17442.7,17252.7,1557.3,702.6,854.7,6.9,6.6,7.1
2025-11,21135.5,9972.5,17228.1,7598.2,9629.9,11163.0,3907.4,2374.3,1533.1,60.9,57.1,64.7,22613.4,10651.4,11962.0,65.1,61.0,69.3,34713.1,17452.8,17260.3,1477.8,678.9,799.0,6.5,6.4,6.7
2025-12,21143.7,9971.2,17278.3,7583.9,9694.4,11172.5,3865.4,2387.3,1478.1,60.9,57.1,64.7,22694.4,10679.7,12014.7,65.4,61.2,69.6,34723.0,17458.7,17264.2,1550.7,708.5,842.3,6.8,6.6,7.0
