ref_date,gender,empl,emplFull,emplPart,emplRate,labForce,participRate,population,unempl,unemplRate
1976-01,Men+,6085.3,5712.1,373.2,73.0,6504.3,78.0,8334.7,419.0,6.4
1976-01,Total - Gender,9636.7,8431.0,1205.6,57.2,10369.7,61.5,16852.4,733.0,7.1
1976-01,Women+,3551.3,2718.9,832.4,41.7,3865.4,45.4,8517.7,314.0,8.1
1976-02,Men+,6097.0,5732.0,364.9,73.0,6513.1,78.0,8353.3,416.2,6.4
1976-02,Total - Gender,9659.8,8467.5,1192.3,57.2,10389.8,61.5,16892.0,730.0,7.0
1976-02,Women+,3562.8,2735.4,827.4,41.7,3876.6,45.4,8538.8,313.8,8.1
1976-03,Men+,6119.3,5758.5,360.8,73.1,6515.3,77.8,8371.6,396.0,6.1
1976-03,Total - Gender,9704.2,8509.4,1194.8,57.3,10395.7,61.4,16930.7,691.5,6.7
1976-03,Women+,3584.9,2751.0,833.9,41.9,3880.4,45.3,8559.1,295.5,7.6
1976-04,Men+,6145.3,5787.6,357.6,73.2,6547.3,78.0,8390.0,402.0,6.1
1976-04,Total - Gender,9738.2,8540.1,1198.1,57.4,10451.3,61.6,16969.4,713.1,6.8
1976-04,Women+,3592.9,2752.4,840.4,41.9,3904.0,45.5,8579.4,311.1,8.0
1976-05,Men+,6125.8,5770.4,355.4,72.9,6528.0,77.6,8408.4,402.2,6.2
1976-05,Total - Gender,9726.1,8529.6,1196.4,57.2,10446.1,61.4,17008.1,720.0,6.9
1976-05,Women+,3600.3,2759.3,841.0,41.9,3918.0,45.6,8599.7,317.8,8.1
1976-06,Men+,6126.7,5760.5,366.2,72.7,6540.2,77.6,8426.8,413.5,6.3
1976-06,Total - Gender,9748.3,8519.2,1229.1,57.2,10469.6,61.4,17046.8,721.3,6.9
1976-06,Women+,3621.6,2758.7,862.9,42.0,3929.4,45.6,8620.0,307.8,7.8
1976-07,Men+,6139.8,5779.7,360.1,72.7,6581.7,77.9,8445.2,441.9,6.7
1976-07,Total - Gender,9759.5,8544.4,1215.1,57.1,10539.4,61.7,17085.5,779.9,7.4
1976-07,Women+,3619.8,2764.7,855.1,41.9,3957.7,45.8,8640.3,338.0,8.5
1976-08,Men+,6136.2,5776.4,359.8,72.5,6547.8,77.4,8463.7,411.6,6.3
1976-08,Total - Gender,9780.5,8561.9,1218.6,57.1,10524.1,61.5,17124.4,743.6,7.1
1976-08,Women+,3644.3,2785.6,858.8,42.1,3976.3,45.9,8660.7,332.0,8.3
1976-09,Men+,6154.1,5795.0,359.1,72.6,6552.6,77.3,8478.1,398.5,6.1
1976-09,Total - Gender,9795.2,8582.6,1212.6,57.1,10531.9,61.4,17154.4,736.7,7.0
1976-09,Women+,3641.1,2787.6,853.6,42.0,3979.3,45.9,8676.3,338.2,8.5
1976-10,Men+,6127.0,5757.8,369.2,72.1,6577.0,77.4,8492.1,450.0,6.8
1976-10,Total - Gender,9782.5,8537.7,1244.8,56.9,10565.1,61.5,17183.4,782.6,7.4
1976-10,Women+,3655.5,2779.9,875.7,42.1,3988.2,45.9,8691.3,332.6,8.3
1976-11,Men+,6154.8,5776.8,377.9,72.4,6595.9,77.5,8505.7,441.1,6.7
1976-11,Total - Gender,9829.0,8560.8,1268.2,57.1,10609.5,61.6,17211.4,780.5,7.4
1976-11,Women+,3674.2,2783.9,890.3,42.2,4013.6,46.1,8705.8,339.4,8.5
1976-12,Men+,6170.6,5799.1,371.5,72.4,6621.9,77.7,8518.2,451.4,6.8
1976-12,Total - Gender,9862.6,8606.3,1256.3,57.2,10657.3,61.8,17238.1,794.8,7.5
1976-12,Women+,3692.0,2807.2,884.8,42.3,4035.4,46.3,8719.9,343.4,8.5
1977-01,Men+,6172.7,5805.7,367.0,72.3,6631.2,77.7,8533.7,458.5,6.9
1977-01,Total - Gender,9869.3,8615.1,1254.2,57.1,10681.1,61.8,17270.6,811.8,7.6
1977-01,Women+,3696.6,2809.4,887.1,42.3,4049.9,46.4,8737.0,353.3,8.7
1977-02,Men+,6172.0,5800.3,371.7,72.2,6649.0,77.8,8548.8,477.0,7.2
1977-02,Total - Gender,9874.2,8611.3,1262.9,57.1,10716.1,61.9,17302.4,842.0,7.9
1977-02,Women+,3702.2,2811.0,891.2,42.3,4067.2,46.5,8753.7,365.0,9.0
1977-03,Men+,6162.8,5777.5,385.3,72.0,6640.6,77.6,8561.5,477.8,7.2
1977-03,Total - Gender,9865.7,8589.5,1276.2,56.9,10701.7,61.8,17329.1,836.0,7.8
1977-03,Women+,3702.9,2812.0,890.9,42.2,4061.1,46.3,8767.6,358.2,8.8
1977-04,Men+,6182.4,5795.6,386.9,72.1,6656.8,77.6,8575.7,474.4,7.1
1977-04,Total - Gender,9892.6,8620.4,1272.1,57.0,10741.5,61.9,17358.7,849.0,7.9
1977-04,Women+,3710.1,2824.9,885.3,42.2,4084.7,46.5,8783.0,374.6,9.2
1977-05,Men+,6179.9,5792.7,387.2,71.9,6657.3,77.5,8592.6,477.4,7.2
1977-05,Total - Gender,9912.0,8619.7,1292.3,57.0,10749.7,61.8,17394.1,837.8,7.8
1977-05,Women+,3732.1,2826.9,905.1,42.4,4092.5,46.5,8801.5,360.4,8.8
1977-06,Men+,6179.2,5789.8,389.4,71.8,6661.9,77.4,8605.5,482.6,7.2
1977-06,Total - Gender,9906.9,8611.4,1295.5,56.9,10749.0,61.7,17421.5,842.0,7.8
1977-06,Women+,3727.7,2821.6,906.1,42.3,4087.1,46.4,8816.0,359.4,8.8
1977-07,Men+,6182.4,5800.7,381.7,71.7,6682.3,77.5,8618.7,499.9,7.5
1977-07,Total - Gender,9911.4,8619.6,1291.8,56.8,10784.3,61.8,17449.4,872.9,8.1
1977-07,Women+,3729.0,2818.9,910.1,42.2,4102.0,46.5,8830.7,372.9,9.1
1977-08,Men+,6198.9,5803.5,395.5,71.8,6699.8,77.6,8635.7,500.9,7.5
1977-08,Total - Gender,9936.6,8628.9,1307.8,56.8,10819.4,61.9,17485.1,882.8,8.2
1977-08,Women+,3737.7,2825.4,912.3,42.2,4119.6,46.6,8849.4,381.9,9.3
1977-09,Men+,6188.3,5796.9,391.5,71.5,6703.7,77.5,8649.3,515.4,7.7
1977-09,Total - Gender,9937.0,8631.4,1305.6,56.7,10839.0,61.9,17513.7,902.0,8.3
1977-09,Women+,3748.6,2834.5,914.1,42.3,4135.2,46.6,8864.5,386.6,9.3
1977-10,Men+,6205.3,5808.3,397.0,71.6,6709.6,77.5,8662.1,504.3,7.5
1977-10,Total - Gender,9962.1,8639.8,1322.3,56.8,10875.5,62.0,17540.6,913.4,8.4
1977-10,Women+,3756.8,2831.5,925.3,42.3,4165.9,46.9,8878.5,409.1,9.8
1977-11,Men+,6213.8,5823.4,390.3,71.6,6735.9,77.6,8675.0,522.1,7.8
1977-11,Total - Gender,9976.3,8655.7,1320.6,56.8,10901.7,62.1,17567.5,925.4,8.5
1977-11,Women+,3762.6,2832.3,930.3,42.3,4165.8,46.8,8892.5,403.2,9.7
1977-12,Men+,6217.3,5824.2,393.1,71.6,6745.0,77.6,8686.9,527.7,7.8
1977-12,Total - Gender,10002.3,8668.9,1333.4,56.9,10928.9,62.1,17592.8,926.6,8.5
1977-12,Women+,3785.0,2844.7,940.2,42.5,4183.9,47.0,8905.9,398.9,9.5
1978-01,Men+,6213.1,5826.3,386.8,71.4,6724.1,77.3,8701.6,511.0,7.6
1978-01,Total - Gender,10013.0,8692.2,1320.8,56.8,10918.1,62.0,17623.5,905.1,8.3
1978-01,Women+,3799.9,2866.0,934.0,42.6,4194.0,47.0,8922.0,394.1,9.4
1978-02,Men+,6250.8,5873.3,377.6,71.7,6767.5,77.6,8715.7,516.6,7.6
1978-02,Total - Gender,10067.5,8747.7,1319.8,57.0,10981.4,62.2,17653.9,913.8,8.3
1978-02,Women+,3816.7,2874.5,942.2,42.7,4213.9,47.1,8938.2,397.2,9.4
1978-03,Men+,6266.4,5881.4,385.0,71.8,6798.1,77.9,8727.7,531.7,7.8
1978-03,Total - Gender,10100.3,8781.5,1318.8,57.1,11041.6,62.5,17679.3,941.2,8.5
1978-03,Women+,3833.9,2900.1,933.8,42.8,4243.5,47.4,8951.6,409.6,9.7
1978-04,Men+,6267.0,5872.5,394.5,71.7,6801.2,77.8,8740.9,534.2,7.9
1978-04,Total - Gender,10128.7,8782.0,1346.7,57.2,11060.3,62.5,17706.9,931.6,8.4
1978-04,Women+,3861.7,2909.5,952.2,43.1,4259.1,47.5,8966.0,397.5,9.3
1978-05,Men+,6282.1,5888.3,393.8,71.7,6813.4,77.8,8757.6,531.3,7.8
1978-05,Total - Gender,10146.7,8816.4,1330.2,57.2,11100.5,62.6,17741.6,953.9,8.6
1978-05,Women+,3864.5,2928.1,936.4,43.0,4287.1,47.7,8984.0,422.6,9.9
1978-06,Men+,6318.9,5917.4,401.5,72.1,6845.4,78.1,8769.9,526.5,7.7
1978-06,Total - Gender,10207.6,8852.0,1355.6,57.5,11146.1,62.7,17767.5,938.5,8.4
1978-06,Women+,3888.7,2934.6,954.1,43.2,4300.7,47.8,8997.6,412.0,9.6
1978-07,Men+,6333.5,5920.3,413.2,72.1,6850.8,78.0,8781.5,517.4,7.6
1978-07,Total - Gender,10255.0,8849.7,1405.3,57.6,11188.4,62.9,17792.0,933.4,8.3
1978-07,Women+,3921.5,2929.4,992.2,43.5,4337.6,48.1,9010.5,416.0,9.6
1978-08,Men+,6349.5,5929.3,420.2,72.2,6879.4,78.2,8796.9,529.9,7.7
1978-08,Total - Gender,10287.5,8900.3,1387.2,57.7,11235.5,63.0,17824.4,948.0,8.4
1978-08,Women+,3938.0,2971.0,967.0,43.6,4356.1,48.3,9027.5,418.1,9.6
1978-09,Men+,6344.7,5946.1,398.6,72.0,6870.3,78.0,8809.3,525.6,7.7
1978-09,Total - Gender,10305.5,8941.4,1364.1,57.7,11252.7,63.0,17850.7,947.2,8.4
1978-09,Women+,3960.8,2995.3,965.5,43.8,4382.4,48.5,9041.4,421.6,9.6
1978-10,Men+,6380.6,5978.4,402.2,72.3,6890.3,78.1,8821.8,509.7,7.4
1978-10,Total - Gender,10368.8,9017.8,1351.0,58.0,11293.7,63.2,17876.8,924.8,8.2
1978-10,Women+,3988.2,3039.4,948.8,44.0,4403.3,48.6,9054.9,415.1,9.4
1978-11,Men+,6385.7,5982.4,403.3,72.3,6909.5,78.2,8834.0,523.7,7.6
1978-11,Total - Gender,10387.2,9024.7,1362.4,58.0,11332.9,63.3,17902.4,945.7,8.3
1978-11,Women+,4001.5,3042.3,959.2,44.1,4423.4,48.8,9068.4,422.0,9.5
1978-12,Men+,6402.8,6004.0,398.8,72.4,6914.4,78.2,8845.8,511.6,7.4
1978-12,Total - Gender,10428.3,9050.2,1378.1,58.2,11366.1,63.4,17927.3,937.8,8.3
1978-12,Women+,4025.5,3046.2,979.3,44.3,4451.7,49.0,9081.4,426.2,9.6
1979-01,Men+,6438.3,6026.4,411.9,72.7,6955.4,78.5,8860.8,517.2,7.4
1979-01,Total - Gender,10483.1,9074.6,1408.5,58.4,11421.2,63.6,17958.4,938.2,8.2
1979-01,Women+,4044.8,3048.2,996.6,44.5,4465.8,49.1,9097.6,421.0,9.4
1979-02,Men+,6430.8,6041.4,389.4,72.5,6940.9,78.2,8875.3,510.1,7.3
1979-02,Total - Gender,10490.0,9100.5,1389.5,58.3,11407.3,63.4,17989.1,917.3,8.0
1979-02,Women+,4059.3,3059.2,1000.1,44.5,4466.4,49.0,9113.9,407.1,9.1
1979-03,Men+,6462.1,6057.0,405.1,72.7,6964.1,78.4,8887.3,502.1,7.2
1979-03,Total - Gender,10535.9,9113.1,1422.8,58.5,11440.8,63.5,18014.3,904.9,7.9
1979-03,Women+,4073.8,3056.1,1017.7,44.6,4476.7,49.0,9127.0,402.9,9.0
1979-04,Men+,6477.0,6065.4,411.6,72.7,6986.5,78.5,8903.1,509.5,7.3
1979-04,Total - Gender,10560.8,9129.5,1431.4,58.5,11474.9,63.6,18047.3,914.1,8.0
1979-04,Women+,4083.9,3064.1,1019.8,44.7,4488.4,49.1,9144.3,404.6,9.0
1979-05,Men+,6518.9,6080.8,438.2,73.1,7001.8,78.5,8915.7,482.9,6.9
1979-05,Total - Gender,10611.4,9136.1,1475.3,58.7,11483.2,63.5,18073.7,871.8,7.6
1979-05,Women+,4092.4,3055.3,1037.1,44.7,4481.4,48.9,9158.0,389.0,8.7
1979-06,Men+,6531.5,6104.8,426.7,73.2,6989.7,78.3,8928.7,458.3,6.6
1979-06,Total - Gender,10645.4,9190.2,1455.2,58.8,11496.1,63.5,18101.0,850.7,7.4
1979-06,Women+,4113.9,3085.4,1028.5,44.9,4506.4,49.1,9172.3,392.4,8.7
1979-07,Men+,6550.7,6112.9,437.9,73.2,6993.3,78.2,8943.9,442.5,6.3
1979-07,Total - Gender,10702.1,9222.6,1479.5,59.0,11537.0,63.6,18133.4,834.9,7.2
1979-07,Women+,4151.4,3109.8,1041.7,45.2,4543.8,49.4,9189.4,392.4,8.6
1979-08,Men+,6559.0,6121.5,437.4,73.2,6994.4,78.1,8957.2,435.4,6.2
1979-08,Total - Gender,10742.1,9246.3,1495.8,59.1,11563.8,63.7,18161.4,821.7,7.1
1979-08,Women+,4183.1,3124.8,1058.3,45.4,4569.4,49.6,9204.2,386.3,8.5
1979-09,Men+,6577.5,6127.3,450.1,73.3,7010.5,78.2,8970.4,433.0,6.2
1979-09,Total - Gender,10756.5,9246.8,1509.7,59.1,11569.1,63.6,18189.4,812.5,7.0
1979-09,Women+,4179.0,3119.5,1059.6,45.3,4558.5,49.4,9218.9,379.5,8.3
1979-10,Men+,6587.9,6151.1,436.8,73.3,7036.2,78.3,8987.9,448.3,6.4
1979-10,Total - Gender,10809.0,9296.6,1512.4,59.3,11652.2,63.9,18226.0,843.2,7.2
1979-10,Women+,4221.0,3145.5,1075.6,45.7,4616.0,50.0,9238.1,395.0,8.6
1979-11,Men+,6602.0,6162.6,439.4,73.3,7054.2,78.4,9001.7,452.2,6.4
1979-11,Total - Gender,10841.3,9322.7,1518.5,59.4,11678.1,64.0,18255.2,836.8,7.2
1979-11,Women+,4239.3,3160.1,1079.1,45.8,4623.9,50.0,9253.5,384.7,8.3
1979-12,Men+,6608.9,6164.4,444.5,73.3,7074.5,78.5,9015.3,465.5,6.6
1979-12,Total - Gender,10859.9,9340.8,1519.1,59.4,11708.1,64.0,18283.8,848.1,7.2
1979-12,Women+,4251.0,3176.5,1074.6,45.9,4633.6,50.0,9268.4,382.6,8.3
1980-01,Men+,6609.8,6175.2,434.6,73.2,7092.3,78.5,9031.6,482.6,6.8
1980-01,Total - Gender,10882.6,9360.5,1522.1,59.4,11760.1,64.2,18317.9,877.5,7.5
1980-01,Women+,4272.8,3185.3,1087.5,46.0,4667.8,50.3,9286.3,395.0,8.5
1980-02,Men+,6631.4,6177.1,454.3,73.3,7128.4,78.8,9045.0,496.9,7.0
1980-02,Total - Gender,10902.9,9375.4,1527.6,59.4,11796.9,64.3,18346.4,894.0,7.6
1980-02,Women+,4271.5,3198.2,1073.3,45.9,4668.5,50.2,9301.4,397.0,8.5
1980-03,Men+,6606.4,6158.9,447.5,72.9,7108.4,78.5,9057.9,502.0,7.1
1980-03,Total - Gender,10897.8,9358.5,1539.3,59.3,11798.9,64.2,18373.9,901.0,7.6
1980-03,Women+,4291.4,3199.6,1091.8,46.1,4690.5,50.3,9316.0,399.1,8.5
1980-04,Men+,6610.6,6161.9,448.7,72.9,7119.7,78.5,9073.9,509.1,7.2
1980-04,Total - Gender,10938.3,9380.1,1558.3,59.4,11846.7,64.4,18407.7,908.3,7.7
1980-04,Women+,4327.7,3218.1,1109.6,46.4,4727.0,50.6,9333.8,399.3,8.4
1980-05,Men+,6581.2,6143.7,437.5,72.4,7096.5,78.1,9087.9,515.3,7.3
1980-05,Total - Gender,10891.6,9351.0,1540.6,59.1,11815.5,64.1,18437.0,923.9,7.8
1980-05,Women+,4310.4,3207.3,1103.1,46.1,4718.9,50.5,9349.1,408.5,8.7
1980-06,Men+,6605.7,6160.5,445.1,72.5,7120.6,78.2,9105.5,514.9,7.2
1980-06,Total - Gender,10936.8,9379.9,1556.9,59.2,11855.1,64.2,18474.1,918.3,7.7
1980-06,Women+,4331.1,3219.4,1111.7,46.2,4734.5,50.5,9368.6,403.4,8.5
1980-07,Men+,6595.5,6155.9,439.5,72.3,7104.4,77.9,9118.3,508.9,7.2
1980-07,Total - Gender,10935.0,9373.5,1561.5,59.1,11840.6,64.0,18501.1,905.6,7.6
1980-07,Women+,4339.5,3217.6,1122.0,46.3,4736.2,50.5,9382.7,396.6,8.4
1980-08,Men+,6619.8,6167.0,452.8,72.5,7125.4,78.0,9131.6,505.5,7.1
1980-08,Total - Gender,10970.3,9397.7,1572.5,59.2,11878.1,64.1,18529.0,907.9,7.6
1980-08,Women+,4350.4,3230.7,1119.7,46.3,4752.8,50.6,9397.5,402.3,8.5
1980-09,Men+,6659.8,6192.0,467.9,72.8,7149.2,78.1,9148.2,489.4,6.8
1980-09,Total - Gender,11051.9,9439.8,1612.1,59.5,11928.1,64.3,18564.0,876.2,7.3
1980-09,Women+,4392.0,3247.8,1144.2,46.6,4778.9,50.8,9415.8,386.8,8.1
1980-10,Men+,6668.6,6204.5,464.1,72.8,7153.9,78.1,9161.2,485.3,6.8
1980-10,Total - Gender,11083.1,9476.3,1606.8,59.6,11956.2,64.3,18591.5,873.1,7.3
1980-10,Women+,4414.4,3271.8,1142.7,46.8,4802.3,50.9,9430.3,387.8,8.1
1980-11,Men+,6707.9,6241.1,466.8,73.1,7191.0,78.4,9173.5,483.1,6.7
1980-11,Total - Gender,11127.0,9499.3,1627.7,59.8,11984.7,64.4,18617.4,857.7,7.2
1980-11,Women+,4419.1,3258.2,1160.9,46.8,4793.8,50.8,9443.9,374.6,7.8
1980-12,Men+,6719.1,6267.2,451.9,73.2,7209.1,78.5,9185.3,490.0,6.8
1980-12,Total - Gender,11140.0,9557.8,1582.2,59.8,12014.1,64.4,18642.6,874.1,7.3
1980-12,Women+,4420.9,3290.6,1130.3,46.7,4805.0,50.8,9457.3,384.1,8.0
1981-01,Men+,6755.4,6282.4,473.0,73.4,7254.5,78.9,9199.1,499.1,6.9
1981-01,Total - Gender,11206.5,9592.5,1614.1,60.0,12098.8,64.8,18671.8,892.3,7.4
1981-01,Women+,4451.2,3310.1,1141.1,47.0,4844.3,51.1,9472.7,393.1,8.1
1981-02,Men+,6775.1,6288.9,486.2,73.5,7278.7,79.0,9212.6,503.6,6.9
1981-02,Total - Gender,11283.3,9625.9,1657.4,60.3,12183.1,65.1,18700.6,899.8,7.4
1981-02,Women+,4508.2,3337.0,1171.3,47.5,4904.4,51.7,9488.1,396.2,8.1
1981-03,Men+,6777.8,6289.4,488.4,73.5,7284.7,79.0,9223.9,506.9,7.0
1981-03,Total - Gender,11278.7,9604.9,1673.8,60.2,12181.2,65.1,18725.0,902.4,7.4
1981-03,Women+,4500.9,3315.5,1185.4,47.4,4896.4,51.5,9501.1,395.5,8.1
1981-04,Men+,6797.5,6310.3,487.1,73.6,7280.3,78.8,9235.6,482.8,6.6
1981-04,Total - Gender,11315.8,9661.6,1654.2,60.4,12184.1,65.0,18749.9,868.3,7.1
1981-04,Women+,4518.3,3351.3,1167.0,47.5,4903.8,51.5,9514.3,385.5,7.9
1981-05,Men+,6778.0,6273.0,505.1,73.3,7270.1,78.6,9247.6,492.1,6.8
1981-05,Total - Gender,11345.8,9646.5,1699.3,60.4,12223.0,65.1,18775.2,877.2,7.2
1981-05,Women+,4567.8,3373.5,1194.2,47.9,4952.9,52.0,9527.6,385.1,7.8
1981-06,Men+,6769.9,6279.1,490.8,73.1,7265.5,78.4,9262.0,495.6,6.8
1981-06,Total - Gender,11375.6,9685.1,1690.6,60.5,12263.6,65.2,18806.1,887.9,7.2
1981-06,Women+,4605.7,3405.9,1199.8,48.3,4998.0,52.4,9544.1,392.4,7.9
1981-07,Men+,6754.2,6299.2,455.0,72.8,7245.0,78.1,9273.0,490.8,6.8
1981-07,Total - Gender,11336.4,9708.2,1628.2,60.2,12215.8,64.9,18829.0,879.4,7.2
1981-07,Women+,4582.2,3409.0,1173.2,48.0,4970.8,52.0,9555.9,388.6,7.8
1981-08,Men+,6762.1,6283.9,478.2,72.8,7235.5,77.9,9284.4,473.5,6.5
1981-08,Total - Gender,11353.8,9690.9,1662.8,60.2,12215.0,64.8,18852.5,861.2,7.1
1981-08,Women+,4591.7,3407.1,1184.6,48.0,4979.5,52.0,9568.1,387.8,7.8
1981-09,Men+,6728.0,6226.1,501.8,72.4,7286.9,78.4,9298.1,558.9,7.7
1981-09,Total - Gender,11328.7,9618.1,1710.5,60.0,12332.6,65.3,18880.8,1003.9,8.1
1981-09,Women+,4600.7,3392.0,1208.7,48.0,5045.7,52.7,9582.7,445.0,8.8
1981-10,Men+,6709.0,6210.9,498.1,72.1,7277.9,78.2,9309.5,568.8,7.8
1981-10,Total - Gender,11300.1,9595.1,1705.0,59.8,12320.5,65.2,18904.4,1020.4,8.3
1981-10,Women+,4591.1,3384.2,1206.9,47.8,5042.7,52.6,9595.0,451.6,9.0
1981-11,Men+,6704.3,6208.0,496.3,71.9,7264.0,77.9,9320.4,559.7,7.7
1981-11,Total - Gender,11291.5,9583.8,1707.7,59.7,12311.0,65.0,18927.1,1019.5,8.3
1981-11,Women+,4587.3,3375.8,1211.5,47.8,5047.0,52.5,9606.7,459.8,9.1
1981-12,Men+,6665.8,6165.9,499.8,71.4,7284.2,78.1,9331.4,618.4,8.5
1981-12,Total - Gender,11236.0,9513.0,1723.0,59.3,12307.7,64.9,18949.7,1071.7,8.7
1981-12,Women+,4570.2,3347.1,1223.2,47.5,5023.5,52.2,9618.3,453.2,9.0
1982-01,Men+,6629.1,6132.1,496.9,70.9,7250.1,77.6,9344.2,621.0,8.6
1982-01,Total - Gender,11205.6,9490.0,1715.6,59.1,12265.3,64.6,18976.3,1059.7,8.6
1982-01,Women+,4576.5,3357.8,1218.6,47.5,5015.2,52.1,9632.0,438.7,8.7
1982-02,Men+,6605.0,6119.8,485.2,70.6,7241.7,77.4,9356.3,636.7,8.8
1982-02,Total - Gender,11166.9,9459.5,1707.4,58.8,12259.7,64.5,19001.7,1092.8,8.9
1982-02,Women+,4561.9,3339.7,1222.2,47.3,5018.0,52.0,9645.4,456.1,9.1
1982-03,Men+,6584.7,6103.8,480.9,70.3,7249.7,77.4,9366.8,664.9,9.2
1982-03,Total - Gender,11140.5,9435.5,1705.0,58.6,12280.2,64.6,19023.7,1139.7,9.3
1982-03,Women+,4555.8,3331.7,1224.1,47.2,5030.5,52.1,9656.9,474.7,9.4
1982-04,Men+,6534.6,6039.5,495.1,69.7,7241.7,77.2,9377.4,707.1,9.8
1982-04,Total - Gender,11076.3,9358.1,1718.2,58.2,12281.1,64.5,19045.6,1204.8,9.8
1982-04,Women+,4541.7,3318.6,1223.1,47.0,5039.4,52.1,9668.3,497.7,9.9
1982-05,Men+,6502.0,6012.9,489.0,69.3,7254.1,77.3,9388.4,752.1,10.4
1982-05,Total - Gender,11021.9,9325.8,1696.1,57.8,12293.3,64.5,19068.3,1271.4,10.3
1982-05,Women+,4519.9,3312.9,1207.0,46.7,5039.2,52.1,9679.8,519.3,10.3
1982-06,Men+,6434.4,5927.6,506.7,68.4,7259.2,77.2,9401.9,824.8,11.4
1982-06,Total - Gender,10940.6,9200.1,1740.5,57.3,12304.8,64.4,19096.2,1364.3,11.1
1982-06,Women+,4506.2,3272.4,1233.8,46.5,5045.6,52.0,9694.3,539.4,10.7
1982-07,Men+,6402.4,5866.5,535.9,68.0,7288.7,77.5,9409.2,886.2,12.2
1982-07,Total - Gender,10893.6,9125.2,1768.4,57.0,12358.8,64.7,19115.7,1465.2,11.9
1982-07,Women+,4491.2,3258.7,1232.5,46.3,5070.2,52.2,9706.5,579.0,11.4
1982-08,Men+,6346.6,5805.7,540.9,67.4,7252.9,77.0,9421.8,906.3,12.5
1982-08,Total - Gender,10836.3,9032.0,1804.2,56.6,12314.3,64.3,19142.0,1478.1,12.0
1982-08,Women+,4489.7,3226.4,1263.3,46.2,5061.5,52.1,9720.1,571.8,11.3
1982-09,Men+,6327.5,5809.9,517.7,67.1,7281.0,77.2,9431.7,953.5,13.1
1982-09,Total - Gender,10806.7,9062.8,1743.9,56.4,12333.7,64.4,19162.5,1527.0,12.4
1982-09,Women+,4479.2,3252.9,1226.3,46.0,5052.7,51.9,9730.8,573.5,11.4
1982-10,Men+,6305.0,5780.5,524.5,66.8,7299.3,77.3,9441.7,994.3,13.6
1982-10,Total - Gender,10787.2,9023.3,1764.0,56.2,12389.3,64.6,19183.2,1602.1,12.9
1982-10,Women+,4482.2,3242.8,1239.4,46.0,5090.0,52.3,9741.5,607.8,11.9
1982-11,Men+,6279.9,5740.3,539.6,66.4,7255.9,76.8,9451.3,976.0,13.5
1982-11,Total - Gender,10764.1,8997.0,1767.2,56.1,12364.6,64.4,19203.3,1600.4,12.9
1982-11,Women+,4484.3,3256.7,1227.6,46.0,5108.7,52.4,9752.0,624.5,12.2
1982-12,Men+,6280.7,5744.4,536.3,66.4,7263.5,76.8,9460.4,982.8,13.5
1982-12,Total - Gender,10774.1,8992.8,1781.3,56.0,12398.5,64.5,19222.6,1624.4,13.1
1982-12,Women+,4493.4,3248.4,1245.0,46.0,5135.0,52.6,9762.2,641.6,12.5
1983-01,Men+,6295.1,5741.7,553.4,66.5,7235.3,76.4,9470.5,940.2,13.0
1983-01,Total - Gender,10801.1,8993.4,1807.7,56.1,12374.0,64.3,19244.2,1572.9,12.7
1983-01,Women+,4506.0,3251.7,1254.3,46.1,5138.7,52.6,9773.7,632.7,12.3
1983-02,Men+,6305.6,5752.1,553.6,66.5,7246.9,76.4,9481.0,941.2,13.0
1983-02,Total - Gender,10818.2,9009.9,1808.4,56.2,12391.8,64.3,19266.5,1573.6,12.7
1983-02,Women+,4512.6,3257.8,1254.8,46.1,5144.9,52.6,9785.5,632.3,12.3
1983-03,Men+,6338.5,5776.8,561.7,66.8,7262.4,76.5,9489.8,923.9,12.7
1983-03,Total - Gender,10874.9,9059.0,1815.9,56.4,12429.6,64.5,19285.1,1554.7,12.5
1983-03,Women+,4536.4,3282.2,1254.2,46.3,5167.1,52.8,9795.4,630.8,12.2
1983-04,Men+,6363.0,5803.1,560.0,67.0,7293.4,76.8,9498.9,930.4,12.8
1983-04,Total - Gender,10932.6,9096.7,1835.9,56.6,12486.3,64.7,19304.2,1553.7,12.4
1983-04,Women+,4569.5,3293.7,1275.9,46.6,5192.8,53.0,9805.3,623.3,12.0
1983-05,Men+,6376.1,5828.4,547.7,67.0,7318.7,77.0,9510.4,942.6,12.9
1983-05,Total - Gender,10952.5,9120.6,1831.9,56.7,12509.0,64.7,19328.1,1556.5,12.4
1983-05,Women+,4576.4,3292.2,1284.2,46.6,5190.3,52.9,9817.8,613.8,11.8
1983-06,Men+,6407.3,5859.4,547.9,67.3,7357.9,77.3,9519.1,950.6,12.9
1983-06,Total - Gender,11021.4,9178.5,1842.9,57.0,12578.7,65.0,19346.5,1557.3,12.4
1983-06,Women+,4614.1,3319.1,1295.1,47.0,5220.8,53.1,9827.4,606.6,11.6
1983-07,Men+,6444.7,5877.5,567.2,67.6,7349.5,77.1,9526.8,904.8,12.3
1983-07,Total - Gender,11073.4,9191.3,1882.0,57.2,12566.2,64.9,19363.3,1492.9,11.9
1983-07,Women+,4628.6,3313.8,1314.8,47.1,5216.7,53.0,9836.5,588.1,11.3
1983-08,Men+,6471.3,5899.9,571.3,67.8,7361.6,77.2,9538.0,890.4,12.1
1983-08,Total - Gender,11126.6,9235.5,1891.1,57.4,12599.5,65.0,19386.4,1472.8,11.7
1983-08,Women+,4655.4,3335.6,1319.8,47.3,5237.8,53.2,9848.5,582.5,11.1
1983-09,Men+,6508.6,5941.9,566.7,68.2,7362.7,77.1,9547.0,854.1,11.6
1983-09,Total - Gender,11174.2,9308.3,1865.9,57.6,12606.3,65.0,19405.3,1432.0,11.4
1983-09,Women+,4665.7,3366.4,1299.2,47.3,5243.6,53.2,9858.3,577.9,11.0
1983-10,Men+,6489.5,5913.0,576.5,67.9,7327.7,76.7,9556.3,838.2,11.4
1983-10,Total - Gender,11163.3,9280.7,1882.6,57.5,12582.5,64.8,19424.2,1419.2,11.3
1983-10,Women+,4673.8,3367.7,1306.2,47.4,5254.8,53.3,9867.9,581.0,11.1
1983-11,Men+,6485.1,5913.7,571.4,67.8,7332.5,76.7,9565.7,847.5,11.6
1983-11,Total - Gender,11162.0,9278.4,1883.6,57.4,12577.9,64.7,19443.7,1415.9,11.3
1983-11,Women+,4676.9,3364.7,1312.2,47.3,5245.3,53.1,9878.0,568.4,10.8
1983-12,Men+,6494.7,5912.3,582.4,67.8,7338.4,76.6,9574.7,843.8,11.5
1983-12,Total - Gender,11187.4,9289.7,1897.8,57.5,12616.5,64.8,19462.2,1429.1,11.3
1983-12,Women+,4692.8,3377.4,1315.4,47.5,5278.1,53.4,9887.5,585.3,11.1
1984-01,Men+,6487.7,5908.4,579.3,67.7,7324.1,76.4,9585.0,836.3,11.4
1984-01,Total - Gender,11168.6,9297.8,1870.8,57.3,12591.9,64.6,19483.7,1423.3,11.3
1984-01,Women+,4680.9,3389.4,1291.5,47.3,5267.8,53.2,9898.7,586.9,11.1
1984-02,Men+,6504.7,5927.1,577.7,67.8,7333.9,76.4,9595.8,829.2,11.3
1984-02,Total - Gender,11203.9,9325.8,1878.1,57.4,12629.3,64.7,19506.2,1425.4,11.3
1984-02,Women+,4699.2,3398.7,1300.4,47.4,5295.3,53.4,9910.4,596.2,11.3
1984-03,Men+,6500.6,5923.5,577.1,67.7,7336.2,76.4,9604.5,835.6,11.4
1984-03,Total - Gender,11205.9,9341.0,1864.9,57.4,12630.6,64.7,19524.2,1424.7,11.3
1984-03,Women+,4705.3,3417.5,1287.8,47.4,5294.4,53.4,9919.7,589.1,11.1
1984-04,Men+,6498.0,5918.9,579.1,67.6,7354.9,76.5,9615.3,856.8,11.6
1984-04,Total - Gender,11198.5,9331.1,1867.4,57.3,12654.5,64.7,19546.8,1456.0,11.5
1984-04,Women+,4700.5,3412.2,1288.3,47.3,5299.6,53.4,9931.6,599.1,11.3
1984-05,Men+,6518.4,5941.7,576.7,67.7,7396.7,76.9,9624.8,878.3,11.9
1984-05,Total - Gender,11245.5,9375.1,1870.5,57.5,12739.5,65.1,19566.7,1494.0,11.7
1984-05,Women+,4727.2,3433.4,1293.8,47.5,5342.8,53.7,9941.9,615.7,11.5
1984-06,Men+,6571.6,5970.2,601.4,68.2,7418.9,77.0,9634.2,847.4,11.4
1984-06,Total - Gender,11314.5,9418.3,1896.2,57.8,12757.4,65.1,19586.5,1442.9,11.3
1984-06,Women+,4743.0,3448.1,1294.9,47.7,5338.4,53.6,9952.4,595.5,11.2
1984-07,Men+,6595.9,5998.3,597.6,68.4,7422.5,77.0,9644.6,826.6,11.1
1984-07,Total - Gender,11356.6,9438.4,1918.3,57.9,12783.7,65.2,19609.7,1427.1,11.2
1984-07,Women+,4760.7,3440.1,1320.6,47.8,5361.2,53.8,9965.2,600.5,11.2
1984-08,Men+,6578.5,5984.6,593.9,68.1,7421.8,76.9,9653.6,843.3,11.4
1984-08,Total - Gender,11349.3,9418.8,1930.5,57.8,12790.4,65.2,19628.8,1441.1,11.3
1984-08,Women+,4770.7,3434.2,1336.6,47.8,5368.5,53.8,9975.2,597.8,11.1
1984-09,Men+,6587.1,6002.0,585.1,68.2,7471.6,77.3,9662.7,884.5,11.8
1984-09,Total - Gender,11373.8,9467.5,1906.3,57.9,12901.7,65.7,19648.2,1527.9,11.8
1984-09,Women+,4786.7,3465.5,1321.2,47.9,5430.0,54.4,9985.5,643.3,11.8
1984-10,Men+,6601.4,6015.1,586.3,68.2,7435.1,76.9,9674.3,833.7,11.2
1984-10,Total - Gender,11387.7,9472.4,1915.3,57.9,12843.3,65.3,19672.4,1455.6,11.3
1984-10,Women+,4786.3,3457.3,1329.0,47.9,5408.2,54.1,9998.1,621.9,11.5
1984-11,Men+,6575.7,6008.6,567.1,67.9,7410.7,76.5,9683.4,835.1,11.3
1984-11,Total - Gender,11391.1,9492.7,1898.4,57.8,12853.4,65.3,19691.5,1462.3,11.4
1984-11,Women+,4815.4,3484.1,1331.3,48.1,5442.7,54.4,10008.0,627.3,11.5
1984-12,Men+,6603.0,6032.7,570.3,68.1,7416.5,76.5,9692.0,813.5,11.0
1984-12,Total - Gender,11430.3,9534.1,1896.1,58.0,12856.2,65.2,19709.6,1425.9,11.1
1984-12,Women+,4827.3,3501.5,1325.8,48.2,5439.7,54.3,10017.5,612.4,11.3
1985-01,Men+,6623.9,6053.2,570.7,68.3,7428.7,76.6,9702.2,804.8,10.8
1985-01,Total - Gender,11481.7,9555.1,1926.6,58.2,12846.4,65.1,19730.9,1364.7,10.6
1985-01,Women+,4857.8,3501.9,1355.9,48.4,5417.8,54.0,10028.6,559.9,10.3
1985-02,Men+,6629.4,6040.4,588.9,68.3,7425.9,76.5,9710.7,796.5,10.7
1985-02,Total - Gender,11506.3,9562.2,1944.2,58.3,12892.3,65.3,19748.6,1386.0,10.8
1985-02,Women+,4876.9,3521.7,1355.2,48.6,5466.4,54.5,10037.9,589.4,10.8
1985-03,Men+,6644.1,6060.1,584.0,68.4,7471.5,76.9,9719.0,827.4,11.1
1985-03,Total - Gender,11531.4,9576.7,1954.7,58.3,12952.9,65.5,19766.5,1421.4,11.0
1985-03,Women+,4887.3,3516.6,1370.7,48.6,5481.3,54.6,10047.5,594.1,10.8
1985-04,Men+,6668.7,6086.6,582.1,68.5,7463.9,76.7,9730.0,795.2,10.7
1985-04,Total - Gender,11571.5,9597.0,1974.5,58.5,12975.9,65.6,19789.4,1404.4,10.8
1985-04,Women+,4902.8,3510.4,1392.4,48.7,5512.0,54.8,10059.4,609.2,11.1
1985-05,Men+,6696.7,6100.2,596.5,68.8,7478.9,76.8,9739.2,782.2,10.5
1985-05,Total - Gender,11613.7,9646.0,1967.7,58.6,12985.5,65.6,19809.0,1371.8,10.6
1985-05,Women+,4917.0,3545.8,1371.2,48.8,5506.5,54.7,10069.7,589.5,10.7
1985-06,Men+,6694.1,6112.4,581.6,68.7,7495.9,76.9,9748.7,801.8,10.7
1985-06,Total - Gender,11627.0,9648.2,1978.8,58.6,13018.3,65.7,19828.7,1391.3,10.7
1985-06,Women+,4932.9,3535.8,1397.1,48.9,5522.4,54.8,10080.0,589.5,10.7
1985-07,Men+,6727.3,6134.1,593.2,68.9,7498.6,76.8,9760.3,771.3,10.3
1985-07,Total - Gender,11681.1,9679.7,2001.4,58.8,13039.5,65.7,19852.4,1358.4,10.4
1985-07,Women+,4953.8,3545.6,1408.2,49.1,5540.9,54.9,10092.1,587.1,10.6
1985-08,Men+,6732.2,6121.4,610.8,68.9,7500.9,76.8,9770.0,768.7,10.2
1985-08,Total - Gender,11712.1,9695.5,2016.6,58.9,13060.2,65.7,19872.8,1348.1,10.3
1985-08,Women+,4979.9,3574.1,1405.8,49.3,5559.4,55.0,10102.8,579.5,10.4
1985-09,Men+,6721.2,6138.5,582.8,68.7,7469.5,76.4,9782.5,748.2,10.0
1985-09,Total - Gender,11723.3,9716.6,2006.7,58.9,13055.1,65.6,19898.7,1331.7,10.2
1985-09,Women+,5002.1,3578.1,1424.0,49.4,5585.6,55.2,10116.2,583.5,10.4
1985-10,Men+,6725.5,6149.5,576.0,68.7,7505.5,76.6,9792.4,780.1,10.4
1985-10,Total - Gender,11754.0,9759.8,1994.2,59.0,13109.4,65.8,19919.1,1355.4,10.3
1985-10,Women+,5028.6,3610.4,1418.2,49.7,5603.9,55.3,10126.7,575.3,10.3
1985-11,Men+,6776.5,6189.2,587.3,69.1,7531.5,76.8,9802.3,755.0,10.0
1985-11,Total - Gender,11819.0,9810.0,2009.0,59.3,13169.2,66.0,19939.6,1350.2,10.3
1985-11,Women+,5042.5,3620.8,1421.7,49.7,5637.7,55.6,10137.3,595.2,10.6
1985-12,Men+,6794.9,6208.6,586.4,69.3,7546.2,76.9,9811.2,751.3,10.0
1985-12,Total - Gender,11860.5,9866.8,1993.8,59.4,13186.6,66.1,19958.2,1326.1,10.1
1985-12,Women+,5065.6,3658.2,1407.4,49.9,5640.4,55.6,10147.0,574.8,10.2
1986-01,Men+,6822.4,6245.5,576.8,69.5,7553.4,76.9,9822.1,731.1,9.7
1986-01,Total - Gender,11903.5,9911.1,1992.4,59.6,13203.7,66.1,19981.2,1300.2,9.8
1986-01,Women+,5081.1,3665.6,1415.6,50.0,5650.2,55.6,10159.1,569.1,10.1
1986-02,Men+,6824.5,6249.2,575.3,69.4,7558.0,76.9,9830.5,733.5,9.7
1986-02,Total - Gender,11917.9,9918.6,1999.3,59.6,13221.7,66.1,19999.0,1303.8,9.9
1986-02,Women+,5093.4,3669.4,1424.0,50.1,5663.7,55.7,10168.6,570.3,10.1
1986-03,Men+,6835.2,6250.2,585.0,69.5,7565.9,76.9,9839.0,730.7,9.7
1986-03,Total - Gender,11926.3,9929.9,1996.4,59.6,13224.9,66.1,20017.2,1298.6,9.8
1986-03,Women+,5091.1,3679.7,1411.4,50.0,5659.0,55.6,10178.2,567.9,10.0
1986-04,Men+,6885.1,6262.7,622.4,69.9,7600.9,77.2,9850.5,715.8,9.4
1986-04,Total - Gender,12008.1,9957.4,2050.8,59.9,13292.3,66.3,20041.3,1284.2,9.7
1986-04,Women+,5123.0,3694.7,1428.3,50.3,5691.4,55.8,10190.8,568.4,10.0
1986-05,Men+,6862.4,6253.9,608.5,69.6,7574.9,76.8,9860.3,712.5,9.4
1986-05,Total - Gender,11977.2,9954.4,2022.8,59.7,13236.7,66.0,20062.1,1259.5,9.5
1986-05,Women+,5114.8,3700.5,1414.3,50.1,5661.8,55.5,10201.8,547.0,9.7
1986-06,Men+,6862.0,6251.8,610.2,69.5,7585.6,76.8,9872.3,723.7,9.5
1986-06,Total - Gender,12016.9,9976.2,2040.7,59.8,13289.8,66.2,20087.6,1272.9,9.6
1986-06,Women+,5154.9,3724.4,1430.5,50.5,5704.1,55.8,10215.2,549.2,9.6
1986-07,Men+,6862.1,6244.1,618.0,69.4,7582.8,76.7,9881.2,720.7,9.5
1986-07,Total - Gender,12017.1,10001.9,2015.2,59.8,13288.4,66.1,20105.9,1271.3,9.6
1986-07,Women+,5155.0,3757.8,1397.2,50.4,5705.6,55.8,10224.8,550.6,9.7
1986-08,Men+,6865.3,6245.7,619.5,69.4,7593.9,76.8,9889.7,728.7,9.6
1986-08,Total - Gender,12024.7,10000.5,2024.2,59.8,13302.2,66.1,20124.5,1277.5,9.6
1986-08,Women+,5159.4,3754.8,1404.6,50.4,5708.3,55.8,10234.8,548.9,9.6
1986-09,Men+,6879.0,6243.2,635.9,69.5,7603.4,76.8,9900.2,724.3,9.5
1986-09,Total - Gender,12035.2,9982.9,2052.2,59.7,13300.5,66.0,20147.1,1265.3,9.5
1986-09,Women+,5156.1,3739.8,1416.4,50.3,5697.1,55.6,10246.9,541.0,9.5
1986-10,Men+,6895.9,6265.4,630.4,69.6,7596.4,76.7,9908.8,700.5,9.2
1986-10,Total - Gender,12059.6,10006.5,2053.1,59.8,13313.1,66.0,20165.8,1253.5,9.4
1986-10,Women+,5163.7,3741.1,1422.6,50.3,5716.7,55.7,10257.0,553.0,9.7
1986-11,Men+,6914.7,6288.1,626.6,69.7,7612.8,76.8,9917.1,698.1,9.2
1986-11,Total - Gender,12082.0,10033.8,2048.2,59.9,13332.8,66.1,20183.9,1250.8,9.4
1986-11,Women+,5167.3,3745.7,1421.6,50.3,5720.0,55.7,10266.7,552.7,9.7
1986-12,Men+,6915.3,6289.6,625.7,69.7,7626.6,76.8,9925.9,711.3,9.3
1986-12,Total - Gender,12079.7,10018.2,2061.5,59.8,13346.6,66.1,20202.6,1266.9,9.5
1986-12,Women+,5164.4,3728.6,1435.8,50.3,5719.9,55.7,10276.7,555.5,9.7
1987-01,Men+,6912.8,6299.8,613.0,69.6,7623.0,76.7,9936.3,710.2,9.3
1987-01,Total - Gender,12102.0,10059.0,2043.0,59.8,13376.2,66.1,20225.3,1274.3,9.5
1987-01,Women+,5189.1,3759.2,1430.0,50.4,5753.2,55.9,10289.0,564.1,9.8
1987-02,Men+,6927.2,6323.3,603.9,69.6,7636.4,76.8,9947.0,709.2,9.3
1987-02,Total - Gender,12131.4,10091.6,2039.8,59.9,13406.7,66.2,20248.6,1275.3,9.5
1987-02,Women+,5204.2,3768.3,1435.9,50.5,5770.3,56.0,10301.6,566.1,9.8
1987-03,Men+,6954.9,6371.5,583.4,69.9,7648.5,76.8,9956.4,693.6,9.1
1987-03,Total - Gender,12182.0,10169.2,2012.8,60.1,13441.3,66.3,20268.9,1259.3,9.4
1987-03,Women+,5227.2,3797.7,1429.4,50.7,5792.8,56.2,10312.5,565.7,9.8
1987-04,Men+,6979.9,6381.5,598.5,70.0,7657.9,76.8,9966.3,678.0,8.9
1987-04,Total - Gender,12229.5,10186.9,2042.6,60.3,13466.6,66.4,20289.9,1237.1,9.2
1987-04,Women+,5249.5,3805.4,1444.1,50.8,5808.7,56.3,10323.6,559.2,9.6
1987-05,Men+,7010.3,6408.3,602.0,70.3,7670.0,76.9,9976.4,659.7,8.6
1987-05,Total - Gender,12285.7,10219.9,2065.8,60.5,13486.8,66.4,20311.5,1201.1,8.9
1987-05,Women+,5275.4,3811.6,1463.8,51.0,5816.8,56.3,10335.1,541.4,9.3
1987-06,Men+,7020.2,6410.0,610.2,70.3,7675.4,76.8,9989.5,655.2,8.5
1987-06,Total - Gender,12319.4,10261.3,2058.1,60.6,13523.2,66.5,20339.2,1203.8,8.9
1987-06,Women+,5299.2,3851.3,1447.8,51.2,5847.8,56.5,10349.7,548.6,9.4
1987-07,Men+,7024.8,6432.9,591.9,70.3,7666.9,76.7,9999.6,642.2,8.4
1987-07,Total - Gender,12345.5,10293.6,2051.9,60.6,13524.7,66.4,20360.6,1179.2,8.7
1987-07,Women+,5320.8,3860.7,1460.1,51.4,5857.8,56.5,10361.0,537.0,9.2
1987-08,Men+,7037.8,6444.8,593.0,70.3,7678.0,76.7,10009.6,640.3,8.3
1987-08,Total - Gender,12376.2,10326.5,2049.7,60.7,13543.2,66.4,20381.6,1167.0,8.6
1987-08,Women+,5338.4,3881.7,1456.7,51.5,5865.1,56.5,10372.0,526.8,9.0
1987-09,Men+,7065.9,6459.9,606.0,70.5,7691.2,76.7,10022.5,625.4,8.1
1987-09,Total - Gender,12421.9,10378.3,2043.6,60.9,13568.0,66.5,20408.3,1146.1,8.4
1987-09,Women+,5356.1,3918.4,1437.6,51.6,5876.8,56.6,10385.7,520.7,8.9
1987-10,Men+,7099.9,6463.3,636.6,70.8,7713.3,76.9,10032.2,613.4,8.0
1987-10,Total - Gender,12487.4,10426.9,2060.5,61.1,13617.0,66.7,20428.5,1129.7,8.3
1987-10,Women+,5387.5,3963.6,1423.9,51.8,5903.7,56.8,10396.2,516.2,8.7
1987-11,Men+,7116.5,6477.8,638.8,70.9,7713.8,76.8,10041.9,597.2,7.7
1987-11,Total - Gender,12519.4,10429.2,2090.2,61.2,13632.6,66.7,20448.3,1113.2,8.2
1987-11,Women+,5402.8,3951.5,1451.4,51.9,5918.8,56.9,10406.5,516.0,8.7
1987-12,Men+,7147.6,6518.9,628.7,71.1,7743.8,77.0,10050.8,596.3,7.7
1987-12,Total - Gender,12583.3,10478.6,2104.7,61.5,13680.4,66.8,20467.1,1097.1,8.0
1987-12,Women+,5435.8,3959.7,1476.1,52.2,5936.6,57.0,10416.2,500.8,8.4
1988-01,Men+,7161.0,6544.5,616.4,71.2,7759.7,77.1,10061.3,598.7,7.7
1988-01,Total - Gender,12601.9,10494.5,2107.5,61.5,13708.4,66.9,20489.4,1106.5,8.1
1988-01,Women+,5441.0,3949.9,1491.0,52.2,5948.7,57.0,10428.1,507.8,8.5
1988-02,Men+,7172.3,6542.4,629.9,71.2,7749.5,76.9,10071.5,577.2,7.4
1988-02,Total - Gender,12642.6,10530.0,2112.6,61.6,13711.0,66.8,20510.8,1068.4,7.8
1988-02,Women+,5470.4,3987.7,1482.7,52.4,5961.5,57.1,10439.3,491.1,8.2
1988-03,Men+,7181.7,6544.6,637.0,71.2,7758.7,77.0,10080.6,577.1,7.4
1988-03,Total - Gender,12662.6,10520.4,2142.3,61.7,13730.4,66.9,20530.0,1067.8,7.8
1988-03,Women+,5481.0,3975.7,1505.2,52.5,5971.7,57.1,10449.4,490.7,8.2
1988-04,Men+,7170.8,6551.5,619.3,71.1,7745.3,76.8,10090.4,574.5,7.4
1988-04,Total - Gender,12676.0,10532.7,2143.4,61.7,13732.3,66.8,20550.6,1056.2,7.7
1988-04,Women+,5505.3,3981.2,1524.1,52.6,5986.9,57.2,10460.3,481.7,8.0
1988-05,Men+,7164.1,6541.3,622.8,70.9,7745.0,76.7,10103.6,580.9,7.5
1988-05,Total - Gender,12679.7,10572.5,2107.2,61.6,13747.1,66.8,20577.9,1067.4,7.8
1988-05,Women+,5515.7,4031.2,1484.4,52.7,6002.1,57.3,10474.4,486.5,8.1
1988-06,Men+,7163.1,6547.7,615.4,70.8,7723.6,76.4,10114.2,560.5,7.3
1988-06,Total - Gender,12698.1,10577.4,2120.7,61.6,13742.0,66.7,20600.0,1043.9,7.6
1988-06,Women+,5535.1,4029.7,1505.3,52.8,6018.4,57.4,10485.8,483.4,8.0
1988-07,Men+,7174.6,6579.3,595.3,70.9,7741.0,76.5,10124.6,566.4,7.3
1988-07,Total - Gender,12711.8,10615.1,2096.8,61.6,13781.5,66.8,20622.0,1069.6,7.8
1988-07,Women+,5537.2,4035.7,1501.5,52.7,6040.5,57.5,10497.4,503.3,8.3
1988-08,Men+,7179.9,6563.0,616.9,70.8,7740.7,76.4,10138.0,560.9,7.2
1988-08,Total - Gender,12720.0,10584.0,2136.1,61.6,13797.7,66.8,20650.4,1077.6,7.8
1988-08,Women+,5540.1,4021.0,1519.1,52.7,6056.9,57.6,10512.4,516.8,8.5
1988-09,Men+,7170.2,6516.2,654.0,70.7,7750.9,76.4,10148.3,580.7,7.5
1988-09,Total - Gender,12732.8,10544.3,2188.5,61.6,13816.8,66.8,20672.5,1084.0,7.8
1988-09,Women+,5562.7,4028.1,1534.5,52.9,6065.9,57.6,10524.2,503.2,8.3
1988-10,Men+,7170.3,6542.0,628.3,70.6,7760.5,76.4,10158.1,590.3,7.6
1988-10,Total - Gender,12765.0,10592.4,2172.6,61.7,13842.9,66.9,20693.6,1077.9,7.8
1988-10,Women+,5594.7,4050.4,1544.4,53.1,6082.4,57.7,10535.5,487.6,8.0
1988-11,Men+,7198.1,6563.3,634.9,70.8,7774.1,76.5,10167.7,576.0,7.4
1988-11,Total - Gender,12795.8,10608.7,2187.1,61.8,13872.6,67.0,20714.3,1076.8,7.8
1988-11,Women+,5597.7,4045.4,1552.3,53.1,6098.6,57.8,10546.7,500.9,8.2
1988-12,Men+,7222.6,6588.5,634.1,71.0,7792.1,76.6,10177.2,569.4,7.3
1988-12,Total - Gender,12849.4,10684.3,2165.1,62.0,13884.5,67.0,20734.5,1035.1,7.5
1988-12,Women+,5626.8,4095.9,1530.9,53.3,6092.4,57.7,10557.4,465.6,7.6
1989-01,Men+,7261.1,6615.2,645.9,71.3,7831.1,76.8,10190.5,570.0,7.3
1989-01,Total - Gender,12922.0,10742.1,2179.9,62.2,13971.6,67.3,20763.1,1049.6,7.5
1989-01,Women+,5660.9,4126.9,1534.0,53.5,6140.6,58.1,10572.6,479.6,7.8
1989-02,Men+,7277.9,6633.5,644.3,71.4,7857.0,77.0,10200.0,579.2,7.4
1989-02,Total - Gender,12936.8,10754.1,2182.8,62.2,13997.7,67.4,20783.3,1060.8,7.6
1989-02,Women+,5659.0,4120.5,1538.4,53.5,6140.7,58.0,10583.3,481.7,7.8
1989-03,Men+,7299.8,6642.7,657.1,71.5,7883.9,77.2,10210.4,584.2,7.4
1989-03,Total - Gender,12982.4,10796.8,2185.6,62.4,14041.5,67.5,20805.4,1059.1,7.5
1989-03,Women+,5682.6,4154.1,1528.5,53.6,6157.5,58.1,10595.0,474.9,7.7
1989-04,Men+,7285.2,6647.7,637.5,71.3,7879.3,77.1,10221.2,594.1,7.5
1989-04,Total - Gender,12959.9,10803.8,2156.1,62.2,14049.7,67.5,20828.2,1089.8,7.8
1989-04,Women+,5674.7,4156.1,1518.5,53.5,6170.3,58.2,10607.1,495.7,8.0
1989-05,Men+,7284.1,6667.9,616.3,71.2,7866.5,76.9,10235.4,582.4,7.4
1989-05,Total - Gender,12962.2,10836.7,2125.5,62.1,14039.6,67.3,20858.6,1077.4,7.7
1989-05,Women+,5678.1,4168.8,1509.3,53.4,6173.1,58.1,10623.2,495.0,8.0
1989-06,Men+,7290.4,6669.1,621.3,71.1,7869.7,76.8,10247.1,579.3,7.4
1989-06,Total - Gender,12979.4,10837.9,2141.5,62.2,14030.7,67.2,20883.0,1051.3,7.5
1989-06,Women+,5689.1,4168.8,1520.2,53.5,6161.0,57.9,10635.9,472.0,7.7
1989-07,Men+,7284.9,6683.1,601.8,71.0,7855.8,76.6,10259.3,570.8,7.3
1989-07,Total - Gender,12979.8,10896.0,2083.8,62.1,14025.9,67.1,20907.8,1046.1,7.5
1989-07,Women+,5694.9,4212.9,1482.0,53.5,6170.1,57.9,10648.6,475.2,7.7
1989-08,Men+,7310.1,6709.4,600.7,71.1,7863.7,76.5,10274.7,553.6,7.0
1989-08,Total - Gender,13029.1,10932.4,2096.7,62.2,14058.8,67.1,20938.9,1029.7,7.3
1989-08,Women+,5719.0,4223.0,1496.0,53.6,6195.1,58.1,10664.1,476.1,7.7
1989-09,Men+,7310.1,6664.3,645.9,71.1,7870.2,76.5,10287.0,560.0,7.1
1989-09,Total - Gender,13029.5,10854.4,2175.1,62.2,14062.1,67.1,20963.6,1032.6,7.3
1989-09,Women+,5719.4,4190.2,1529.2,53.6,6191.9,58.0,10676.6,472.5,7.6
1989-10,Men+,7302.7,6661.1,641.6,70.9,7856.3,76.3,10301.8,553.5,7.0
1989-10,Total - Gender,13034.5,10869.5,2165.0,62.1,14048.5,66.9,20993.6,1014.0,7.2
1989-10,Women+,5731.8,4208.4,1523.4,53.6,6192.3,57.9,10691.9,460.5,7.4
1989-11,Men+,7311.0,6653.6,657.4,70.9,7891.2,76.5,10313.4,580.1,7.4
1989-11,Total - Gender,13059.7,10859.8,2199.9,62.1,14114.9,67.2,21017.0,1055.2,7.5
1989-11,Women+,5748.7,4206.2,1542.5,53.7,6223.8,58.1,10703.6,475.1,7.6
1989-12,Men+,7302.1,6637.2,664.9,70.7,7899.1,76.5,10324.6,597.0,7.6
1989-12,Total - Gender,13066.8,10866.5,2200.3,62.1,14150.0,67.3,21039.1,1083.2,7.7
1989-12,Women+,5764.7,4229.3,1535.4,53.8,6251.0,58.3,10714.6,486.3,7.8
1990-01,Men+,7318.1,6662.2,655.9,70.8,7946.4,76.9,10337.0,628.3,7.9
1990-01,Total - Gender,13101.4,10907.2,2194.2,62.2,14220.5,67.5,21064.5,1119.1,7.9
1990-01,Women+,5783.3,4245.0,1538.3,53.9,6274.1,58.5,10727.5,490.8,7.8
1990-02,Men+,7338.2,6672.0,666.2,70.9,7937.9,76.7,10347.7,599.7,7.6
1990-02,Total - Gender,13134.9,10930.7,2204.2,62.3,14228.5,67.5,21085.8,1093.6,7.7
1990-02,Women+,5796.7,4258.7,1538.0,54.0,6290.6,58.6,10738.1,493.9,7.9
1990-03,Men+,7333.8,6650.7,683.1,70.8,7908.5,76.3,10359.6,574.7,7.3
1990-03,Total - Gender,13126.1,10903.5,2222.6,62.2,14159.9,67.1,21109.5,1033.8,7.3
1990-03,Women+,5792.3,4252.8,1539.5,53.9,6251.4,58.2,10749.9,459.1,7.3
1990-04,Men+,7332.8,6656.2,676.6,70.7,7928.3,76.4,10376.2,595.5,7.5
1990-04,Total - Gender,13141.3,10930.1,2211.1,62.2,14218.1,67.2,21142.7,1076.8,7.6
1990-04,Women+,5808.5,4273.9,1534.6,53.9,6289.8,58.4,10766.5,481.3,7.7
1990-05,Men+,7298.2,6629.5,668.7,70.2,7908.1,76.1,10390.0,609.9,7.7
1990-05,Total - Gender,13101.9,10919.4,2182.5,61.9,14207.1,67.1,21170.0,1105.2,7.8
1990-05,Women+,5803.7,4289.9,1513.8,53.8,6299.0,58.4,10780.0,495.3,7.9
1990-06,Men+,7296.1,6633.7,662.4,70.1,7892.6,75.9,10403.6,596.5,7.6
1990-06,Total - Gender,13134.4,10935.8,2198.6,62.0,14215.2,67.1,21197.5,1080.8,7.6
1990-06,Women+,5838.3,4302.1,1536.3,54.1,6322.6,58.6,10793.9,484.2,7.7
1990-07,Men+,7282.3,6635.6,646.7,69.9,7913.1,75.9,10420.6,630.7,8.0
1990-07,Total - Gender,13113.6,10948.4,2165.1,61.8,14242.1,67.1,21233.1,1128.5,7.9
1990-07,Women+,5831.3,4312.8,1518.5,53.9,6329.0,58.5,10812.5,497.8,7.9
1990-08,Men+,7269.9,6629.0,640.9,69.7,7923.3,75.9,10433.2,653.4,8.2
1990-08,Total - Gender,13100.3,10922.2,2178.1,61.6,14262.0,67.1,21261.0,1161.8,8.1
1990-08,Women+,5830.4,4293.2,1537.2,53.8,6338.7,58.5,10827.7,508.3,8.0
1990-09,Men+,7269.2,6605.2,664.0,69.6,7954.2,76.2,10444.7,685.1,8.6
1990-09,Total - Gender,13089.5,10842.4,2247.0,61.5,14307.6,67.2,21286.8,1218.1,8.5
1990-09,Women+,5820.3,4237.3,1583.0,53.7,6353.4,58.6,10842.1,533.0,8.4
1990-10,Men+,7235.7,6563.7,672.0,69.2,7940.2,75.9,10458.5,704.6,8.9
1990-10,Total - Gender,13039.3,10789.4,2250.0,61.2,14299.4,67.1,21317.2,1260.1,8.8
1990-10,Women+,5803.7,4225.7,1578.0,53.4,6359.2,58.6,10858.6,555.6,8.7
1990-11,Men+,7191.1,6522.2,668.9,68.7,7929.7,75.7,10470.1,738.5,9.3
1990-11,Total - Gender,12985.3,10727.2,2258.1,60.8,14291.6,67.0,21342.5,1306.3,9.1
1990-11,Women+,5794.2,4205.0,1589.2,53.3,6362.0,58.5,10872.3,567.8,8.9
1990-12,Men+,7157.9,6463.9,694.0,68.3,7934.5,75.7,10480.7,776.6,9.8
1990-12,Total - Gender,12934.7,10655.9,2278.8,60.5,14289.8,66.9,21366.2,1355.0,9.5
1990-12,Women+,5776.9,4192.0,1584.9,53.1,6355.3,58.4,10885.5,578.4,9.1
1991-01,Men+,7122.0,6432.8,689.2,67.9,7923.1,75.5,10493.4,801.1,10.1
1991-01,Total - Gender,12894.2,10596.0,2298.2,60.3,14291.8,66.8,21394.7,1397.6,9.8
1991-01,Women+,5772.2,4163.2,1609.0,52.9,6368.7,58.4,10901.3,596.5,9.4
1991-02,Men+,7085.1,6391.7,693.4,67.4,7928.1,75.5,10504.3,842.9,10.6
1991-02,Total - Gender,12845.1,10551.3,2293.9,60.0,14297.0,66.8,21418.6,1451.8,10.2
1991-02,Women+,5760.0,4159.6,1600.4,52.8,6368.9,58.4,10914.3,608.9,9.6
1991-03,Men+,7041.0,6352.9,688.1,67.0,7910.2,75.2,10515.7,869.2,11.0
1991-03,Total - Gender,12809.2,10517.2,2292.1,59.7,14308.8,66.7,21443.8,1499.5,10.5
1991-03,Women+,5768.2,4164.3,1603.9,52.8,6398.6,58.6,10928.1,630.4,9.9
1991-04,Men+,7069.7,6353.1,716.6,67.1,7927.1,75.3,10530.0,857.4,10.8
1991-04,Total - Gender,12850.7,10506.1,2344.6,59.8,14326.1,66.7,21475.8,1475.4,10.3
1991-04,Women+,5781.0,4153.0,1628.0,52.8,6399.0,58.5,10945.8,618.0,9.7
1991-05,Men+,7075.9,6374.4,701.6,67.1,7931.2,75.2,10542.1,855.3,10.8
1991-05,Total - Gender,12879.9,10575.5,2304.4,59.9,14347.1,66.7,21502.0,1467.2,10.2
1991-05,Women+,5804.0,4201.1,1602.8,53.0,6415.8,58.5,10960.0,611.9,9.5
1991-06,Men+,7074.7,6367.8,706.9,67.0,7950.0,75.3,10553.9,875.3,11.0
1991-06,Total - Gender,12886.3,10557.5,2328.8,59.9,14396.7,66.9,21528.2,1510.4,10.5
1991-06,Women+,5811.6,4189.7,1621.9,53.0,6446.8,58.7,10974.3,635.1,9.9
1991-07,Men+,7071.8,6347.4,724.4,66.9,7945.7,75.2,10567.5,873.9,11.0
1991-07,Total - Gender,12872.3,10508.3,2364.0,59.7,14383.0,66.7,21553.8,1510.7,10.5
1991-07,Women+,5800.5,4161.0,1639.5,52.8,6437.3,58.6,10986.4,636.8,9.9
1991-08,Men+,7065.3,6333.3,732.0,66.8,7949.6,75.2,10577.2,884.3,11.1
1991-08,Total - Gender,12876.2,10508.8,2367.5,59.7,14388.0,66.7,21571.3,1511.7,10.5
1991-08,Women+,5810.9,4175.4,1635.5,52.9,6438.4,58.6,10994.1,627.4,9.7
1991-09,Men+,7058.5,6327.3,731.2,66.6,7921.9,74.8,10591.0,863.4,10.9
1991-09,Total - Gender,12855.4,10521.6,2333.7,59.5,14333.3,66.4,21595.6,1477.9,10.3
1991-09,Women+,5796.9,4194.3,1602.6,52.7,6411.4,58.3,11004.5,614.6,9.6
1991-10,Men+,7063.5,6333.1,730.3,66.6,7920.6,74.7,10601.8,857.1,10.8
1991-10,Total - Gender,12861.0,10523.0,2338.1,59.5,14340.6,66.3,21614.4,1479.6,10.3
1991-10,Women+,5797.6,4189.8,1607.7,52.6,6420.0,58.3,11012.6,622.4,9.7
1991-11,Men+,7043.9,6316.8,727.1,66.4,7899.3,74.4,10615.0,855.4,10.8
1991-11,Total - Gender,12823.2,10491.4,2331.9,59.3,14304.1,66.1,21638.0,1480.9,10.4
1991-11,Women+,5779.3,4174.5,1604.8,52.4,6404.8,58.1,11023.1,625.5,9.8
1991-12,Men+,7028.5,6323.0,705.5,66.1,7887.8,74.2,10629.0,859.3,10.9
1991-12,Total - Gender,12810.2,10498.1,2312.2,59.1,14286.1,65.9,21663.5,1475.9,10.3
1991-12,Women+,5781.7,4175.1,1606.7,52.4,6398.3,58.0,11034.5,616.5,9.6
1992-01,Men+,7002.1,6262.5,739.6,65.8,7872.7,74.0,10643.1,870.6,11.1
1992-01,Total - Gender,12790.2,10441.5,2348.7,59.0,14280.1,65.8,21689.1,1489.8,10.4
1992-01,Women+,5788.1,4179.1,1609.1,52.4,6407.4,58.0,11045.9,619.2,9.7
1992-02,Men+,6976.2,6250.5,725.7,65.5,7853.4,73.7,10653.2,877.2,11.2
1992-02,Total - Gender,12771.3,10422.6,2348.7,58.8,14268.0,65.7,21706.9,1496.7,10.5
1992-02,Women+,5795.2,4172.1,1623.0,52.4,6414.6,58.0,11053.7,619.4,9.7
1992-03,Men+,6975.6,6242.5,733.1,65.4,7889.8,73.9,10669.3,914.2,11.6
1992-03,Total - Gender,12744.9,10385.7,2359.2,58.6,14299.2,65.8,21735.9,1554.3,10.9
1992-03,Women+,5769.4,4143.2,1626.1,52.1,6409.4,57.9,11066.6,640.0,10.0
1992-04,Men+,6961.3,6229.6,731.7,65.2,7863.8,73.6,10682.1,902.4,11.5
1992-04,Total - Gender,12730.9,10378.9,2352.0,58.5,14260.9,65.5,21759.0,1530.0,10.7
1992-04,Women+,5769.6,4149.3,1620.3,52.1,6397.1,57.8,11076.8,627.5,9.8
1992-05,Men+,6973.4,6252.3,721.1,65.2,7907.4,73.9,10695.5,934.0,11.8
1992-05,Total - Gender,12736.6,10387.8,2348.8,58.5,14301.4,65.7,21782.8,1564.8,10.9
1992-05,Women+,5763.2,4135.5,1627.7,52.0,6394.0,57.7,11087.4,630.8,9.9
1992-06,Men+,6956.3,6223.5,732.8,64.9,7940.3,74.1,10711.3,984.0,12.4
1992-06,Total - Gender,12717.3,10398.7,2318.6,58.3,14350.5,65.8,21811.7,1633.2,11.4
1992-06,Women+,5761.0,4175.2,1585.8,51.9,6410.2,57.7,11100.5,649.2,10.1
1992-07,Men+,6970.1,6233.5,736.6,65.0,7931.7,74.0,10721.8,961.6,12.1
1992-07,Total - Gender,12732.5,10363.4,2369.1,58.3,14354.1,65.7,21835.0,1621.6,11.3
1992-07,Women+,5762.4,4129.8,1632.5,51.9,6422.4,57.8,11113.2,660.0,10.3
1992-08,Men+,6935.0,6188.0,747.0,64.6,7944.6,74.0,10731.8,1009.6,12.7
1992-08,Total - Gender,12693.7,10295.8,2398.0,58.1,14371.5,65.8,21857.6,1677.8,11.7
1992-08,Women+,5758.8,4107.8,1651.0,51.8,6426.9,57.8,11125.8,668.2,10.4
1992-09,Men+,6948.8,6207.9,740.8,64.7,7945.3,74.0,10743.9,996.5,12.5
1992-09,Total - Gender,12700.1,10331.8,2368.3,58.0,14368.2,65.7,21885.1,1668.1,11.6
1992-09,Women+,5751.3,4123.9,1627.4,51.6,6422.9,57.6,11141.2,671.6,10.5
1992-10,Men+,6947.0,6217.9,729.1,64.6,7929.1,73.7,10753.4,982.1,12.4
1992-10,Total - Gender,12713.0,10340.5,2372.5,58.0,14347.2,65.5,21906.4,1634.2,11.4
1992-10,Women+,5766.0,4122.6,1643.4,51.7,6418.1,57.5,11153.0,652.1,10.2
1992-11,Men+,6939.7,6216.3,723.4,64.5,7965.2,74.0,10761.8,1025.6,12.9
1992-11,Total - Gender,12704.8,10348.1,2356.6,57.9,14453.6,65.9,21926.2,1748.9,12.1
1992-11,Women+,5765.1,4131.8,1633.3,51.6,6488.4,58.1,11164.4,723.3,11.1
1992-12,Men+,6953.7,6228.5,725.2,64.6,7928.8,73.6,10770.3,975.1,12.3
1992-12,Total - Gender,12721.9,10341.9,2380.1,58.0,14404.7,65.6,21946.2,1682.7,11.7
1992-12,Women+,5768.2,4113.3,1654.9,51.6,6475.9,57.9,11175.9,707.6,10.9
1993-01,Men+,6980.1,6237.7,742.5,64.7,7914.2,73.4,10780.1,934.0,11.8
1993-01,Total - Gender,12755.0,10369.2,2385.8,58.1,14359.1,65.4,21969.3,1604.1,11.2
1993-01,Women+,5774.9,4131.5,1643.4,51.6,6445.0,57.6,11189.2,670.1,10.4
1993-02,Men+,6992.5,6240.1,752.4,64.8,7899.8,73.2,10789.2,907.3,11.5
1993-02,Total - Gender,12763.2,10352.6,2410.6,58.0,14333.2,65.2,21991.1,1570.0,11.0
1993-02,Women+,5770.7,4112.4,1658.3,51.5,6433.4,57.4,11201.9,662.7,10.3
1993-03,Men+,6992.1,6231.3,760.8,64.8,7922.1,73.4,10798.2,930.0,11.7
1993-03,Total - Gender,12780.7,10370.7,2410.0,58.1,14390.3,65.4,22012.4,1609.6,11.2
1993-03,Women+,5788.6,4139.4,1649.2,51.6,6468.2,57.7,11214.2,679.6,10.5
1993-04,Men+,6986.9,6213.3,773.7,64.7,7934.5,73.4,10806.9,947.6,11.9
1993-04,Total - Gender,12748.8,10328.9,2419.9,57.9,14417.0,65.4,22032.8,1668.2,11.6
1993-04,Women+,5761.9,4115.6,1646.3,51.3,6482.5,57.7,11225.9,720.7,11.1
1993-05,Men+,6987.0,6198.0,789.0,64.6,7944.0,73.4,10815.8,957.0,12.0
1993-05,Total - Gender,12755.9,10283.8,2472.2,57.8,14431.6,65.4,22053.5,1675.7,11.6
1993-05,Women+,5768.9,4085.7,1683.2,51.3,6487.6,57.7,11237.7,718.7,11.1
1993-06,Men+,6984.8,6179.9,805.0,64.5,7971.4,73.6,10828.4,986.5,12.4
1993-06,Total - Gender,12780.0,10277.3,2502.7,57.9,14469.7,65.5,22082.6,1689.7,11.7
1993-06,Women+,5795.1,4097.4,1697.7,51.5,6498.3,57.7,11254.2,703.1,10.8
1993-07,Men+,7000.9,6195.4,805.5,64.6,7974.1,73.6,10838.9,973.1,12.2
1993-07,Total - Gender,12789.6,10290.3,2499.3,57.9,14470.8,65.5,22104.9,1681.2,11.6
1993-07,Women+,5788.6,4094.9,1693.8,51.4,6496.7,57.7,11266.0,708.1,10.9
1993-08,Men+,7005.2,6215.9,789.4,64.6,7945.6,73.2,10851.5,940.3,11.8
1993-08,Total - Gender,12808.1,10336.5,2471.7,57.9,14430.9,65.2,22132.2,1622.8,11.2
1993-08,Women+,5802.9,4120.6,1682.3,51.4,6485.4,57.5,11280.6,682.5,10.5
1993-09,Men+,7002.4,6215.7,786.7,64.5,7983.5,73.5,10862.1,981.1,12.3
1993-09,Total - Gender,12840.5,10363.4,2477.1,58.0,14505.0,65.5,22154.2,1664.5,11.5
1993-09,Women+,5838.1,4147.7,1690.4,51.7,6521.5,57.8,11292.1,683.5,10.5
1993-10,Men+,6998.4,6229.4,769.1,64.4,7937.8,73.0,10871.9,939.3,11.8
1993-10,Total - Gender,12825.3,10369.2,2456.1,57.8,14453.5,65.2,22174.9,1628.2,11.3
1993-10,Women+,5826.9,4139.9,1687.1,51.6,6515.8,57.6,11303.0,688.9,10.6
1993-11,Men+,7018.1,6224.7,793.4,64.5,7962.0,73.2,10880.6,943.9,11.9
1993-11,Total - Gender,12873.9,10379.6,2494.3,58.0,14505.3,65.4,22193.6,1631.4,11.2
1993-11,Women+,5855.8,4154.9,1700.9,51.8,6543.3,57.8,11313.0,687.5,10.5
1993-12,Men+,7013.5,6221.0,792.5,64.4,7954.8,73.0,10889.7,941.3,11.8
1993-12,Total - Gender,12848.4,10358.1,2490.4,57.8,14496.1,65.3,22212.9,1647.7,11.4
1993-12,Women+,5835.0,4137.1,1697.9,51.5,6541.4,57.8,11323.2,706.4,10.8
1994-01,Men+,7011.4,6232.3,779.1,64.3,7971.6,73.1,10899.5,960.2,12.0
1994-01,Total - Gender,12856.4,10373.2,2483.2,57.8,14513.2,65.3,22233.7,1656.8,11.4
1994-01,Women+,5844.9,4140.9,1704.0,51.6,6541.5,57.7,11334.2,696.6,10.6
1994-02,Men+,7042.5,6248.3,794.2,64.6,7978.0,73.1,10910.1,935.5,11.7
1994-02,Total - Gender,12889.5,10397.7,2491.8,57.9,14492.1,65.1,22256.4,1602.6,11.1
1994-02,Women+,5847.0,4149.4,1697.6,51.5,6514.1,57.4,11346.3,667.1,10.2
1994-03,Men+,7061.2,6279.9,781.3,64.7,7944.4,72.7,10920.8,883.2,11.1
1994-03,Total - Gender,12928.6,10422.0,2506.6,58.0,14458.4,64.9,22279.1,1529.8,10.6
1994-03,Women+,5867.4,4142.1,1725.4,51.7,6514.0,57.4,11358.2,646.6,9.9
1994-04,Men+,7083.7,6300.9,782.8,64.8,7994.5,73.1,10932.1,910.8,11.4
1994-04,Total - Gender,12940.7,10454.9,2485.8,58.0,14527.7,65.1,22302.6,1587.0,10.9
1994-04,Women+,5857.0,4154.0,1703.0,51.5,6533.2,57.5,11370.5,676.3,10.4
1994-05,Men+,7126.5,6362.5,764.1,65.1,8009.5,73.2,10946.3,882.9,11.0
1994-05,Total - Gender,13012.4,10548.8,2463.6,58.3,14565.8,65.2,22332.6,1553.4,10.7
1994-05,Women+,5885.9,4186.3,1699.6,51.7,6556.4,57.6,11386.3,670.5,10.2
1994-06,Men+,7135.7,6377.7,758.0,65.1,7995.3,73.0,10957.4,859.6,10.8
1994-06,Total - Gender,13041.5,10570.2,2471.3,58.3,14543.5,65.1,22356.2,1501.9,10.3
1994-06,Women+,5905.8,4192.6,1713.3,51.8,6548.2,57.4,11398.7,642.4,9.8
1994-07,Men+,7171.7,6409.7,762.0,65.4,8015.2,73.1,10969.3,843.5,10.5
1994-07,Total - Gender,13098.5,10617.5,2481.0,58.5,14564.7,65.1,22380.7,1466.3,10.1
1994-07,Women+,5926.8,4207.8,1719.0,51.9,6549.6,57.4,11411.4,622.8,9.5
1994-08,Men+,7181.1,6419.2,761.9,65.4,8031.1,73.1,10984.2,850.0,10.6
1994-08,Total - Gender,13115.2,10628.4,2486.8,58.5,14601.3,65.2,22411.1,1486.0,10.2
1994-08,Women+,5934.1,4209.3,1724.9,51.9,6570.2,57.5,11426.9,636.1,9.7
1994-09,Men+,7201.6,6445.2,756.4,65.5,8063.0,73.3,10995.2,861.4,10.7
1994-09,Total - Gender,13176.9,10689.8,2487.1,58.7,14664.8,65.4,22433.5,1487.9,10.1
1994-09,Women+,5975.3,4244.6,1730.7,52.2,6601.8,57.7,11438.3,626.5,9.5
1994-10,Men+,7203.0,6427.2,775.8,65.4,8025.8,72.9,11006.3,822.8,10.3
1994-10,Total - Gender,13168.8,10692.2,2476.7,58.6,14626.2,65.1,22455.2,1457.4,10.0
1994-10,Women+,5965.8,4265.0,1700.8,52.1,6600.4,57.7,11448.9,634.6,9.6
1994-11,Men+,7254.3,6467.8,786.6,65.8,8075.4,73.3,11017.0,821.1,10.2
1994-11,Total - Gender,13259.2,10803.2,2456.0,59.0,14676.6,65.3,22476.2,1417.5,9.7
1994-11,Women+,6004.9,4335.4,1669.5,52.4,6601.2,57.6,11459.2,596.3,9.0
1994-12,Men+,7220.2,6464.8,755.5,65.5,8028.6,72.8,11026.6,808.4,10.1
1994-12,Total - Gender,13245.8,10814.7,2431.1,58.9,14653.2,65.1,22495.7,1407.4,9.6
1994-12,Women+,6025.6,4350.0,1675.6,52.5,6624.6,57.8,11469.1,599.0,9.0
1995-01,Men+,7251.3,6483.1,768.1,65.7,8038.7,72.8,11041.3,787.5,9.8
1995-01,Total - Gender,13269.5,10802.6,2466.8,58.9,14672.0,65.1,22524.7,1402.6,9.6
1995-01,Women+,6018.2,4319.5,1698.7,52.4,6633.3,57.8,11483.4,615.1,9.3
1995-02,Men+,7248.6,6480.4,768.2,65.6,8029.5,72.7,11051.8,780.9,9.7
1995-02,Total - Gender,13262.3,10813.3,2449.0,58.8,14662.7,65.0,22545.8,1400.4,9.6
1995-02,Women+,6013.7,4332.9,1680.8,52.3,6633.2,57.7,11494.1,619.5,9.3
1995-03,Men+,7262.3,6493.5,768.9,65.6,8064.7,72.9,11063.1,802.4,9.9
1995-03,Total - Gender,13290.5,10839.6,2451.0,58.9,14719.6,65.2,22568.6,1429.1,9.7
1995-03,Women+,6028.2,4346.1,1682.1,52.4,6654.9,57.8,11505.5,626.7,9.4
1995-04,Men+,7254.1,6494.9,759.2,65.5,8043.1,72.6,11075.2,789.0,9.8
1995-04,Total - Gender,13268.9,10793.8,2475.1,58.7,14656.5,64.9,22592.9,1387.7,9.5
1995-04,Women+,6014.8,4298.9,1715.9,52.2,6613.5,57.4,11517.8,598.7,9.1
1995-05,Men+,7239.2,6461.0,778.2,65.3,8039.1,72.5,11090.4,799.9,10.0
1995-05,Total - Gender,13265.8,10755.8,2510.0,58.6,14660.6,64.8,22623.5,1394.7,9.5
1995-05,Women+,6026.7,4294.8,1731.9,52.3,6621.5,57.4,11533.1,594.8,9.0
1995-06,Men+,7244.3,6466.1,778.2,65.2,8039.8,72.4,11102.7,795.5,9.9
1995-06,Total - Gender,13278.2,10770.6,2507.6,58.6,14672.9,64.8,22647.9,1394.7,9.5
1995-06,Women+,6033.9,4304.5,1729.4,52.3,6633.1,57.5,11545.2,599.2,9.0
1995-07,Men+,7248.5,6460.4,788.1,65.2,8055.1,72.5,11114.8,806.6,10.0
1995-07,Total - Gender,13280.6,10784.3,2496.3,58.6,14698.9,64.8,22672.6,1418.3,9.6
1995-07,Women+,6032.1,4323.9,1708.2,52.2,6643.8,57.5,11557.8,611.7,9.2
1995-08,Men+,7261.5,6476.1,785.4,65.2,8056.3,72.4,11129.8,794.8,9.9
1995-08,Total - Gender,13297.8,10801.3,2496.4,58.6,14701.6,64.8,22702.9,1403.8,9.5
1995-08,Women+,6036.3,4325.3,1711.0,52.2,6645.3,57.4,11573.2,609.0,9.2
1995-09,Men+,7272.0,6486.6,785.4,65.3,8038.5,72.2,11141.2,766.5,9.5
1995-09,Total - Gender,13331.2,10813.1,2518.1,58.7,14688.1,64.6,22725.8,1356.9,9.2
1995-09,Women+,6059.2,4326.4,1732.8,52.3,6649.6,57.4,11584.6,590.4,8.9
1995-10,Men+,7279.2,6488.2,791.0,65.3,8057.5,72.2,11153.2,778.3,9.7
1995-10,Total - Gender,13347.0,10842.6,2504.4,58.7,14716.6,64.7,22749.7,1369.6,9.3
1995-10,Women+,6067.8,4354.4,1713.4,52.3,6659.1,57.4,11596.4,591.3,8.9
1995-11,Men+,7275.9,6495.2,780.6,65.2,8034.7,72.0,11164.3,758.8,9.4
1995-11,Total - Gender,13315.0,10790.8,2524.3,58.5,14672.0,64.4,22772.3,1357.0,9.2
1995-11,Women+,6039.2,4295.5,1743.7,52.0,6637.4,57.2,11608.0,598.2,9.0
1995-12,Men+,7298.6,6496.0,802.6,65.3,8079.6,72.3,11174.7,781.0,9.7
1995-12,Total - Gender,13356.8,10793.2,2563.6,58.6,14736.5,64.7,22793.6,1379.7,9.4
1995-12,Women+,6058.2,4297.2,1761.0,52.1,6656.9,57.3,11618.8,598.7,9.0
1996-01,Men+,7309.3,6504.2,805.1,65.3,8104.3,72.5,11185.3,795.0,9.8
1996-01,Total - Gender,13374.5,10815.0,2559.5,58.6,14769.6,64.7,22821.0,1395.1,9.4
1996-01,Women+,6065.2,4310.8,1754.4,52.1,6665.3,57.3,11635.6,600.1,9.0
1996-02,Men+,7309.9,6492.3,817.5,65.3,8112.3,72.4,11197.3,802.4,9.9
1996-02,Total - Gender,13399.4,10827.0,2572.3,58.7,14810.2,64.8,22844.7,1410.8,9.5
1996-02,Women+,6089.5,4334.7,1754.8,52.3,6697.9,57.5,11647.4,608.4,9.1
1996-03,Men+,7294.6,6497.7,796.8,65.1,8099.6,72.3,11209.5,805.0,9.9
1996-03,Total - Gender,13377.2,10833.9,2543.3,58.5,14790.3,64.7,22868.7,1413.1,9.6
1996-03,Women+,6082.6,4336.1,1746.5,52.2,6690.7,57.4,11659.2,608.1,9.1
1996-04,Men+,7315.7,6517.5,798.3,65.2,8095.6,72.1,11221.4,779.8,9.6
1996-04,Total - Gender,13404.1,10865.2,2538.8,58.6,14780.8,64.6,22892.2,1376.7,9.3
1996-04,Women+,6088.3,4347.8,1740.5,52.2,6685.2,57.3,11670.8,596.9,8.9
1996-05,Men+,7312.7,6510.2,802.5,65.1,8098.1,72.1,11236.6,785.5,9.7
1996-05,Total - Gender,13425.6,10867.4,2558.2,58.6,14793.6,64.5,22922.4,1368.0,9.2
1996-05,Women+,6112.9,4357.2,1755.8,52.3,6695.5,57.3,11685.8,582.5,8.7
1996-06,Men+,7307.5,6513.0,794.6,65.0,8130.4,72.3,11248.6,822.9,10.1
1996-06,Total - Gender,13412.9,10865.8,2547.1,58.5,14866.2,64.8,22945.9,1453.3,9.8
1996-06,Women+,6105.3,4352.8,1752.5,52.2,6735.8,57.6,11697.3,630.4,9.4
1996-07,Men+,7341.1,6568.6,772.5,65.2,8150.2,72.4,11263.8,809.2,9.9
1996-07,Total - Gender,13440.4,10907.4,2533.0,58.5,14891.6,64.8,22976.2,1451.2,9.7
1996-07,Women+,6099.3,4338.8,1760.5,52.1,6741.4,57.6,11712.4,642.1,9.5
1996-08,Men+,7349.1,6569.3,779.8,65.2,8125.0,72.1,11275.9,775.9,9.5
1996-08,Total - Gender,13456.6,10929.0,2527.6,58.5,14859.5,64.6,23000.0,1402.9,9.4
1996-08,Women+,6107.5,4359.6,1747.8,52.1,6734.5,57.4,11724.1,627.1,9.3
1996-09,Men+,7310.2,6518.9,791.4,64.7,8124.0,72.0,11290.4,813.8,10.0
1996-09,Total - Gender,13414.4,10855.7,2558.7,58.3,14889.6,64.7,23028.4,1475.2,9.9
1996-09,Women+,6104.2,4336.9,1767.4,52.0,6765.6,57.6,11738.0,661.4,9.8
1996-10,Men+,7311.3,6546.9,764.4,64.7,8137.3,72.0,11301.5,826.0,10.2
1996-10,Total - Gender,13412.8,10872.8,2540.0,58.2,14892.2,64.6,23050.4,1479.3,9.9
1996-10,Women+,6101.5,4325.9,1775.6,51.9,6754.8,57.5,11748.9,653.3,9.7
1996-11,Men+,7325.0,6558.2,766.8,64.7,8152.6,72.1,11312.8,827.6,10.2
1996-11,Total - Gender,13441.5,10872.0,2569.6,58.3,14912.8,64.6,23071.9,1471.3,9.9
1996-11,Women+,6116.6,4313.8,1802.8,52.0,6760.3,57.5,11759.1,643.7,9.5
1996-12,Men+,7343.1,6576.7,766.3,64.9,8158.3,72.1,11322.9,815.3,10.0
1996-12,Total - Gender,13465.7,10872.5,2593.2,58.3,14918.8,64.6,23092.0,1453.1,9.7
1996-12,Women+,6122.6,4295.8,1826.8,52.0,6760.5,57.4,11769.1,637.8,9.4
1997-01,Men+,7375.2,6596.5,778.8,65.1,8167.4,72.1,11334.5,792.1,9.7
1997-01,Total - Gender,13535.9,10948.2,2587.7,58.6,14951.9,64.7,23114.7,1416.0,9.5
1997-01,Women+,6160.7,4351.8,1808.9,52.3,6784.5,57.6,11780.2,623.9,9.2
1997-02,Men+,7376.0,6596.4,779.6,65.0,8181.6,72.1,11344.6,805.6,9.8
1997-02,Total - Gender,13538.1,10930.7,2607.4,58.5,14961.8,64.7,23134.5,1423.7,9.5
1997-02,Women+,6162.1,4334.2,1827.9,52.3,6780.2,57.5,11789.8,618.1,9.1
1997-03,Men+,7383.9,6593.3,790.6,65.0,8170.5,72.0,11355.7,786.7,9.6
1997-03,Total - Gender,13569.8,10937.0,2632.8,58.6,14968.1,64.6,23156.3,1398.2,9.3
1997-03,Women+,6185.9,4343.8,1842.2,52.4,6797.5,57.6,11800.6,611.6,9.0
1997-04,Men+,7366.6,6584.8,781.8,64.8,8160.6,71.8,11370.4,794.0,9.7
1997-04,Total - Gender,13571.2,10959.9,2611.3,58.5,14986.5,64.6,23185.1,1415.3,9.4
1997-04,Women+,6204.6,4375.1,1829.5,52.5,6825.9,57.8,11814.7,621.3,9.1
1997-05,Men+,7431.9,6653.8,778.2,65.3,8217.8,72.2,11382.3,785.8,9.6
1997-05,Total - Gender,13637.2,11028.4,2608.8,58.8,15045.2,64.8,23208.6,1408.0,9.4
1997-05,Women+,6205.3,4374.6,1830.6,52.5,6827.4,57.7,11826.3,622.2,9.1
1997-06,Men+,7465.7,6721.5,744.2,65.5,8210.0,72.0,11396.9,744.3,9.1
1997-06,Total - Gender,13690.0,11133.3,2556.6,58.9,15066.2,64.8,23237.4,1376.2,9.1
1997-06,Women+,6224.3,4411.9,1812.4,52.6,6856.2,57.9,11840.4,631.9,9.2
1997-07,Men+,7485.2,6706.2,779.0,65.6,8231.1,72.1,11409.0,746.0,9.1
1997-07,Total - Gender,13731.5,11080.3,2651.2,59.0,15075.9,64.8,23260.1,1344.4,8.9
1997-07,Women+,6246.3,4374.1,1872.2,52.7,6844.7,57.8,11851.0,598.4,8.7
1997-08,Men+,7523.2,6728.4,794.8,65.9,8270.6,72.4,11421.4,747.4,9.0
1997-08,Total - Gender,13798.9,11124.6,2674.3,59.3,15143.7,65.0,23283.5,1344.8,8.9
1997-08,Women+,6275.7,4396.1,1879.6,52.9,6873.1,57.9,11862.0,597.4,8.7
1997-09,Men+,7547.5,6767.0,780.5,66.0,8290.1,72.5,11436.9,742.6,9.0
1997-09,Total - Gender,13815.9,11221.0,2595.0,59.3,15155.2,65.0,23312.7,1339.3,8.8
1997-09,Women+,6268.5,4454.0,1814.5,52.8,6865.1,57.8,11875.8,596.7,8.7
1997-10,Men+,7567.5,6759.9,807.6,66.1,8301.5,72.5,11449.1,734.0,8.8
1997-10,Total - Gender,13833.1,11206.3,2626.8,59.3,15180.5,65.1,23335.3,1347.4,8.9
1997-10,Women+,6265.6,4446.4,1819.2,52.7,6878.9,57.9,11886.2,613.4,8.9
1997-11,Men+,7576.0,6759.8,816.2,66.1,8308.0,72.5,11460.5,732.1,8.8
1997-11,Total - Gender,13859.5,11233.6,2625.9,59.3,15205.8,65.1,23356.4,1346.3,8.9
1997-11,Women+,6283.5,4473.8,1809.7,52.8,6897.8,58.0,11895.9,614.3,8.9
1997-12,Men+,7578.1,6777.4,800.7,66.1,8293.2,72.3,11470.8,715.1,8.6
1997-12,Total - Gender,13874.9,11295.6,2579.2,59.4,15158.0,64.8,23375.4,1283.1,8.5
1997-12,Women+,6296.8,4518.2,1778.5,52.9,6864.8,57.7,11904.5,568.1,8.3
1998-01,Men+,7563.0,6761.2,801.9,65.9,8293.4,72.2,11483.0,730.4,8.8
1998-01,Total - Gender,13864.8,11286.2,2578.7,59.3,15202.8,65.0,23397.5,1337.9,8.8
1998-01,Women+,6301.8,4525.0,1776.8,52.9,6909.4,58.0,11914.6,607.6,8.8
1998-02,Men+,7576.8,6800.8,776.0,65.9,8289.1,72.1,11494.8,712.3,8.6
1998-02,Total - Gender,13914.5,11327.7,2586.8,59.4,15217.1,65.0,23419.2,1302.6,8.6
1998-02,Women+,6337.7,4526.9,1810.7,53.1,6928.0,58.1,11924.4,590.3,8.5
1998-03,Men+,7584.5,6782.3,802.3,65.9,8280.4,72.0,11505.2,695.9,8.4
1998-03,Total - Gender,13949.4,11328.6,2620.8,59.5,15222.9,64.9,23438.6,1273.4,8.4
1998-03,Women+,6364.9,4546.4,1818.6,53.3,6942.5,58.2,11933.4,577.5,8.3
1998-04,Men+,7587.7,6775.7,812.0,65.9,8288.6,72.0,11516.7,700.9,8.5
1998-04,Total - Gender,13977.6,11322.4,2655.2,59.6,15238.5,65.0,23459.9,1260.9,8.3
1998-04,Women+,6389.9,4546.8,1843.2,53.5,6949.9,58.2,11943.2,560.0,8.1
1998-05,Men+,7606.3,6807.5,798.7,66.0,8304.9,72.0,11528.6,698.6,8.4
1998-05,Total - Gender,13993.3,11366.9,2626.4,59.6,15257.6,65.0,23482.1,1264.3,8.3
1998-05,Women+,6387.1,4559.3,1827.7,53.4,6952.7,58.2,11953.5,565.6,8.1
1998-06,Men+,7608.5,6791.2,817.3,65.9,8327.0,72.1,11543.3,718.6,8.6
1998-06,Total - Gender,14005.8,11383.5,2622.3,59.6,15284.1,65.0,23509.5,1278.2,8.4
1998-06,Women+,6397.3,4592.3,1805.1,53.5,6957.0,58.1,11966.2,559.7,8.0
1998-07,Men+,7622.8,6786.8,836.1,66.0,8350.1,72.3,11552.7,727.2,8.7
1998-07,Total - Gender,14063.8,11392.9,2670.9,59.8,15333.4,65.2,23528.9,1269.6,8.3
1998-07,Women+,6441.0,4606.1,1834.8,53.8,6983.3,58.3,11976.2,542.4,7.8
1998-08,Men+,7640.1,6832.7,807.4,66.1,8339.4,72.1,11561.7,699.3,8.4
1998-08,Total - Gender,14101.7,11441.7,2660.0,59.9,15341.4,65.2,23547.6,1239.7,8.1
1998-08,Women+,6461.6,4609.0,1852.6,53.9,7002.0,58.4,11985.9,540.4,7.7
1998-09,Men+,7647.0,6851.9,795.1,66.1,8356.8,72.2,11573.8,709.7,8.5
1998-09,Total - Gender,14140.7,11473.4,2667.3,60.0,15405.4,65.4,23572.2,1264.7,8.2
1998-09,Women+,6493.7,4621.5,1872.2,54.1,7048.7,58.7,11998.4,555.0,7.9
1998-10,Men+,7642.3,6849.7,792.6,66.0,8347.7,72.1,11583.6,705.4,8.5
1998-10,Total - Gender,14159.4,11508.7,2650.7,60.0,15392.5,65.2,23592.3,1233.1,8.0
1998-10,Women+,6517.1,4659.0,1858.1,54.3,7044.8,58.7,12008.7,527.7,7.5
1998-11,Men+,7666.5,6870.5,796.0,66.1,8374.5,72.2,11593.1,708.0,8.5
1998-11,Total - Gender,14198.9,11524.9,2674.1,60.1,15439.1,65.4,23611.5,1240.2,8.0
1998-11,Women+,6532.4,4654.4,1878.1,54.4,7064.7,58.8,12018.5,532.2,7.5
1998-12,Men+,7664.2,6870.0,794.3,66.1,8373.9,72.2,11601.9,709.7,8.5
1998-12,Total - Gender,14200.0,11498.9,2701.1,60.1,15459.0,65.4,23629.5,1259.0,8.1
1998-12,Women+,6535.8,4628.9,1906.9,54.3,7085.0,58.9,12027.6,549.3,7.8
1999-01,Men+,7711.7,6915.6,796.1,66.4,8394.4,72.3,11612.4,682.6,8.1
1999-01,Total - Gender,14273.3,11592.2,2681.2,60.3,15499.4,65.5,23650.9,1226.0,7.9
1999-01,Women+,6561.6,4676.5,1885.1,54.5,7105.0,59.0,12038.4,543.4,7.6
1999-02,Men+,7708.4,6904.0,804.4,66.3,8392.8,72.2,11623.0,684.4,8.2
1999-02,Total - Gender,14263.3,11612.2,2651.0,60.3,15486.6,65.4,23672.2,1223.3,7.9
1999-02,Women+,6554.9,4708.2,1846.7,54.4,7093.8,58.9,12049.2,539.0,7.6
1999-03,Men+,7725.5,6921.8,803.7,66.4,8406.1,72.3,11633.5,680.6,8.1
1999-03,Total - Gender,14278.7,11643.7,2635.0,60.3,15497.7,65.4,23693.5,1219.0,7.9
1999-03,Women+,6553.2,4721.9,1831.3,54.3,7091.7,58.8,12060.0,538.5,7.6
1999-04,Men+,7752.4,6954.7,797.7,66.6,8456.0,72.6,11644.8,703.6,8.3
1999-04,Total - Gender,14316.6,11693.4,2623.2,60.4,15592.5,65.7,23716.0,1275.9,8.2
1999-04,Women+,6564.2,4738.7,1825.4,54.4,7136.4,59.1,12071.2,572.3,8.0
1999-05,Men+,7767.7,6972.1,795.6,66.6,8449.4,72.5,11656.7,681.7,8.1
1999-05,Total - Gender,14352.7,11731.6,2621.1,60.5,15591.5,65.7,23739.9,1238.8,7.9
1999-05,Women+,6585.0,4759.5,1825.5,54.5,7142.1,59.1,12083.2,557.1,7.8
1999-06,Men+,7774.7,6976.7,798.0,66.6,8428.5,72.2,11671.6,653.8,7.8
1999-06,Total - Gender,14373.0,11721.4,2651.5,60.5,15553.3,65.4,23769.7,1180.3,7.6
1999-06,Women+,6598.2,4744.7,1853.6,54.5,7124.8,58.9,12098.1,526.6,7.4
1999-07,Men+,7796.9,6972.3,824.6,66.7,8453.6,72.4,11683.5,656.7,7.8
1999-07,Total - Gender,14430.9,11754.3,2676.5,60.7,15610.2,65.6,23792.9,1179.3,7.6
1999-07,Women+,6633.9,4782.0,1851.9,54.8,7156.5,59.1,12109.3,522.6,7.3
1999-08,Men+,7797.2,6985.7,811.4,66.7,8455.8,72.3,11697.9,658.6,7.8
1999-08,Total - Gender,14451.8,11769.0,2682.8,60.7,15610.6,65.5,23820.6,1158.9,7.4
1999-08,Women+,6654.6,4783.3,1871.4,54.9,7154.8,59.0,12122.6,500.2,7.0
1999-09,Men+,7825.2,7012.8,812.4,66.8,8498.9,72.6,11710.4,673.7,7.9
1999-09,Total - Gender,14474.6,11816.2,2658.4,60.7,15645.9,65.6,23844.8,1171.3,7.5
1999-09,Women+,6649.4,4803.4,1846.0,54.8,7147.0,58.9,12134.4,497.6,7.0
1999-10,Men+,7860.2,7056.7,803.5,67.0,8497.7,72.5,11723.1,637.5,7.5
1999-10,Total - Gender,14514.7,11864.4,2650.2,60.8,15640.3,65.5,23869.2,1125.6,7.2
1999-10,Women+,6654.5,4807.7,1846.7,54.8,7142.6,58.8,12146.0,488.2,6.8
1999-11,Men+,7887.0,7081.2,805.8,67.2,8497.8,72.4,11735.5,610.9,7.2
1999-11,Total - Gender,14549.4,11923.4,2626.0,60.9,15633.5,65.4,23892.8,1084.1,6.9
1999-11,Women+,6662.4,4842.2,1820.2,54.8,7135.7,58.7,12157.3,473.3,6.6
1999-12,Men+,7933.6,7118.6,815.0,67.5,8524.8,72.6,11747.3,591.2,6.9
1999-12,Total - Gender,14611.3,11978.4,2632.9,61.1,15671.1,65.5,23915.0,1059.8,6.8
1999-12,Women+,6677.7,4859.9,1817.8,54.9,7146.3,58.7,12167.7,468.6,6.6
2000-01,Men+,7934.7,7129.4,805.3,67.5,8532.6,72.6,11759.3,598.0,7.0
2000-01,Total - Gender,14652.7,12006.9,2645.9,61.2,15720.8,65.7,23937.8,1068.1,6.8
2000-01,Women+,6718.1,4877.5,1840.6,55.2,7188.2,59.0,12178.5,470.1,6.5
2000-02,Men+,7935.0,7141.0,794.0,67.4,8526.5,72.4,11772.9,591.5,6.9
2000-02,Total - Gender,14672.2,12027.3,2645.0,61.2,15753.3,65.7,23963.5,1081.1,6.9
2000-02,Women+,6737.2,4886.2,1851.0,55.3,7226.8,59.3,12190.6,489.6,6.8
2000-03,Men+,7953.5,7145.1,808.5,67.5,8542.4,72.5,11786.4,588.9,6.9
2000-03,Total - Gender,14697.5,12061.5,2636.0,61.3,15779.8,65.8,23988.6,1082.3,6.9
2000-03,Women+,6744.0,4916.5,1827.5,55.3,7237.4,59.3,12202.2,493.4,6.8
2000-04,Men+,7969.6,7120.4,849.2,67.5,8557.8,72.5,11800.2,588.3,6.9
2000-04,Total - Gender,14722.7,12034.4,2688.2,61.3,15787.2,65.7,24014.6,1064.5,6.7
2000-04,Women+,6753.1,4914.1,1839.0,55.3,7229.3,59.2,12214.4,476.2,6.6
2000-05,Men+,7956.9,7135.5,821.4,67.3,8536.6,72.2,11818.1,579.7,6.8
2000-05,Total - Gender,14736.4,12076.6,2659.8,61.3,15783.8,65.6,24048.5,1047.5,6.6
2000-05,Women+,6779.5,4941.1,1838.4,55.4,7247.2,59.3,12230.3,467.7,6.5
2000-06,Men+,7940.5,7128.9,811.6,67.1,8539.4,72.2,11832.8,598.9,7.0
2000-06,Total - Gender,14746.8,12074.9,2671.9,61.3,15807.8,65.7,24076.3,1061.0,6.7
2000-06,Women+,6806.4,4946.0,1860.3,55.6,7268.5,59.4,12243.5,462.1,6.4
2000-07,Men+,7961.4,7137.1,824.3,67.2,8540.8,72.1,11846.6,579.4,6.8
2000-07,Total - Gender,14750.4,12079.5,2670.9,61.2,15818.5,65.6,24102.5,1068.0,6.8
2000-07,Women+,6789.1,4942.4,1846.6,55.4,7277.7,59.4,12255.9,488.6,6.7
2000-08,Men+,7963.3,7127.6,835.7,67.1,8576.8,72.3,11863.7,613.5,7.2
2000-08,Total - Gender,14770.3,12082.3,2688.0,61.2,15883.5,65.8,24134.6,1113.1,7.0
2000-08,Women+,6807.1,4954.7,1852.3,55.5,7306.6,59.5,12271.0,499.6,6.8
2000-09,Men+,7987.5,7148.2,839.3,67.2,8592.2,72.3,11878.1,604.7,7.0
2000-09,Total - Gender,14812.2,12081.8,2730.4,61.3,15916.3,65.9,24162.1,1104.1,6.9
2000-09,Women+,6824.7,4933.6,1891.1,55.6,7324.0,59.6,12284.0,499.3,6.8
2000-10,Men+,7997.6,7170.1,827.4,67.2,8601.7,72.3,11892.7,604.2,7.0
2000-10,Total - Gender,14835.3,12138.8,2696.5,61.3,15955.7,66.0,24189.6,1120.4,7.0
2000-10,Women+,6837.7,4968.7,1869.1,55.6,7354.0,59.8,12296.9,516.2,7.0
2000-11,Men+,8014.8,7185.3,829.5,67.3,8628.1,72.5,11907.0,613.3,7.1
2000-11,Total - Gender,14871.4,12203.6,2667.8,61.4,15982.1,66.0,24216.4,1110.7,6.9
2000-11,Women+,6856.6,5018.3,1838.3,55.7,7354.0,59.7,12309.5,497.4,6.8
2000-12,Men+,8057.8,7207.7,850.1,67.6,8651.9,72.6,11920.6,594.1,6.9
2000-12,Total - Gender,14920.0,12219.9,2700.1,61.5,16003.2,66.0,24241.9,1083.2,6.8
2000-12,Women+,6862.1,5012.2,1850.0,55.7,7351.3,59.7,12321.3,489.2,6.7
2001-01,Men+,8026.8,7196.6,830.2,67.3,8628.1,72.4,11924.2,601.3,7.0
2001-01,Total - Gender,14894.4,12196.3,2698.0,61.4,15994.5,65.9,24255.3,1100.1,6.9
2001-01,Women+,6867.6,4999.7,1867.8,55.7,7366.4,59.7,12331.1,498.8,6.8
2001-02,Men+,8022.0,7186.4,835.6,67.2,8648.3,72.4,11937.5,626.3,7.2
2001-02,Total - Gender,14883.9,12202.3,2681.5,61.3,16004.4,65.9,24280.4,1120.5,7.0
2001-02,Women+,6861.9,5015.9,1846.0,55.6,7356.1,59.6,12342.9,494.2,6.7
2001-03,Men+,8005.0,7176.5,828.5,67.0,8655.3,72.4,11952.2,650.3,7.5
2001-03,Total - Gender,14888.7,12202.6,2686.1,61.2,16033.2,66.0,24308.1,1144.6,7.1
2001-03,Women+,6883.7,5026.2,1857.6,55.7,7378.0,59.7,12356.0,494.3,6.7
2001-04,Men+,8028.0,7177.5,850.5,67.1,8674.1,72.5,11971.3,646.2,7.4
2001-04,Total - Gender,14922.3,12221.1,2701.2,61.3,16066.9,66.0,24344.9,1144.7,7.1
2001-04,Women+,6894.3,5043.6,1850.7,55.7,7392.8,59.7,12373.5,498.5,6.7
2001-05,Men+,8024.8,7176.3,848.4,66.9,8665.6,72.3,11987.2,640.9,7.4
2001-05,Total - Gender,14946.2,12219.5,2726.7,61.3,16076.9,66.0,24375.1,1130.6,7.0
2001-05,Women+,6921.5,5043.2,1878.3,55.9,7411.2,59.8,12388.0,489.8,6.6
2001-06,Men+,8026.9,7171.7,855.2,66.9,8684.1,72.3,12003.4,657.2,7.6
2001-06,Total - Gender,14922.5,12218.3,2704.2,61.1,16085.1,65.9,24406.3,1162.6,7.2
2001-06,Women+,6895.6,5046.6,1849.0,55.6,7401.0,59.7,12402.9,505.4,6.8
2001-07,Men+,8033.9,7185.9,848.0,66.8,8665.0,72.1,12021.5,631.1,7.3
2001-07,Total - Gender,14946.3,12187.2,2759.1,61.1,16083.9,65.8,24442.1,1137.7,7.1
2001-07,Women+,6912.4,5001.3,1911.1,55.7,7419.0,59.7,12420.6,506.6,6.8
2001-08,Men+,8038.0,7198.4,839.6,66.8,8688.2,72.2,12036.0,650.2,7.5
2001-08,Total - Gender,14948.5,12262.6,2685.9,61.1,16112.4,65.8,24470.7,1163.9,7.2
2001-08,Women+,6910.5,5064.2,1846.3,55.6,7424.3,59.7,12434.7,513.8,6.9
2001-09,Men+,8040.1,7182.1,858.0,66.7,8682.9,72.1,12050.2,642.8,7.4
2001-09,Total - Gender,14972.8,12273.0,2699.8,61.1,16131.5,65.8,24498.4,1158.7,7.2
2001-09,Women+,6932.7,5090.9,1841.8,55.7,7448.6,59.8,12448.3,516.0,6.9
2001-10,Men+,8040.6,7187.5,853.0,66.7,8708.0,72.2,12063.5,667.4,7.7
2001-10,Total - Gender,14976.9,12274.0,2702.9,61.1,16159.8,65.9,24525.1,1182.9,7.3
2001-10,Women+,6936.3,5086.5,1849.8,55.7,7451.8,59.8,12461.6,515.5,6.9
2001-11,Men+,8025.6,7181.4,844.2,66.5,8715.2,72.2,12076.5,689.6,7.9
2001-11,Total - Gender,14990.3,12240.7,2749.6,61.1,16199.7,66.0,24550.9,1209.4,7.5
2001-11,Women+,6964.7,5059.3,1905.4,55.8,7484.5,60.0,12474.3,519.8,6.9
2001-12,Men+,8001.1,7140.1,861.0,66.2,8765.2,72.5,12088.9,764.0,8.7
2001-12,Total - Gender,14965.6,12199.9,2765.7,60.9,16276.1,66.2,24575.0,1310.4,8.1
2001-12,Women+,6964.5,5059.8,1904.7,55.8,7510.9,60.2,12486.1,546.4,7.3
2002-01,Men+,8013.7,7137.6,876.1,66.2,8789.2,72.6,12105.7,775.5,8.8
2002-01,Total - Gender,15019.4,12223.1,2796.3,61.0,16327.4,66.3,24608.4,1307.9,8.0
2002-01,Women+,7005.7,5085.5,1920.3,56.0,7538.2,60.3,12502.7,532.5,7.1
2002-02,Men+,8054.7,7176.2,878.5,66.5,8808.2,72.7,12118.5,753.5,8.6
2002-02,Total - Gender,15042.3,12262.0,2780.3,61.1,16338.5,66.3,24634.0,1296.2,7.9
2002-02,Women+,6987.6,5085.8,1901.9,55.8,7530.3,60.2,12515.4,542.7,7.2
2002-03,Men+,8100.9,7232.5,868.4,66.8,8839.8,72.9,12133.0,738.9,8.4
2002-03,Total - Gender,15120.5,12308.2,2812.4,61.3,16412.2,66.5,24662.4,1291.7,7.9
2002-03,Women+,7019.6,5075.6,1944.0,56.0,7572.4,60.4,12529.5,552.8,7.3
2002-04,Men+,8120.9,7247.4,873.5,66.8,8837.1,72.7,12151.5,716.2,8.1
2002-04,Total - Gender,15167.8,12331.3,2836.5,61.4,16432.5,66.5,24699.4,1264.8,7.7
2002-04,Women+,7046.9,5083.9,1963.0,56.2,7595.4,60.5,12547.9,548.6,7.2
2002-05,Men+,8157.1,7273.0,884.0,67.0,8886.1,73.0,12166.9,729.0,8.2
2002-05,Total - Gender,15222.2,12382.3,2839.9,61.6,16503.6,66.7,24729.8,1281.3,7.8
2002-05,Women+,7065.2,5109.3,1955.9,56.2,7617.5,60.6,12562.9,552.3,7.3
2002-06,Men+,8190.5,7305.5,885.0,67.2,8891.3,73.0,12182.6,700.8,7.9
2002-06,Total - Gender,15284.3,12438.4,2845.9,61.7,16543.3,66.8,24761.0,1259.0,7.6
2002-06,Women+,7093.8,5132.9,1960.9,56.4,7652.0,60.8,12578.3,558.3,7.3
2002-07,Men+,8202.6,7320.7,881.9,67.2,8914.7,73.1,12199.7,712.2,8.0
2002-07,Total - Gender,15324.2,12491.8,2832.4,61.8,16592.8,66.9,24795.8,1268.6,7.6
2002-07,Women+,7121.6,5171.1,1950.5,56.5,7678.0,61.0,12596.1,556.4,7.2
2002-08,Men+,8231.9,7320.8,911.0,67.4,8928.0,73.1,12211.1,696.1,7.8
2002-08,Total - Gender,15406.9,12516.6,2890.3,62.1,16641.8,67.1,24818.6,1235.0,7.4
2002-08,Women+,7175.0,5195.7,1979.3,56.9,7713.9,61.2,12607.5,538.8,7.0
2002-09,Men+,8225.6,7315.8,909.8,67.3,8937.7,73.1,12224.5,712.1,8.0
2002-09,Total - Gender,15405.2,12504.8,2900.4,62.0,16665.1,67.1,24845.8,1259.9,7.6
2002-09,Women+,7179.6,5189.0,1990.7,56.9,7727.4,61.2,12621.3,547.8,7.1
2002-10,Men+,8220.9,7301.9,919.0,67.2,8938.3,73.1,12235.5,717.4,8.0
2002-10,Total - Gender,15419.1,12471.6,2947.5,62.0,16686.5,67.1,24868.1,1267.4,7.6
2002-10,Women+,7198.2,5169.7,2028.5,57.0,7748.2,61.3,12632.6,550.0,7.1
2002-11,Men+,8254.3,7329.4,924.9,67.4,8962.9,73.2,12246.3,708.6,7.9
2002-11,Total - Gender,15467.2,12537.9,2929.3,62.1,16723.4,67.2,24889.7,1256.2,7.5
2002-11,Women+,7212.9,5208.5,2004.4,57.0,7760.5,61.4,12643.4,547.6,7.1
2002-12,Men+,8283.2,7364.7,918.5,67.6,9004.5,73.5,12256.3,721.3,8.0
2002-12,Total - Gender,15524.7,12576.1,2948.6,62.3,16792.7,67.4,24909.8,1268.0,7.6
2002-12,Women+,7241.5,5211.4,2030.1,57.2,7788.2,61.5,12653.5,546.7,7.0
2003-01,Men+,8298.2,7378.7,919.5,67.6,8998.4,73.3,12267.9,700.2,7.8
2003-01,Total - Gender,15544.2,12600.9,2943.3,62.3,16797.0,67.4,24932.7,1252.8,7.5
2003-01,Women+,7246.0,5222.2,2023.8,57.2,7798.5,61.6,12664.8,552.5,7.1
2003-02,Men+,8323.6,7402.4,921.3,67.8,9034.8,73.6,12278.5,711.2,7.9
2003-02,Total - Gender,15601.6,12633.2,2968.4,62.5,16859.0,67.6,24953.8,1257.5,7.5
2003-02,Women+,7278.0,5230.8,2047.1,57.4,7824.2,61.7,12675.3,546.2,7.0
2003-03,Men+,8323.2,7416.0,907.1,67.7,9013.5,73.3,12290.9,690.3,7.7
2003-03,Total - Gender,15609.7,12655.6,2954.0,62.5,16852.4,67.5,24978.6,1242.7,7.4
2003-03,Women+,7286.5,5239.6,2046.9,57.4,7838.9,61.8,12687.7,552.4,7.0
2003-04,Men+,8332.9,7424.8,908.1,67.7,9036.6,73.4,12306.5,703.7,7.8
2003-04,Total - Gender,15593.2,12661.8,2931.4,62.3,16876.8,67.5,25009.7,1283.6,7.6
2003-04,Women+,7260.3,5237.0,2023.3,57.2,7840.2,61.7,12703.3,579.9,7.4
2003-05,Men+,8305.4,7414.6,890.8,67.4,9045.5,73.4,12319.1,740.1,8.2
2003-05,Total - Gender,15574.8,12646.7,2928.0,62.2,16899.5,67.5,25035.1,1324.7,7.8
2003-05,Women+,7269.4,5232.1,2037.3,57.2,7854.0,61.8,12716.0,584.6,7.4
2003-06,Men+,8324.9,7390.9,934.0,67.5,9048.2,73.3,12335.8,723.3,8.0
2003-06,Total - Gender,15627.1,12649.6,2977.5,62.3,16912.6,67.5,25068.7,1285.5,7.6
2003-06,Women+,7302.2,5258.7,2043.5,57.3,7864.4,61.8,12732.9,562.2,7.1
2003-07,Men+,8329.6,7408.1,921.5,67.5,9073.0,73.5,12348.8,743.4,8.2
2003-07,Total - Gender,15648.4,12696.1,2952.3,62.4,16954.4,67.6,25095.9,1306.1,7.7
2003-07,Women+,7318.8,5288.0,2030.8,57.4,7881.5,61.8,12747.1,562.7,7.1
2003-08,Men+,8311.0,7390.4,920.6,67.2,9070.3,73.4,12361.6,759.3,8.4
2003-08,Total - Gender,15638.9,12653.6,2985.3,62.3,16967.3,67.5,25121.7,1328.4,7.8
2003-08,Women+,7327.9,5263.2,2064.7,57.4,7897.0,61.9,12760.2,569.1,7.2
2003-09,Men+,8343.9,7397.2,946.7,67.4,9085.2,73.4,12377.3,741.3,8.2
2003-09,Total - Gender,15674.7,12655.2,3019.6,62.3,17010.1,67.6,25154.0,1335.4,7.9
2003-09,Women+,7330.8,5258.0,2072.9,57.4,7924.9,62.0,12776.7,594.1,7.5
2003-10,Men+,8359.6,7393.9,965.7,67.5,9090.1,73.4,12389.7,730.5,8.0
2003-10,Total - Gender,15729.5,12759.5,2970.0,62.5,17019.1,67.6,25179.6,1289.6,7.6
2003-10,Women+,7370.0,5365.6,2004.4,57.6,7929.0,62.0,12789.9,559.1,7.1
2003-11,Men+,8395.7,7461.1,934.6,67.7,9106.9,73.4,12401.6,711.2,7.8
2003-11,Total - Gender,15778.5,12790.8,2987.7,62.6,17045.5,67.6,25203.7,1267.0,7.4
2003-11,Women+,7382.8,5329.8,2053.1,57.7,7938.6,62.0,12802.1,555.8,7.0
2003-12,Men+,8397.5,7468.0,929.5,67.7,9098.4,73.3,12412.4,700.9,7.7
2003-12,Total - Gender,15821.1,12826.7,2994.5,62.7,17074.4,67.7,25225.6,1253.3,7.3
2003-12,Women+,7423.6,5358.6,2065.0,57.9,7976.1,62.2,12813.2,552.4,6.9
2004-01,Men+,8416.2,7480.8,935.4,67.7,9111.3,73.3,12424.3,695.1,7.6
2004-01,Total - Gender,15819.7,12864.0,2955.7,62.7,17069.9,67.6,25250.0,1250.2,7.3
2004-01,Women+,7403.5,5383.2,2020.3,57.7,7958.6,62.1,12825.7,555.1,7.0
2004-02,Men+,8400.4,7495.1,905.2,67.5,9102.0,73.2,12437.2,701.6,7.7
2004-02,Total - Gender,15826.9,12890.3,2936.7,62.6,17075.4,67.6,25276.5,1248.5,7.3
2004-02,Women+,7426.6,5395.1,2031.4,57.8,7973.4,62.1,12839.3,546.9,6.9
2004-03,Men+,8414.4,7489.9,924.4,67.6,9120.7,73.3,12450.2,706.4,7.7
2004-03,Total - Gender,15836.3,12928.0,2908.3,62.6,17087.2,67.5,25302.8,1250.9,7.3
2004-03,Women+,7421.9,5438.1,1983.8,57.7,7966.5,62.0,12852.7,544.6,6.8
2004-04,Men+,8446.3,7528.5,917.8,67.8,9132.4,73.3,12463.4,686.1,7.5
2004-04,Total - Gender,15882.7,12967.4,2915.3,62.7,17113.6,67.6,25330.1,1230.9,7.2
2004-04,Women+,7436.4,5438.9,1997.5,57.8,7981.2,62.0,12866.7,544.8,6.8
2004-05,Men+,8438.2,7500.4,937.8,67.6,9119.7,73.1,12477.5,681.5,7.5
2004-05,Total - Gender,15900.9,12964.3,2936.7,62.7,17108.6,67.5,25358.7,1207.7,7.1
2004-05,Women+,7462.8,5463.9,1998.9,57.9,7988.9,62.0,12881.1,526.2,6.6
2004-06,Men+,8446.0,7540.3,905.7,67.6,9138.4,73.1,12495.6,692.5,7.6
2004-06,Total - Gender,15923.9,12985.8,2938.2,62.7,17164.0,67.6,25395.6,1240.1,7.2
2004-06,Women+,7478.0,5445.5,2032.5,58.0,8025.6,62.2,12900.0,547.6,6.8
2004-07,Men+,8474.7,7553.1,921.7,67.7,9137.6,73.0,12510.1,662.9,7.3
2004-07,Total - Gender,15937.6,12958.2,2979.4,62.7,17148.3,67.4,25425.1,1210.7,7.1
2004-07,Women+,7462.9,5405.1,2057.7,57.8,8010.7,62.0,12915.0,547.9,6.8
2004-08,Men+,8491.6,7563.3,928.3,67.8,9141.8,73.0,12527.5,650.3,7.1
2004-08,Total - Gender,15945.4,12978.8,2966.6,62.6,17146.8,67.3,25459.9,1201.4,7.0
2004-08,Women+,7453.8,5415.6,2038.3,57.6,8005.0,61.9,12932.5,551.2,6.9
2004-09,Men+,8505.0,7589.0,916.0,67.8,9164.9,73.1,12540.8,659.9,7.2
2004-09,Total - Gender,15978.9,13033.0,2945.8,62.7,17170.7,67.4,25487.3,1191.8,6.9
2004-09,Women+,7473.9,5444.0,2029.9,57.7,8005.8,61.8,12946.6,531.9,6.6
2004-10,Men+,8524.2,7609.7,914.5,67.9,9187.4,73.2,12553.7,663.3,7.2
2004-10,Total - Gender,15989.6,13036.3,2953.3,62.7,17203.4,67.4,25513.4,1213.8,7.1
2004-10,Women+,7465.4,5426.6,2038.8,57.6,8015.9,61.9,12959.7,550.5,6.9
2004-11,Men+,8524.6,7598.9,925.7,67.8,9196.7,73.2,12565.3,672.1,7.3
2004-11,Total - Gender,16008.3,13026.9,2981.4,62.7,17249.1,67.5,25537.2,1240.8,7.2
2004-11,Women+,7483.7,5428.0,2055.7,57.7,8052.4,62.1,12971.9,568.6,7.1
2004-12,Men+,8527.2,7595.5,931.6,67.8,9213.6,73.3,12576.8,686.5,7.5
2004-12,Total - Gender,16022.8,13039.9,2982.9,62.7,17252.0,67.5,25560.2,1229.2,7.1
2004-12,Women+,7495.6,5444.3,2051.3,57.7,8038.3,61.9,12983.5,542.7,6.8
2005-01,Men+,8531.5,7633.5,898.0,67.8,9195.4,73.0,12589.3,663.9,7.2
2005-01,Total - Gender,16034.0,13066.5,2967.5,62.7,17226.1,67.3,25585.5,1192.1,6.9
2005-01,Women+,7502.5,5433.0,2069.5,57.7,8030.7,61.8,12996.2,528.2,6.6
2005-02,Men+,8530.5,7608.4,922.1,67.7,9200.5,73.0,12603.1,670.0,7.3
2005-02,Total - Gender,16047.1,13080.2,2966.9,62.7,17254.4,67.4,25613.5,1207.3,7.0
2005-02,Women+,7516.6,5471.9,2044.8,57.8,8053.9,61.9,13010.4,537.3,6.7
2005-03,Men+,8538.0,7604.0,934.0,67.7,9199.3,72.9,12616.6,661.3,7.2
2005-03,Total - Gender,16046.5,13072.6,2973.8,62.6,17230.8,67.2,25640.9,1184.3,6.9
2005-03,Women+,7508.4,5468.6,2039.8,57.6,8031.4,61.7,13024.3,523.0,6.5
2005-04,Men+,8530.3,7606.3,924.0,67.5,9187.0,72.7,12630.4,656.7,7.1
2005-04,Total - Gender,16072.3,13107.6,2964.6,62.6,17233.3,67.1,25668.9,1161.0,6.7
2005-04,Women+,7542.0,5501.3,2040.7,57.8,8046.3,61.7,13038.5,504.3,6.3
2005-05,Men+,8555.0,7599.0,956.0,67.6,9223.6,72.9,12649.1,668.6,7.2
2005-05,Total - Gender,16076.7,13083.1,2993.5,62.5,17285.1,67.2,25706.5,1208.4,7.0
2005-05,Women+,7521.7,5484.2,2037.5,57.6,8061.4,61.7,13057.4,539.8,6.7
2005-06,Men+,8566.2,7637.6,928.6,67.6,9218.2,72.8,12664.9,652.0,7.1
2005-06,Total - Gender,16101.8,13156.4,2945.4,62.6,17277.7,67.1,25738.6,1175.9,6.8
2005-06,Women+,7535.6,5518.8,2016.8,57.6,8059.5,61.6,13073.7,523.9,6.5
2005-07,Men+,8588.4,7655.9,932.5,67.7,9250.2,72.9,12680.9,661.8,7.2
2005-07,Total - Gender,16142.2,13171.7,2970.5,62.6,17300.7,67.1,25771.7,1158.5,6.7
2005-07,Women+,7553.8,5515.7,2038.0,57.7,8050.4,61.5,13090.7,496.7,6.2
2005-08,Men+,8610.1,7681.4,928.6,67.8,9260.4,72.9,12700.1,650.4,7.0
2005-08,Total - Gender,16186.6,13211.6,2975.0,62.7,17349.0,67.2,25810.4,1162.4,6.7
2005-08,Women+,7576.6,5530.2,2046.4,57.8,8088.6,61.7,13110.3,512.0,6.3
2005-09,Men+,8606.8,7656.4,950.4,67.7,9239.7,72.7,12714.5,632.9,6.8
2005-09,Total - Gender,16172.2,13216.5,2955.7,62.6,17331.9,67.1,25839.5,1159.7,6.7
2005-09,Women+,7565.4,5560.1,2005.3,57.6,8092.2,61.7,13125.0,526.8,6.5
2005-10,Men+,8633.8,7667.2,966.6,67.8,9254.4,72.7,12728.5,620.7,6.7
2005-10,Total - Gender,16211.7,13197.3,3014.5,62.7,17372.5,67.2,25867.3,1160.8,6.7
2005-10,Women+,7578.0,5530.1,2047.8,57.7,8118.1,61.8,13138.8,540.1,6.7
2005-11,Men+,8629.1,7682.6,946.5,67.7,9240.1,72.5,12741.7,611.0,6.6
2005-11,Total - Gender,16241.2,13255.2,2986.0,62.7,17338.1,67.0,25894.4,1096.9,6.3
2005-11,Women+,7612.1,5572.6,2039.6,57.9,8098.1,61.6,13152.7,485.9,6.0
2005-12,Men+,8640.8,7692.1,948.8,67.7,9252.9,72.5,12754.0,612.1,6.6
2005-12,Total - Gender,16232.3,13277.2,2955.1,62.6,17373.6,67.0,25918.9,1141.3,6.6
2005-12,Women+,7591.5,5585.1,2006.4,57.7,8120.7,61.7,13164.9,529.3,6.5
2006-01,Men+,8625.6,7664.4,961.2,67.5,9273.1,72.6,12771.2,647.5,7.0
2006-01,Total - Gender,16261.0,13283.9,2977.1,62.7,17436.6,67.2,25953.3,1175.6,6.7
2006-01,Women+,7635.4,5619.6,2015.8,57.9,8163.5,61.9,13182.1,528.1,6.5
2006-02,Men+,8662.4,7679.6,982.8,67.8,9290.3,72.7,12784.1,627.8,6.8
2006-02,Total - Gender,16292.2,13284.4,3007.8,62.7,17439.1,67.1,25978.8,1146.9,6.6
2006-02,Women+,7629.8,5604.8,2025.0,57.8,8148.8,61.8,13194.7,519.0,6.4
2006-03,Men+,8694.3,7717.2,977.1,67.9,9309.1,72.7,12798.1,614.9,6.6
2006-03,Total - Gender,16347.3,13337.7,3009.6,62.9,17479.8,67.2,26007.0,1132.5,6.5
2006-03,Women+,7653.0,5620.5,2032.5,57.9,8170.6,61.9,13209.0,517.6,6.3
2006-04,Men+,8701.4,7738.7,962.7,67.9,9309.8,72.7,12812.7,608.4,6.5
2006-04,Total - Gender,16383.5,13399.6,2984.0,62.9,17516.9,67.3,26036.5,1133.4,6.5
2006-04,Women+,7682.1,5660.8,2021.3,58.1,8207.1,62.1,13223.8,525.0,6.4
2006-05,Men+,8733.9,7789.9,944.0,68.1,9329.2,72.7,12832.0,595.2,6.4
2006-05,Total - Gender,16450.4,13473.9,2976.5,63.1,17544.9,67.3,26074.9,1094.5,6.2
2006-05,Women+,7716.5,5684.0,2032.5,58.3,8215.7,62.0,13242.9,499.2,6.1
2006-06,Men+,8721.5,7748.4,973.1,67.9,9324.0,72.6,12848.1,602.6,6.5
2006-06,Total - Gender,16432.5,13421.1,3011.5,62.9,17538.7,67.2,26106.8,1106.1,6.3
2006-06,Women+,7711.0,5672.7,2038.3,58.2,8214.6,62.0,13258.7,503.6,6.1
2006-07,Men+,8716.9,7740.1,976.8,67.8,9344.2,72.6,12863.3,627.2,6.7
2006-07,Total - Gender,16440.4,13441.4,2999.1,62.9,17587.9,67.3,26139.1,1147.5,6.5
2006-07,Women+,7723.5,5701.2,2022.3,58.2,8243.8,62.1,13275.8,520.3,6.3
2006-08,Men+,8727.8,7762.2,965.6,67.8,9368.3,72.7,12881.8,640.5,6.8
2006-08,Total - Gender,16435.7,13482.8,2952.8,62.8,17584.7,67.2,26177.3,1149.0,6.5
2006-08,Women+,7707.9,5720.6,1987.3,58.0,8216.4,61.8,13295.6,508.6,6.2
2006-09,Men+,8731.8,7779.4,952.4,67.7,9390.9,72.8,12895.6,659.1,7.0
2006-09,Total - Gender,16468.0,13500.4,2967.6,62.8,17613.0,67.2,26206.5,1145.0,6.5
2006-09,Women+,7736.2,5721.0,2015.1,58.1,8222.0,61.8,13310.9,485.9,5.9
2006-10,Men+,8741.5,7793.3,948.2,67.7,9366.3,72.6,12908.8,624.8,6.7
2006-10,Total - Gender,16487.5,13505.6,2981.9,62.8,17605.4,67.1,26234.1,1117.8,6.3
2006-10,Women+,7746.1,5712.3,2033.8,58.1,8239.1,61.8,13325.3,493.0,6.0
2006-11,Men+,8733.6,7753.0,980.6,67.6,9384.8,72.6,12921.3,651.2,6.9
2006-11,Total - Gender,16487.5,13469.7,3017.8,62.8,17641.3,67.2,26260.8,1153.7,6.5
2006-11,Women+,7753.9,5716.7,2037.2,58.1,8256.4,61.9,13339.5,502.5,6.1
2006-12,Men+,8758.3,7785.7,972.7,67.7,9395.8,72.6,12933.2,637.4,6.8
2006-12,Total - Gender,16549.6,13512.9,3036.8,63.0,17671.4,67.2,26285.9,1121.8,6.3
2006-12,Women+,7791.3,5727.2,2064.1,58.3,8275.6,62.0,13352.7,484.4,5.9
2007-01,Men+,8798.2,7791.3,1006.9,68.0,9430.3,72.8,12946.6,632.1,6.7
2007-01,Total - Gender,16615.0,13546.8,3068.2,63.1,17743.5,67.4,26314.7,1128.5,6.4
2007-01,Women+,7816.8,5755.5,2061.3,58.5,8313.2,62.2,13368.1,496.4,6.0
2007-02,Men+,8804.5,7810.5,994.0,68.0,9429.4,72.8,12956.4,624.8,6.6
2007-02,Total - Gender,16636.4,13576.6,3059.8,63.2,17748.8,67.4,26335.5,1112.3,6.3
2007-02,Women+,7831.9,5766.1,2065.8,58.5,8319.4,62.2,13379.1,487.5,5.9
2007-03,Men+,8792.1,7799.2,992.9,67.8,9419.7,72.6,12968.0,627.6,6.7
2007-03,Total - Gender,16664.8,13575.9,3088.8,63.2,17783.7,67.5,26359.9,1118.9,6.3
2007-03,Women+,7872.7,5776.7,2095.9,58.8,8364.0,62.5,13391.9,491.4,5.9
2007-04,Men+,8805.3,7798.9,1006.4,67.8,9435.7,72.7,12982.9,630.4,6.7
2007-04,Total - Gender,16658.6,13573.2,3085.4,63.1,17775.4,67.4,26391.4,1116.9,6.3
2007-04,Women+,7853.3,5774.3,2079.0,58.6,8339.7,62.2,13408.5,486.4,5.8
2007-05,Men+,8828.8,7845.2,983.6,67.9,9436.5,72.6,12996.3,607.7,6.4
2007-05,Total - Gender,16682.1,13633.6,3048.5,63.1,17775.6,67.3,26419.3,1093.4,6.2
2007-05,Women+,7853.3,5788.4,2064.9,58.5,8339.0,62.1,13423.0,485.7,5.8
2007-06,Men+,8854.1,7880.3,973.8,68.1,9461.8,72.7,13011.0,607.7,6.4
2007-06,Total - Gender,16728.2,13716.2,3012.0,63.2,17822.3,67.4,26449.3,1094.1,6.1
2007-06,Women+,7874.1,5835.9,2038.2,58.6,8360.4,62.2,13438.3,486.4,5.8
2007-07,Men+,8874.7,7893.6,981.0,68.1,9463.1,72.6,13029.0,588.4,6.2
2007-07,Total - Gender,16796.2,13755.2,3041.0,63.4,17872.3,67.5,26486.5,1076.1,6.0
2007-07,Women+,7921.5,5861.6,2059.9,58.9,8409.2,62.5,13457.5,487.6,5.8
2007-08,Men+,8867.5,7879.5,988.0,68.0,9461.0,72.5,13044.0,593.5,6.3
2007-08,Total - Gender,16817.5,13748.0,3069.5,63.4,17886.2,67.5,26517.5,1068.7,6.0
2007-08,Women+,7949.9,5868.5,2081.5,59.0,8425.1,62.5,13473.5,475.2,5.6
2007-09,Men+,8879.8,7892.9,986.8,68.0,9464.9,72.5,13058.1,585.1,6.2
2007-09,Total - Gender,16836.2,13736.9,3099.3,63.4,17915.2,67.5,26547.0,1079.0,6.0
2007-09,Women+,7956.4,5843.9,2112.5,59.0,8450.3,62.6,13488.9,493.9,5.8
2007-10,Men+,8892.3,7886.8,1005.6,68.0,9509.5,72.7,13072.1,617.1,6.5
2007-10,Total - Gender,16883.7,13749.1,3134.6,63.5,17967.3,67.6,26576.0,1083.7,6.0
2007-10,Women+,7991.3,5862.3,2129.1,59.2,8457.9,62.6,13503.8,466.5,5.5
2007-11,Men+,8921.5,7894.7,1026.8,68.2,9536.5,72.9,13085.7,615.0,6.4
2007-11,Total - Gender,16904.8,13764.6,3140.2,63.5,18009.2,67.7,26603.7,1104.3,6.1
2007-11,Women+,7983.3,5870.0,2113.4,59.1,8472.7,62.7,13518.0,489.3,5.8
2007-12,Men+,8926.0,7900.6,1025.5,68.1,9556.3,73.0,13098.2,630.3,6.6
2007-12,Total - Gender,16907.1,13775.0,3132.1,63.5,18017.0,67.7,26629.2,1110.0,6.2
2007-12,Women+,7981.0,5874.4,2106.6,59.0,8460.7,62.5,13531.0,479.7,5.7
2008-01,Men+,8955.0,7961.5,993.5,68.3,9579.0,73.1,13112.4,624.0,6.5
2008-01,Total - Gender,16932.2,13829.0,3103.2,63.5,18039.4,67.7,26659.0,1107.2,6.1
2008-01,Women+,7977.3,5867.6,2109.7,58.9,8460.4,62.5,13546.6,483.1,5.7
2008-02,Men+,8967.0,7967.9,999.0,68.3,9581.3,73.0,13124.1,614.4,6.4
2008-02,Total - Gender,16967.5,13844.8,3122.7,63.6,18073.5,67.7,26683.2,1106.0,6.1
2008-02,Women+,8000.5,5876.9,2123.7,59.0,8492.2,62.6,13559.1,491.6,5.8
2008-03,Men+,8977.3,7971.5,1005.8,68.3,9603.6,73.1,13137.6,626.3,6.5
2008-03,Total - Gender,16972.1,13834.6,3137.5,63.5,18085.7,67.7,26710.7,1113.6,6.2
2008-03,Women+,7994.8,5863.0,2131.8,58.9,8482.1,62.5,13573.1,487.3,5.7
2008-04,Men+,8971.0,7980.7,990.3,68.2,9610.9,73.1,13154.1,639.9,6.7
2008-04,Total - Gender,16971.8,13846.5,3125.4,63.5,18089.5,67.6,26744.9,1117.7,6.2
2008-04,Women+,8000.8,5865.8,2135.0,58.9,8478.7,62.4,13590.8,477.8,5.6
2008-05,Men+,8956.4,7971.8,984.6,68.0,9582.3,72.8,13169.3,625.8,6.5
2008-05,Total - Gender,16986.8,13846.4,3140.4,63.4,18103.0,67.6,26775.5,1116.3,6.2
2008-05,Women+,8030.4,5874.6,2155.8,59.0,8520.8,62.6,13606.2,490.4,5.8
2008-06,Men+,8960.7,7940.4,1020.3,67.9,9605.0,72.8,13189.2,644.3,6.7
2008-06,Total - Gender,16996.2,13833.7,3162.5,63.4,18109.6,67.5,26816.1,1113.4,6.1
2008-06,Women+,8035.5,5893.3,2142.2,59.0,8504.6,62.4,13627.0,469.1,5.5
2008-07,Men+,8952.3,7925.4,1026.9,67.8,9585.7,72.6,13205.6,633.4,6.6
2008-07,Total - Gender,16980.9,13829.3,3151.6,63.2,18094.6,67.4,26849.8,1113.7,6.2
2008-07,Women+,8028.6,5903.9,2124.7,58.8,8508.9,62.4,13644.2,480.3,5.6
2008-08,Men+,8978.0,7946.6,1031.3,67.9,9603.6,72.6,13221.3,625.7,6.5
2008-08,Total - Gender,17003.3,13855.0,3148.3,63.3,18119.7,67.4,26881.7,1116.4,6.2
2008-08,Women+,8025.3,5908.3,2117.0,58.7,8516.1,62.3,13660.4,490.7,5.8
2008-09,Men+,9005.3,7910.4,1094.9,68.0,9669.3,73.0,13239.1,664.0,6.9
2008-09,Total - Gender,17025.4,13784.7,3240.8,63.2,18176.3,67.5,26918.4,1150.9,6.3
2008-09,Women+,8020.1,5874.3,2145.8,58.6,8507.0,62.2,13679.3,486.9,5.7
2008-10,Men+,9011.7,7919.6,1092.1,68.0,9684.5,73.1,13254.1,672.8,6.9
2008-10,Total - Gender,17070.5,13822.7,3247.8,63.3,18241.6,67.7,26948.5,1171.1,6.4
2008-10,Women+,8058.8,5903.2,2155.7,58.8,8557.1,62.5,13694.4,498.3,5.8
2008-11,Men+,8954.4,7897.9,1056.5,67.5,9662.1,72.8,13268.1,707.6,7.3
2008-11,Total - Gender,16982.7,13789.8,3192.9,63.0,18201.9,67.5,26976.8,1219.2,6.7
2008-11,Women+,8028.3,5891.9,2136.4,58.6,8539.8,62.3,13708.7,511.6,6.0
2008-12,Men+,8928.3,7883.5,1044.7,67.2,9653.5,72.7,13281.2,725.2,7.5
2008-12,Total - Gender,16972.3,13756.9,3215.4,62.9,18250.7,67.6,27003.2,1278.4,7.0
2008-12,Women+,8044.0,5873.3,2170.7,58.6,8597.2,62.7,13722.0,553.2,6.4
2009-01,Men+,8826.3,7776.9,1049.4,66.4,9641.2,72.5,13294.6,814.9,8.5
2009-01,Total - Gender,16824.7,13636.2,3188.5,62.2,18196.4,67.3,27030.7,1371.7,7.5
2009-01,Women+,7998.4,5859.3,2139.1,58.2,8555.2,62.3,13736.1,556.7,6.5
2009-02,Men+,8762.9,7685.1,1077.8,65.8,9662.2,72.6,13309.8,899.3,9.3
2009-02,Total - Gender,16782.4,13547.0,3235.3,62.0,18261.4,67.5,27061.0,1479.0,8.1
2009-02,Women+,8019.5,5862.0,2157.5,58.3,8599.2,62.5,13751.2,579.7,6.7
2009-03,Men+,8743.4,7653.9,1089.5,65.6,9670.2,72.6,13324.3,926.9,9.6
2009-03,Total - Gender,16756.4,13498.7,3257.6,61.9,18284.4,67.5,27090.1,1528.0,8.4
2009-03,Women+,8013.0,5844.9,2168.1,58.2,8614.2,62.6,13765.8,601.2,7.0
2009-04,Men+,8707.6,7630.2,1077.4,65.3,9644.7,72.3,13339.1,937.1,9.7
2009-04,Total - Gender,16730.8,13466.9,3263.9,61.7,18269.0,67.4,27120.6,1538.2,8.4
2009-04,Women+,8023.2,5836.7,2186.5,58.2,8624.2,62.6,13781.4,601.0,7.0
2009-05,Men+,8723.1,7623.5,1099.6,65.3,9682.1,72.5,13355.0,959.0,9.9
2009-05,Total - Gender,16740.7,13450.5,3290.2,61.7,18327.2,67.5,27152.3,1586.5,8.7
2009-05,Women+,8017.6,5827.1,2190.6,58.1,8645.2,62.7,13797.4,627.5,7.3
2009-06,Men+,8714.7,7633.3,1081.4,65.2,9685.7,72.4,13375.3,971.0,10.0
2009-06,Total - Gender,16712.7,13396.5,3316.1,61.5,18325.4,67.4,27193.6,1612.7,8.8
2009-06,Women+,7998.0,5763.3,2234.7,57.9,8639.7,62.5,13818.2,641.8,7.4
2009-07,Men+,8731.1,7664.5,1066.6,65.2,9693.9,72.4,13392.1,962.9,9.9
2009-07,Total - Gender,16702.8,13443.4,3259.5,61.3,18309.0,67.2,27226.9,1606.2,8.8
2009-07,Women+,7971.7,5778.9,2192.9,57.6,8615.0,62.3,13834.8,643.3,7.5
2009-08,Men+,8714.8,7635.1,1079.7,65.0,9676.8,72.2,13408.0,962.0,9.9
2009-08,Total - Gender,16702.7,13398.2,3304.6,61.3,18302.9,67.1,27259.5,1600.2,8.7
2009-08,Women+,7988.0,5763.1,2224.9,57.7,8626.1,62.3,13851.4,638.2,7.4
2009-09,Men+,8712.0,7641.3,1070.7,64.9,9658.0,71.9,13426.3,946.0,9.8
2009-09,Total - Gender,16743.8,13472.2,3271.6,61.3,18302.6,67.0,27297.2,1558.8,8.5
2009-09,Women+,8031.8,5830.9,2200.9,57.9,8644.6,62.3,13870.9,612.9,7.1
2009-10,Men+,8757.1,7688.3,1068.8,65.2,9694.9,72.1,13440.7,937.8,9.7
2009-10,Total - Gender,16753.3,13527.3,3225.9,61.3,18324.2,67.1,27326.6,1570.9,8.6
2009-10,Women+,7996.2,5839.0,2157.1,57.6,8629.3,62.1,13885.8,633.1,7.3
2009-11,Men+,8775.8,7686.5,1089.3,65.2,9709.7,72.2,13453.7,934.0,9.6
2009-11,Total - Gender,16824.7,13571.2,3253.5,61.5,18403.6,67.3,27353.1,1578.9,8.6
2009-11,Women+,8048.9,5884.7,2164.2,57.9,8693.8,62.5,13899.3,644.9,7.4
2009-12,Men+,8755.5,7665.9,1089.6,65.0,9698.1,72.0,13465.5,942.6,9.7
2009-12,Total - Gender,16797.4,13541.5,3255.9,61.4,18374.6,67.1,27377.1,1577.2,8.6
2009-12,Women+,8041.9,5875.6,2166.3,57.8,8676.6,62.4,13911.6,634.6,7.3
2010-01,Men+,8759.9,7702.1,1057.8,65.0,9663.2,71.7,13478.3,903.2,9.3
2010-01,Total - Gender,16825.0,13576.0,3248.9,61.4,18361.4,67.0,27403.5,1536.4,8.4
2010-01,Women+,8065.0,5873.9,2191.1,57.9,8698.2,62.5,13925.2,633.2,7.3
2010-02,Men+,8758.0,7698.8,1059.1,64.9,9661.7,71.6,13492.3,903.7,9.4
2010-02,Total - Gender,16818.0,13600.1,3217.9,61.3,18356.7,66.9,27432.0,1538.7,8.4
2010-02,Women+,8060.0,5901.3,2158.7,57.8,8695.0,62.4,13939.7,635.0,7.3
2010-03,Men+,8793.4,7733.7,1059.8,65.1,9692.8,71.8,13506.4,899.3,9.3
2010-03,Total - Gender,16861.7,13606.2,3255.5,61.4,18393.4,67.0,27460.8,1531.7,8.3
2010-03,Women+,8068.3,5872.5,2195.7,57.8,8700.6,62.4,13954.4,632.4,7.3
2010-04,Men+,8845.1,7752.3,1092.8,65.4,9717.7,71.9,13521.2,872.6,9.0
2010-04,Total - Gender,16928.5,13599.9,3328.6,61.6,18441.5,67.1,27491.0,1513.0,8.2
2010-04,Women+,8083.4,5847.6,2235.8,57.9,8723.8,62.4,13969.8,640.4,7.3
2010-05,Men+,8846.2,7771.6,1074.6,65.4,9731.6,71.9,13536.5,885.4,9.1
2010-05,Total - Gender,16946.8,13662.6,3284.2,61.6,18454.1,67.1,27522.5,1507.3,8.2
2010-05,Women+,8100.6,5891.0,2209.6,57.9,8722.5,62.4,13986.0,621.9,7.1
2010-06,Men+,8895.3,7804.0,1091.4,65.6,9748.6,71.9,13556.6,853.3,8.8
2010-06,Total - Gender,17024.6,13701.1,3323.5,61.8,18510.9,67.2,27563.6,1486.3,8.0
2010-06,Women+,8129.3,5897.1,2232.2,58.0,8762.3,62.6,14007.0,633.0,7.2
2010-07,Men+,8910.6,7749.2,1161.4,65.6,9785.3,72.1,13573.4,874.7,8.9
2010-07,Total - Gender,17036.5,13596.8,3439.7,61.7,18551.2,67.2,27597.8,1514.7,8.2
2010-07,Women+,8125.9,5847.6,2278.3,57.9,8765.9,62.5,14024.4,640.0,7.3
2010-08,Men+,8936.1,7795.3,1140.8,65.7,9805.6,72.1,13591.9,869.5,8.9
2010-08,Total - Gender,17062.1,13668.8,3393.3,61.7,18590.5,67.3,27635.9,1528.5,8.2
2010-08,Women+,8126.0,5873.5,2252.6,57.9,8785.0,62.6,14044.0,659.0,7.5
2010-09,Men+,8948.4,7824.3,1124.2,65.8,9799.9,72.0,13605.6,851.5,8.7
2010-09,Total - Gender,17058.4,13684.4,3374.1,61.7,18579.0,67.2,27664.2,1520.6,8.2
2010-09,Women+,8110.0,5860.1,2249.9,57.7,8779.0,62.4,14058.6,669.1,7.6
2010-10,Men+,8926.4,7817.6,1108.7,65.5,9752.3,71.6,13618.5,825.9,8.5
2010-10,Total - Gender,17044.3,13696.3,3348.0,61.6,18541.7,67.0,27690.7,1497.4,8.1
2010-10,Women+,8118.0,5878.7,2239.3,57.7,8789.5,62.5,14072.1,671.5,7.6
2010-11,Men+,8963.5,7865.1,1098.4,65.8,9785.3,71.8,13630.4,821.8,8.4
2010-11,Total - Gender,17089.4,13723.6,3365.9,61.7,18545.9,66.9,27714.9,1456.5,7.9
2010-11,Women+,8125.9,5858.4,2267.5,57.7,8760.6,62.2,14084.5,634.7,7.2
2010-12,Men+,8983.1,7863.5,1119.7,65.9,9802.7,71.9,13641.1,819.6,8.4
2010-12,Total - Gender,17117.4,13779.1,3338.2,61.7,18571.7,67.0,27737.1,1454.4,7.8
2010-12,Women+,8134.2,5915.7,2218.5,57.7,8769.0,62.2,14096.0,634.8,7.2
2011-01,Men+,9008.5,7871.5,1137.1,66.0,9823.6,72.0,13651.4,815.0,8.3
2011-01,Total - Gender,17187.2,13796.4,3390.8,61.9,18646.5,67.2,27758.7,1459.2,7.8
2011-01,Women+,8178.7,5925.0,2253.7,58.0,8822.9,62.5,14107.2,644.2,7.3
2011-02,Men+,8999.5,7864.0,1135.5,65.9,9818.1,71.9,13662.0,818.6,8.3
2011-02,Total - Gender,17174.8,13774.4,3400.4,61.8,18633.5,67.1,27781.2,1458.7,7.8
2011-02,Women+,8175.3,5910.4,2264.9,57.9,8815.4,62.4,14119.2,640.1,7.3
2011-03,Men+,9029.1,7907.3,1121.8,66.0,9853.8,72.1,13673.2,824.7,8.4
2011-03,Total - Gender,17173.7,13845.0,3328.7,61.8,18633.9,67.0,27804.5,1460.2,7.8
2011-03,Women+,8144.5,5937.7,2206.9,57.6,8780.1,62.1,14131.4,635.6,7.2
2011-04,Men+,9047.9,7908.7,1139.2,66.1,9859.2,72.0,13685.2,811.3,8.2
2011-04,Total - Gender,17222.1,13896.7,3325.4,61.9,18675.6,67.1,27829.6,1453.5,7.8
2011-04,Women+,8174.2,5988.0,2186.3,57.8,8816.4,62.3,14144.3,642.2,7.3
2011-05,Men+,9028.6,7880.4,1148.2,65.9,9835.3,71.8,13700.6,806.8,8.2
2011-05,Total - Gender,17187.4,13835.1,3352.4,61.7,18625.0,66.8,27861.0,1437.6,7.7
2011-05,Women+,8158.9,5954.7,2204.2,57.6,8789.7,62.1,14160.4,630.8,7.2
2011-06,Men+,9056.3,7907.6,1148.7,66.0,9861.1,71.9,13713.1,804.8,8.2
2011-06,Total - Gender,17218.8,13836.3,3382.5,61.7,18654.8,66.9,27885.9,1435.9,7.7
2011-06,Women+,8162.5,5928.7,2233.8,57.6,8793.7,62.0,14172.8,631.2,7.2
2011-07,Men+,9079.3,7939.2,1140.1,66.1,9854.9,71.8,13727.5,775.6,7.9
2011-07,Total - Gender,17256.4,13911.9,3344.4,61.8,18642.9,66.8,27913.7,1386.6,7.4
2011-07,Women+,8177.1,5972.8,2204.3,57.6,8788.0,61.9,14186.3,611.0,7.0
2011-08,Men+,9092.7,7973.2,1119.4,66.1,9856.4,71.7,13745.8,763.7,7.7
2011-08,Total - Gender,17269.4,13934.0,3335.4,61.8,18654.2,66.7,27948.7,1384.8,7.4
2011-08,Women+,8176.7,5960.8,2215.9,57.6,8797.8,61.9,14203.0,621.1,7.1
2011-09,Men+,9108.1,7981.5,1126.6,66.2,9876.0,71.8,13759.7,767.9,7.8
2011-09,Total - Gender,17272.0,13941.3,3330.7,61.7,18665.5,66.7,27975.4,1393.6,7.5
2011-09,Women+,8163.8,5959.8,2204.1,57.4,8789.5,61.8,14215.7,625.7,7.1
2011-10,Men+,9103.2,7976.6,1126.6,66.1,9871.4,71.7,13773.3,768.2,7.8
2011-10,Total - Gender,17258.0,13923.3,3334.7,61.6,18665.0,66.7,28000.7,1407.0,7.5
2011-10,Women+,8154.8,5946.7,2208.1,57.3,8793.7,61.8,14227.4,638.8,7.3
2011-11,Men+,9084.0,7975.8,1108.2,65.9,9861.0,71.5,13786.4,776.9,7.9
2011-11,Total - Gender,17241.4,13912.5,3328.8,61.5,18669.1,66.6,28025.4,1427.7,7.6
2011-11,Women+,8157.4,5936.7,2220.7,57.3,8808.1,61.9,14238.9,650.8,7.4
2011-12,Men+,9072.7,7980.8,1091.9,65.7,9865.4,71.5,13799.2,792.6,8.0
2011-12,Total - Gender,17258.2,13954.2,3304.0,61.5,18660.4,66.5,28049.2,1402.2,7.5
2011-12,Women+,8185.5,5973.5,2212.1,57.4,8795.0,61.7,14250.0,609.5,6.9
2012-01,Men+,9075.9,7972.0,1104.0,65.7,9873.6,71.5,13812.8,797.7,8.1
2012-01,Total - Gender,17270.1,13941.8,3328.3,61.5,18708.8,66.6,28074.2,1438.7,7.7
2012-01,Women+,8194.2,5969.8,2224.4,57.5,8835.2,62.0,14261.4,641.0,7.3
2012-02,Men+,9061.0,7955.9,1105.2,65.5,9846.2,71.2,13826.2,785.2,8.0
2012-02,Total - Gender,17245.0,13924.5,3320.6,61.4,18665.5,66.4,28098.9,1420.5,7.6
2012-02,Women+,8184.0,5968.6,2215.4,57.3,8819.2,61.8,14272.8,635.3,7.2
2012-03,Men+,9114.9,8020.7,1094.1,65.9,9876.6,71.4,13839.6,761.7,7.7
2012-03,Total - Gender,17338.6,14011.3,3327.4,61.7,18715.5,66.5,28124.0,1376.9,7.4
2012-03,Women+,8223.8,5990.6,2233.2,57.6,8839.0,61.9,14284.4,615.2,7.0
2012-04,Men+,9162.0,8049.4,1112.6,66.1,9929.2,71.7,13857.4,767.2,7.7
2012-04,Total - Gender,17416.2,14043.9,3372.3,61.9,18814.6,66.8,28157.4,1398.4,7.4
2012-04,Women+,8254.3,5994.6,2259.7,57.7,8885.4,62.1,14300.0,631.2,7.1
2012-05,Men+,9176.4,8052.8,1123.5,66.2,9961.2,71.8,13872.0,784.9,7.9
2012-05,Total - Gender,17412.2,14057.6,3354.6,61.8,18834.9,66.8,28185.1,1422.7,7.6
2012-05,Women+,8235.8,6004.7,2231.0,57.5,8873.7,62.0,14313.1,637.9,7.2
2012-06,Men+,9174.1,8061.2,1112.9,66.1,9942.7,71.6,13888.0,768.6,7.7
2012-06,Total - Gender,17414.7,14085.5,3329.2,61.7,18799.0,66.6,28215.5,1384.3,7.4
2012-06,Women+,8240.6,6024.3,2216.3,57.5,8856.3,61.8,14327.4,615.7,7.0
2012-07,Men+,9173.1,8064.7,1108.4,66.0,9946.2,71.5,13907.3,773.1,7.8
2012-07,Total - Gender,17439.8,14130.0,3309.8,61.7,18818.9,66.6,28252.5,1379.1,7.3
2012-07,Women+,8266.8,6065.3,2201.4,57.6,8872.7,61.9,14345.2,605.9,6.8
2012-08,Men+,9192.3,8093.1,1099.2,66.0,9976.3,71.7,13920.5,784.0,7.9
2012-08,Total - Gender,17486.0,14168.5,3317.5,61.8,18884.1,66.8,28277.5,1398.1,7.4
2012-08,Women+,8293.7,6075.4,2218.3,57.8,8907.9,62.0,14356.9,614.2,6.9
2012-09,Men+,9208.3,8094.1,1114.2,66.1,9991.5,71.7,13933.3,783.2,7.8
2012-09,Total - Gender,17534.5,14220.7,3313.8,62.0,18929.0,66.9,28301.6,1394.5,7.4
2012-09,Women+,8326.2,6126.6,2199.6,57.9,8937.4,62.2,14368.4,611.2,6.8
2012-10,Men+,9199.8,8092.1,1107.7,66.0,9990.7,71.6,13946.6,790.9,7.9
2012-10,Total - Gender,17543.2,14247.4,3295.9,61.9,18942.8,66.9,28327.0,1399.6,7.4
2012-10,Women+,8343.4,6155.2,2188.2,58.0,8952.1,62.3,14380.4,608.7,6.8
2012-11,Men+,9198.6,8095.6,1103.0,65.9,9981.6,71.5,13959.5,783.0,7.8
2012-11,Total - Gender,17563.8,14257.3,3306.5,62.0,18967.0,66.9,28351.5,1403.2,7.4
2012-11,Women+,8365.2,6161.7,2203.6,58.1,8985.4,62.4,14392.0,620.1,6.9
2012-12,Men+,9241.4,8135.9,1105.5,66.1,9997.4,71.6,13971.5,756.0,7.6
2012-12,Total - Gender,17609.5,14271.6,3338.0,62.1,18989.6,66.9,28373.9,1380.1,7.3
2012-12,Women+,8368.1,6135.7,2232.5,58.1,8992.2,62.4,14402.4,624.0,6.9
2013-01,Men+,9235.3,8113.2,1122.2,66.0,9982.6,71.4,13985.1,747.3,7.5
2013-01,Total - Gender,17600.7,14220.6,3380.0,62.0,18955.7,66.7,28398.7,1355.0,7.1
2013-01,Women+,8365.3,6107.5,2257.9,58.0,8973.1,62.3,14413.6,607.8,6.8
2013-02,Men+,9292.1,8154.2,1137.9,66.4,10014.4,71.6,13994.4,722.3,7.2
2013-02,Total - Gender,17676.1,14276.9,3399.2,62.2,19019.7,66.9,28415.9,1343.5,7.1
2013-02,Women+,8384.0,6122.7,2261.3,58.1,9005.3,62.4,14421.5,621.3,6.9
2013-03,Men+,9252.3,8118.8,1133.4,66.1,9999.4,71.4,14007.3,747.1,7.5
2013-03,Total - Gender,17610.4,14229.6,3380.8,61.9,18991.6,66.8,28440.3,1381.2,7.3
2013-03,Women+,8358.1,6110.8,2247.3,57.9,8992.2,62.3,14433.0,634.1,7.1
2013-04,Men+,9272.9,8132.0,1140.9,66.1,10033.2,71.5,14024.8,760.3,7.6
2013-04,Total - Gender,17641.3,14280.0,3361.4,62.0,19011.2,66.8,28473.4,1369.9,7.2
2013-04,Women+,8368.4,6148.0,2220.5,57.9,8978.0,62.1,14448.6,609.6,6.8
2013-05,Men+,9311.2,8183.5,1127.7,66.3,10065.4,71.7,14039.5,754.3,7.5
2013-05,Total - Gender,17692.5,14333.3,3359.2,62.1,19036.0,66.8,28501.2,1343.5,7.1
2013-05,Women+,8381.3,6149.8,2231.5,58.0,8970.6,62.0,14461.8,589.3,6.6
2013-06,Men+,9294.6,8145.9,1148.7,66.1,10057.3,71.6,14054.7,762.7,7.6
2013-06,Total - Gender,17682.1,14270.2,3411.9,62.0,19044.9,66.8,28530.4,1362.9,7.2
2013-06,Women+,8387.5,6124.4,2263.1,57.9,8987.6,62.1,14475.6,600.2,6.7
2013-07,Men+,9280.0,8133.6,1146.4,65.9,10053.8,71.4,14072.5,773.8,7.7
2013-07,Total - Gender,17650.1,14271.8,3378.3,61.8,19044.4,66.7,28564.6,1394.3,7.3
2013-07,Women+,8370.1,6138.2,2231.9,57.8,8990.6,62.0,14492.1,620.5,6.9
2013-08,Men+,9276.8,8109.6,1167.2,65.9,10057.9,71.4,14084.9,781.1,7.8
2013-08,Total - Gender,17677.9,14263.9,3413.9,61.8,19060.2,66.7,28588.4,1382.3,7.3
2013-08,Women+,8401.0,6154.3,2246.7,57.9,9002.2,62.1,14503.5,601.2,6.7
2013-09,Men+,9285.6,8123.1,1162.5,65.9,10040.3,71.2,14099.7,754.7,7.5
2013-09,Total - Gender,17659.6,14264.0,3395.6,61.7,19018.2,66.5,28617.0,1358.6,7.1
2013-09,Women+,8374.0,6140.8,2233.1,57.7,8977.8,61.8,14517.3,603.9,6.7
2013-10,Men+,9290.5,8132.4,1158.0,65.8,10070.1,71.4,14111.8,779.6,7.7
2013-10,Total - Gender,17664.4,14281.8,3382.6,61.7,19048.0,66.5,28639.6,1383.6,7.3
2013-10,Women+,8374.0,6149.4,2224.6,57.6,8978.0,61.8,14527.8,604.0,6.7
2013-11,Men+,9305.9,8138.0,1167.9,65.9,10081.0,71.4,14122.7,775.1,7.7
2013-11,Total - Gender,17691.3,14288.3,3403.0,61.7,19049.8,66.5,28660.5,1358.4,7.1
2013-11,Women+,8385.4,6150.3,2235.1,57.7,8968.7,61.7,14537.8,583.3,6.5
2013-12,Men+,9284.8,8120.3,1164.5,65.7,10087.3,71.4,14133.1,802.6,8.0
2013-12,Total - Gender,17668.9,14253.2,3415.7,61.6,19076.7,66.5,28679.9,1407.8,7.4
2013-12,Women+,8384.1,6132.9,2251.2,57.6,8989.4,61.8,14546.8,605.3,6.7
2014-01,Men+,9297.1,8141.3,1155.8,65.7,10075.3,71.2,14143.5,778.2,7.7
2014-01,Total - Gender,17666.4,14265.5,3400.9,61.6,19051.0,66.4,28699.1,1384.6,7.3
2014-01,Women+,8369.4,6124.2,2245.2,57.5,8975.8,61.7,14555.6,606.4,6.8
2014-02,Men+,9294.2,8147.7,1146.4,65.7,10074.4,71.2,14152.7,780.2,7.7
2014-02,Total - Gender,17662.7,14286.7,3376.0,61.5,19047.5,66.3,28716.5,1384.8,7.3
2014-02,Women+,8368.5,6139.0,2229.5,57.5,8973.1,61.6,14563.8,604.6,6.7
2014-03,Men+,9317.0,8137.1,1179.9,65.8,10076.1,71.1,14165.4,759.1,7.5
2014-03,Total - Gender,17699.4,14263.5,3435.9,61.6,19051.2,66.3,28740.8,1351.8,7.1
2014-03,Women+,8382.4,6126.4,2256.0,57.5,8975.1,61.6,14575.3,592.7,6.6
2014-04,Men+,9305.2,8129.9,1175.3,65.6,10065.4,71.0,14181.5,760.2,7.6
2014-04,Total - Gender,17691.2,14249.2,3442.1,61.5,19050.3,66.2,28771.7,1359.0,7.1
2014-04,Women+,8386.1,6119.3,2266.8,57.5,8984.9,61.6,14590.2,598.8,6.7
2014-05,Men+,9291.1,8127.5,1163.6,65.5,10065.1,70.9,14195.5,774.0,7.7
2014-05,Total - Gender,17687.7,14223.8,3463.9,61.4,19079.8,66.3,28798.2,1392.1,7.3
2014-05,Women+,8396.6,6096.3,2300.3,57.5,9014.7,61.7,14602.7,618.1,6.9
2014-06,Men+,9307.4,8186.3,1121.1,65.5,10081.5,70.9,14213.1,774.1,7.7
2014-06,Total - Gender,17720.5,14296.9,3423.6,61.5,19098.6,66.2,28832.0,1378.1,7.2
2014-06,Women+,8413.1,6110.6,2302.5,57.5,9017.0,61.7,14618.9,604.0,6.7
2014-07,Men+,9331.7,8150.5,1181.3,65.6,10100.2,71.0,14226.0,768.5,7.6
2014-07,Total - Gender,17771.9,14280.8,3491.1,61.6,19130.6,66.3,28857.3,1358.7,7.1
2014-07,Women+,8440.2,6130.3,2309.8,57.7,9030.4,61.7,14631.4,590.2,6.5
2014-08,Men+,9333.7,8150.0,1183.7,65.6,10087.1,70.9,14236.0,753.3,7.5
2014-08,Total - Gender,17723.7,14250.5,3473.2,61.4,19059.8,66.0,28877.3,1336.1,7.0
2014-08,Women+,8390.0,6100.4,2289.6,57.3,8972.8,61.3,14641.4,582.8,6.5
2014-09,Men+,9344.8,8190.7,1154.1,65.6,10114.9,71.0,14247.0,770.1,7.6
2014-09,Total - Gender,17756.0,14320.4,3435.6,61.4,19097.3,66.1,28898.8,1341.4,7.0
2014-09,Women+,8411.2,6129.7,2281.5,57.4,8982.4,61.3,14651.7,571.2,6.4
2014-10,Men+,9375.4,8195.7,1179.6,65.8,10109.2,70.9,14254.9,733.8,7.3
2014-10,Total - Gender,17782.2,14330.3,3451.8,61.5,19083.5,66.0,28913.9,1301.4,6.8
2014-10,Women+,8406.8,6134.6,2272.2,57.3,8974.3,61.2,14659.0,567.5,6.3
2014-11,Men+,9373.7,8182.0,1191.8,65.7,10096.2,70.8,14263.0,722.5,7.2
2014-11,Total - Gender,17784.5,14302.1,3482.4,61.5,19084.7,66.0,28929.6,1300.2,6.8
2014-11,Women+,8410.7,6120.1,2290.6,57.3,8988.5,61.3,14666.7,577.8,6.4
2014-12,Men+,9424.4,8217.4,1207.0,66.0,10130.6,71.0,14270.7,706.2,7.0
2014-12,Total - Gender,17821.7,14388.2,3433.5,61.6,19094.2,66.0,28944.1,1272.5,6.7
2014-12,Women+,8397.2,6170.8,2226.5,57.2,8963.5,61.1,14673.5,566.3,6.3
2015-01,Men+,9393.3,8188.4,1204.9,65.8,10121.4,70.9,14275.9,728.1,7.2
2015-01,Total - Gender,17813.1,14395.8,3417.3,61.5,19106.3,66.0,28954.2,1293.2,6.8
2015-01,Women+,8419.8,6207.4,2212.4,57.4,8984.9,61.2,14678.3,565.0,6.3
2015-02,Men+,9384.1,8208.1,1175.9,65.7,10139.3,71.0,14282.3,755.2,7.4
2015-02,Total - Gender,17827.2,14412.9,3414.3,61.5,19148.1,66.1,28965.9,1320.8,6.9
2015-02,Women+,8443.1,6204.7,2238.4,57.5,9008.8,61.4,14683.6,565.7,6.3
2015-03,Men+,9395.4,8218.2,1177.2,65.7,10144.8,71.0,14290.4,749.3,7.4
2015-03,Total - Gender,17854.1,14431.1,3423.0,61.6,19183.9,66.2,28981.9,1329.8,6.9
2015-03,Women+,8458.7,6212.9,2245.8,57.6,9039.1,61.5,14691.5,580.5,6.4
2015-04,Men+,9376.6,8233.7,1142.9,65.6,10137.8,70.9,14299.9,761.2,7.5
2015-04,Total - Gender,17819.4,14424.4,3395.0,61.4,19156.6,66.1,29000.4,1337.2,7.0
2015-04,Women+,8442.8,6190.7,2252.1,57.4,9018.8,61.4,14700.5,576.0,6.4
2015-05,Men+,9397.9,8246.5,1151.3,65.7,10158.1,71.0,14310.1,760.2,7.5
2015-05,Total - Gender,17843.7,14442.9,3400.8,61.5,19168.4,66.1,29020.2,1324.7,6.9
2015-05,Women+,8445.8,6196.4,2249.4,57.4,9010.4,61.3,14710.2,564.5,6.3
2015-06,Men+,9415.0,8272.0,1143.0,65.7,10166.6,71.0,14324.2,751.6,7.4
2015-06,Total - Gender,17836.7,14501.6,3335.1,61.4,19163.3,66.0,29048.8,1326.6,6.9
2015-06,Women+,8421.6,6229.6,2192.1,57.2,8996.7,61.1,14724.6,575.1,6.4
2015-07,Men+,9421.5,8279.7,1141.8,65.7,10189.4,71.1,14337.0,767.8,7.5
2015-07,Total - Gender,17863.3,14521.0,3342.3,61.4,19199.2,66.0,29074.3,1336.0,7.0
2015-07,Women+,8441.8,6241.3,2200.4,57.3,9009.9,61.1,14737.2,568.1,6.3
2015-08,Men+,9432.5,8279.7,1152.8,65.7,10216.0,71.2,14349.9,783.6,7.7
2015-08,Total - Gender,17889.0,14538.8,3350.2,61.5,19247.3,66.1,29099.5,1358.3,7.1
2015-08,Women+,8456.5,6259.1,2197.4,57.3,9031.3,61.2,14749.6,574.8,6.4
2015-09,Men+,9428.5,8259.3,1169.2,65.6,10210.5,71.1,14365.2,782.0,7.7
2015-09,Total - Gender,17890.2,14486.8,3403.4,61.4,19258.6,66.1,29129.5,1368.4,7.1
2015-09,Women+,8461.7,6227.5,2234.1,57.3,9048.1,61.3,14764.3,586.4,6.5
2015-10,Men+,9435.8,8268.0,1167.8,65.6,10206.6,71.0,14376.9,770.8,7.6
2015-10,Total - Gender,17899.1,14513.4,3385.7,61.4,19250.6,66.0,29152.4,1351.5,7.0
2015-10,Women+,8463.2,6245.4,2217.9,57.3,9043.9,61.2,14775.5,580.7,6.4
2015-11,Men+,9400.7,8245.6,1155.2,65.3,10191.8,70.8,14387.7,791.1,7.8
2015-11,Total - Gender,17872.6,14539.0,3333.6,61.3,19246.8,66.0,29173.1,1374.2,7.1
2015-11,Women+,8471.9,6293.4,2178.5,57.3,9055.0,61.2,14785.4,583.1,6.4
2015-12,Men+,9387.1,8238.6,1148.5,65.2,10200.0,70.8,14398.0,812.9,8.0
2015-12,Total - Gender,17867.4,14482.7,3384.7,61.2,19264.8,66.0,29193.6,1397.4,7.3
2015-12,Women+,8480.3,6244.1,2236.2,57.3,9064.8,61.3,14795.5,584.5,6.4
2016-01,Men+,9385.6,8213.4,1172.2,65.1,10195.1,70.7,14411.2,809.5,7.9
2016-01,Total - Gender,17871.6,14481.6,3390.0,61.2,19267.7,65.9,29218.7,1396.1,7.2
2016-01,Women+,8486.0,6268.3,2217.7,57.3,9072.5,61.3,14807.5,586.6,6.5
2016-02,Men+,9402.9,8226.4,1176.6,65.2,10223.9,70.9,14426.6,821.0,8.0
2016-02,Total - Gender,17889.0,14466.9,3422.2,61.2,19297.1,66.0,29249.3,1408.1,7.3
2016-02,Women+,8486.1,6240.5,2245.6,57.3,9073.2,61.2,14822.7,587.1,6.5
2016-03,Men+,9381.6,8219.0,1162.5,65.0,10196.4,70.6,14439.3,814.9,8.0
2016-03,Total - Gender,17892.8,14487.5,3405.3,61.1,19290.0,65.9,29274.3,1397.2,7.2
2016-03,Women+,8511.2,6268.5,2242.7,57.4,9093.5,61.3,14835.0,582.3,6.4
2016-04,Men+,9394.0,8208.6,1185.4,65.0,10214.2,70.7,14451.8,820.2,8.0
2016-04,Total - Gender,17919.7,14464.8,3454.9,61.2,19333.5,66.0,29298.9,1413.8,7.3
2016-04,Women+,8525.7,6256.2,2269.5,57.4,9119.3,61.4,14847.1,593.6,6.5
2016-05,Men+,9428.3,8224.8,1203.6,65.2,10209.1,70.6,14469.5,780.7,7.6
2016-05,Total - Gender,17947.4,14519.6,3427.8,61.2,19309.5,65.8,29333.5,1362.1,7.1
2016-05,Women+,8519.0,6294.8,2224.2,57.3,9100.4,61.2,14864.0,581.4,6.4
2016-06,Men+,9420.3,8200.8,1219.4,65.0,10198.1,70.4,14485.7,777.8,7.6
2016-06,Total - Gender,17954.5,14499.4,3455.1,61.1,19299.6,65.7,29366.1,1345.1,7.0
2016-06,Women+,8534.3,6298.6,2235.7,57.4,9101.5,61.2,14880.5,567.2,6.2
2016-07,Men+,9431.7,8212.2,1219.5,65.0,10204.6,70.4,14503.8,773.0,7.6
2016-07,Total - Gender,17943.2,14472.3,3470.9,61.0,19290.0,65.6,29400.7,1346.8,7.0
2016-07,Women+,8511.5,6260.2,2251.3,57.1,9085.3,61.0,14896.9,573.8,6.3
2016-08,Men+,9457.1,8226.3,1230.9,65.1,10232.3,70.5,14521.1,775.2,7.6
2016-08,Total - Gender,17994.2,14530.7,3463.5,61.1,19329.1,65.7,29436.7,1334.9,6.9
2016-08,Women+,8537.1,6304.4,2232.6,57.2,9096.7,61.0,14915.7,559.7,6.2
2016-09,Men+,9476.4,8220.5,1255.9,65.2,10256.5,70.6,14535.8,780.1,7.6
2016-09,Total - Gender,18032.5,14525.6,3506.9,61.2,19385.3,65.8,29465.7,1352.7,7.0
2016-09,Women+,8556.1,6305.2,2251.0,57.3,9128.8,61.1,14929.9,572.6,6.3
2016-10,Men+,9479.2,8222.9,1256.2,65.2,10250.7,70.5,14549.7,771.6,7.5
2016-10,Total - Gender,18051.2,14490.3,3561.0,61.2,19392.2,65.8,29492.9,1341.0,6.9
2016-10,Women+,8572.1,6267.4,2304.7,57.4,9141.5,61.2,14943.3,569.4,6.2
2016-11,Men+,9502.6,8245.5,1257.1,65.3,10271.4,70.5,14562.7,768.7,7.5
2016-11,Total - Gender,18076.0,14511.1,3564.9,61.2,19402.5,65.7,29518.3,1326.5,6.8
2016-11,Women+,8573.4,6265.6,2307.8,57.3,9131.1,61.1,14955.6,557.7,6.1
2016-12,Men+,9525.8,8267.0,1258.8,65.4,10288.4,70.6,14575.0,762.6,7.4
2016-12,Total - Gender,18104.0,14558.2,3545.8,61.3,19453.1,65.8,29542.6,1349.1,6.9
2016-12,Women+,8578.2,6291.2,2287.0,57.3,9164.6,61.2,14967.5,586.4,6.4
2017-01,Men+,9543.3,8285.1,1258.3,65.4,10310.3,70.7,14591.7,767.0,7.4
2017-01,Total - Gender,18172.5,14581.5,3591.0,61.4,19511.5,66.0,29575.4,1339.1,6.9
2017-01,Women+,8629.2,6296.4,2332.8,57.6,9201.2,61.4,14983.7,572.1,6.2
2017-02,Men+,9580.9,8292.8,1288.2,65.6,10318.7,70.7,14604.7,737.8,7.2
2017-02,Total - Gender,18216.6,14669.4,3547.2,61.5,19512.4,65.9,29601.2,1295.8,6.6
2017-02,Women+,8635.6,6376.6,2259.0,57.6,9193.7,61.3,14996.5,558.1,6.1
2017-03,Men+,9595.0,8291.1,1303.8,65.6,10346.6,70.8,14620.6,751.6,7.3
2017-03,Total - Gender,18241.5,14677.2,3564.3,61.6,19549.1,66.0,29632.8,1307.7,6.7
2017-03,Women+,8646.5,6386.0,2260.5,57.6,9202.6,61.3,15012.1,556.1,6.0
2017-04,Men+,9622.7,8318.6,1304.1,65.7,10349.9,70.7,14636.7,727.2,7.0
2017-04,Total - Gender,18271.6,14711.4,3560.3,61.6,19544.7,65.9,29664.6,1273.0,6.5
2017-04,Women+,8648.9,6392.8,2256.2,57.6,9194.8,61.2,15027.9,545.9,5.9
2017-05,Men+,9627.9,8344.2,1283.7,65.7,10378.0,70.8,14657.1,750.1,7.2
2017-05,Total - Gender,18312.9,14765.6,3547.3,61.6,19615.7,66.0,29705.0,1302.8,6.6
2017-05,Women+,8685.0,6421.4,2263.6,57.7,9237.7,61.4,15047.9,552.7,6.0
2017-06,Men+,9648.6,8377.8,1270.8,65.8,10365.9,70.6,14674.4,717.2,6.9
2017-06,Total - Gender,18371.4,14805.8,3565.6,61.8,19647.3,66.1,29739.5,1275.9,6.5
2017-06,Women+,8722.8,6428.0,2294.8,57.9,9281.4,61.6,15065.1,558.6,6.0
2017-07,Men+,9678.9,8415.4,1263.4,65.9,10365.1,70.5,14693.3,686.2,6.6
2017-07,Total - Gender,18416.9,14878.6,3538.3,61.9,19653.7,66.0,29776.2,1236.7,6.3
2017-07,Women+,8738.1,6463.2,2274.9,57.9,9288.5,61.6,15083.0,550.5,5.9
2017-08,Men+,9710.9,8451.6,1259.3,66.0,10388.1,70.6,14716.7,677.2,6.5
2017-08,Total - Gender,18436.4,14802.6,3633.8,61.8,19661.7,65.9,29821.4,1225.3,6.2
2017-08,Women+,8725.5,6351.0,2374.5,57.8,9273.7,61.4,15104.6,548.1,5.9
2017-09,Men+,9697.0,8477.5,1219.4,65.8,10390.9,70.5,14734.8,693.9,6.7
2017-09,Total - Gender,18442.5,14920.4,3522.1,61.8,19668.0,65.9,29855.7,1225.5,6.2
2017-09,Women+,8745.5,6442.9,2302.7,57.8,9277.1,61.4,15120.8,531.5,5.7
2017-10,Men+,9731.7,8498.1,1233.6,66.0,10424.1,70.7,14752.5,692.4,6.6
2017-10,Total - Gender,18475.1,14940.2,3534.9,61.8,19721.9,66.0,29889.3,1246.8,6.3
2017-10,Women+,8743.4,6442.1,2301.3,57.8,9297.8,61.4,15136.7,554.3,6.0
2017-11,Men+,9775.1,8519.4,1255.7,66.2,10447.9,70.7,14769.6,672.8,6.4
2017-11,Total - Gender,18550.5,14991.0,3559.6,62.0,19766.2,66.1,29921.7,1215.7,6.2
2017-11,Women+,8775.4,6471.6,2303.9,57.9,9318.4,61.5,15152.1,543.0,5.8
2017-12,Men+,9813.7,8526.8,1287.0,66.4,10482.0,70.9,14786.2,668.3,6.4
2017-12,Total - Gender,18619.7,15007.8,3611.9,62.2,19818.0,66.2,29953.3,1198.3,6.0
2017-12,Women+,8806.0,6481.0,2325.0,58.1,9336.0,61.6,15167.1,530.0,5.7
2018-01,Men+,9799.8,8558.0,1241.8,66.2,10448.6,70.6,14809.3,648.8,6.2
2018-01,Total - Gender,18576.8,15067.7,3509.1,61.9,19745.7,65.8,29996.8,1168.9,5.9
2018-01,Women+,8777.1,6509.8,2267.3,57.8,9297.2,61.2,15187.6,520.1,5.6
2018-02,Men+,9791.6,8548.0,1243.6,66.0,10452.7,70.5,14825.5,661.2,6.3
2018-02,Total - Gender,18570.3,15032.6,3537.7,61.8,19758.5,65.8,30027.7,1188.3,6.0
2018-02,Women+,8778.7,6484.6,2294.1,57.7,9305.8,61.2,15202.2,527.1,5.7
2018-03,Men+,9828.7,8591.0,1237.8,66.2,10474.7,70.6,14844.9,645.9,6.2
2018-03,Total - Gender,18630.1,15118.7,3511.4,62.0,19785.1,65.8,30065.1,1155.0,5.8
2018-03,Women+,8801.4,6527.8,2273.6,57.8,9310.4,61.2,15220.2,509.1,5.5
2018-04,Men+,9811.4,8617.9,1193.6,66.0,10455.3,70.3,14869.7,643.9,6.2
2018-04,Total - Gender,18613.0,15161.9,3451.1,61.8,19757.1,65.6,30112.8,1144.1,5.8
2018-04,Women+,8801.5,6544.0,2257.5,57.7,9301.8,61.0,15243.1,500.3,5.4
2018-05,Men+,9814.3,8587.1,1227.2,65.9,10448.9,70.2,14890.3,634.6,6.1
2018-05,Total - Gender,18621.7,15115.3,3506.4,61.8,19781.9,65.6,30152.1,1160.2,5.9
2018-05,Women+,8807.4,6528.2,2279.2,57.7,9333.0,61.2,15261.8,525.6,5.6
2018-06,Men+,9852.3,8607.0,1245.3,66.1,10500.9,70.4,14911.8,648.6,6.2
2018-06,Total - Gender,18677.6,15142.6,3535.0,61.9,19861.2,65.8,30193.1,1183.6,6.0
2018-06,Women+,8825.3,6535.6,2289.7,57.8,9360.3,61.3,15281.3,535.0,5.7
2018-07,Men+,9856.2,8622.0,1234.2,66.0,10512.5,70.4,14936.4,656.3,6.2
2018-07,Total - Gender,18763.9,15191.0,3573.0,62.0,19936.4,65.9,30241.0,1172.4,5.9
2018-07,Women+,8907.7,6569.0,2338.7,58.2,9423.8,61.6,15304.6,516.1,5.5
2018-08,Men+,9810.2,8594.7,1215.5,65.6,10467.8,70.0,14952.6,657.5,6.3
2018-08,Total - Gender,18704.7,15199.2,3505.5,61.8,19900.9,65.7,30273.2,1196.2,6.0
2018-08,Women+,8894.4,6604.4,2290.0,58.1,9433.2,61.6,15320.6,538.7,5.7
2018-09,Men+,9883.8,8617.9,1265.9,66.0,10506.3,70.2,14968.8,622.5,5.9
2018-09,Total - Gender,18797.5,15197.5,3600.0,62.0,19948.1,65.8,30305.2,1150.6,5.8
2018-09,Women+,8913.7,6579.6,2334.1,58.1,9441.8,61.6,15336.4,528.2,5.6
2018-10,Men+,9879.8,8620.6,1259.2,65.9,10496.6,70.0,14985.2,616.8,5.9
2018-10,Total - Gender,18814.9,15254.1,3560.9,62.0,19933.4,65.7,30337.3,1118.4,5.6
2018-10,Women+,8935.2,6633.4,2301.7,58.2,9436.8,61.5,15352.1,501.7,5.3
2018-11,Men+,9922.6,8669.9,1252.8,66.2,10551.1,70.3,15000.0,628.4,6.0
2018-11,Total - Gender,18869.4,15289.6,3579.9,62.1,20006.0,65.9,30366.4,1136.5,5.7
2018-11,Women+,8946.8,6619.7,2327.1,58.2,9454.9,61.5,15366.4,508.1,5.4
2018-12,Men+,9930.5,8682.4,1248.0,66.1,10554.1,70.3,15014.2,623.6,5.9
2018-12,Total - Gender,18892.8,15300.3,3592.4,62.2,20022.6,65.9,30393.7,1129.8,5.6
2018-12,Women+,8962.3,6617.9,2344.4,58.3,9468.5,61.6,15379.5,506.2,5.3
2019-01,Men+,9956.3,8664.2,1292.1,66.2,10602.6,70.5,15031.7,646.3,6.1
2019-01,Total - Gender,18920.5,15281.4,3639.1,62.2,20068.3,66.0,30427.8,1147.8,5.7
2019-01,Women+,8964.2,6617.2,2347.1,58.2,9465.7,61.5,15396.1,501.5,5.3
2019-02,Men+,9963.0,8684.3,1278.7,66.2,10631.9,70.7,15043.7,669.0,6.3
2019-02,Total - Gender,18965.7,15339.1,3626.6,62.3,20130.7,66.1,30450.9,1165.0,5.8
2019-02,Women+,9002.7,6654.8,2348.0,58.4,9498.8,61.7,15407.2,496.1,5.2
2019-03,Men+,9969.4,8704.7,1264.7,66.2,10628.3,70.6,15058.6,658.9,6.2
2019-03,Total - Gender,18932.9,15345.2,3587.7,62.1,20109.1,66.0,30479.8,1176.2,5.8
2019-03,Women+,8963.5,6640.5,2323.1,58.1,9480.9,61.5,15421.3,517.3,5.5
2019-04,Men+,10034.8,8720.6,1314.1,66.5,10680.0,70.8,15078.9,645.2,6.0
2019-04,Total - Gender,19053.7,15410.3,3643.5,62.4,20208.2,66.2,30519.6,1154.5,5.7
2019-04,Women+,9019.0,6689.6,2329.3,58.4,9528.3,61.7,15440.7,509.3,5.3
2019-05,Men+,10026.4,8714.3,1312.2,66.4,10659.4,70.6,15096.7,632.9,5.9
2019-05,Total - Gender,19067.3,15433.9,3633.4,62.4,20170.4,66.0,30554.4,1103.1,5.5
2019-05,Women+,9040.9,6719.6,2321.3,58.5,9511.0,61.5,15457.8,470.1,4.9
2019-06,Men+,10026.4,8712.3,1314.0,66.3,10671.4,70.6,15116.3,645.1,6.0
2019-06,Total - Gender,19078.6,15462.4,3616.2,62.4,20199.9,66.0,30593.1,1121.2,5.6
2019-06,Women+,9052.2,6750.1,2302.1,58.5,9528.4,61.6,15476.8,476.2,5.0
2019-07,Men+,10045.4,8725.3,1320.2,66.3,10700.4,70.7,15145.2,655.0,6.1
2019-07,Total - Gender,19072.4,15465.2,3607.2,62.2,20234.5,66.0,30649.4,1162.0,5.7
2019-07,Women+,9027.0,6739.9,2287.1,58.2,9534.1,61.5,15504.2,507.1,5.3
2019-08,Men+,10071.7,8754.5,1317.1,66.4,10739.3,70.8,15168.4,667.6,6.2
2019-08,Total - Gender,19133.9,15513.8,3620.1,62.3,20300.2,66.1,30694.3,1166.3,5.7
2019-08,Women+,9062.3,6759.3,2302.9,58.4,9561.0,61.6,15525.9,498.7,5.2
2019-09,Men+,10071.9,8763.2,1308.7,66.3,10692.3,70.4,15195.7,620.4,5.8
2019-09,Total - Gender,19142.8,15534.5,3608.3,62.3,20282.2,66.0,30747.6,1139.4,5.6
2019-09,Women+,9070.9,6771.3,2299.6,58.3,9589.9,61.7,15551.9,519.0,5.4
2019-10,Men+,10061.1,8760.6,1300.5,66.1,10691.8,70.3,15218.7,630.7,5.9
2019-10,Total - Gender,19130.9,15503.3,3627.6,62.1,20274.5,65.8,30791.8,1143.6,5.6
2019-10,Women+,9069.8,6742.7,2327.1,58.2,9582.8,61.5,15573.1,512.9,5.4
2019-11,Men+,10043.4,8733.7,1309.7,65.9,10708.6,70.3,15239.9,665.1,6.2
2019-11,Total - Gender,19096.8,15470.4,3626.4,61.9,20293.7,65.8,30832.4,1197.0,5.9
2019-11,Women+,9053.4,6736.7,2316.7,58.1,9585.2,61.5,15592.5,531.8,5.5
2019-12,Men+,10089.8,8776.5,1313.3,66.1,10729.5,70.3,15259.1,639.7,6.0
2019-12,Total - Gender,19186.5,15556.6,3629.9,62.2,20326.2,65.8,30868.9,1139.7,5.6
2019-12,Women+,9096.7,6780.1,2316.6,58.3,9596.7,61.5,15609.8,500.0,5.2
2020-01,Men+,10096.6,8804.4,1292.2,66.1,10704.0,70.1,15279.2,607.4,5.7
2020-01,Total - Gender,19204.7,15578.3,3626.4,62.1,20326.2,65.8,30907.3,1121.5,5.5
2020-01,Women+,9108.1,6773.9,2334.2,58.3,9622.2,61.6,15628.1,514.1,5.3
2020-02,Men+,10119.8,8847.6,1272.2,66.1,10778.2,70.4,15299.1,658.4,6.1
2020-02,Total - Gender,19202.9,15607.0,3595.9,62.1,20384.8,65.9,30945.1,1182.0,5.8
2020-02,Women+,9083.1,6759.5,2323.6,58.1,9606.6,61.4,15646.0,523.5,5.4
2020-03,Men+,9673.9,8611.6,1062.3,63.1,10482.8,68.4,15321.8,808.9,7.7
2020-03,Total - Gender,18058.2,15076.9,2981.2,58.3,19725.2,63.7,30988.3,1667.0,8.5
2020-03,Women+,8384.2,6465.3,1918.9,53.5,9242.4,59.0,15666.6,858.1,9.3
2020-04,Men+,8586.1,7705.6,880.6,56.0,9900.2,64.6,15336.0,1314.0,13.3
2020-04,Total - Gender,16085.8,13612.9,2472.9,51.9,18631.6,60.1,31014.2,2545.7,13.7
2020-04,Women+,7499.7,5907.4,1592.3,47.8,8731.4,55.7,15678.2,1231.7,14.1
2020-05,Men+,8813.8,7885.1,928.7,57.4,10257.4,66.8,15348.6,1443.6,14.1
2020-05,Total - Gender,16410.7,13870.2,2540.5,52.9,19131.2,61.6,31037.6,2720.5,14.2
2020-05,Women+,7596.8,5985.1,1611.8,48.4,8873.7,56.6,15689.0,1276.9,14.4
2020-06,Men+,9328.2,8245.0,1083.2,60.7,10645.4,69.3,15366.1,1317.2,12.4
2020-06,Total - Gender,17469.4,14459.3,3010.1,56.2,19977.7,64.3,31070.8,2508.3,12.6
2020-06,Women+,8141.1,6214.3,1926.8,51.8,9332.3,59.4,15704.7,1191.1,12.8
2020-07,Men+,9495.2,8281.0,1214.2,61.7,10742.9,69.8,15381.9,1247.7,11.6
2020-07,Total - Gender,17895.5,14580.9,3314.6,57.5,20094.0,64.6,31100.2,2198.4,10.9
2020-07,Women+,8400.3,6299.9,2100.4,53.4,9351.1,59.5,15718.2,950.8,10.2
2020-08,Men+,9604.1,8368.2,1235.9,62.4,10768.9,69.9,15396.1,1164.7,10.8
2020-08,Total - Gender,18129.3,14714.9,3414.4,58.2,20164.1,64.8,31126.0,2034.8,10.1
2020-08,Women+,8525.2,6346.7,2178.5,54.2,9395.2,59.7,15729.8,870.1,9.3
2020-09,Men+,9795.6,8550.5,1245.1,63.6,10829.6,70.3,15411.8,1034.0,9.5
2020-09,Total - Gender,18555.9,15079.5,3476.5,59.6,20418.3,65.5,31154.4,1862.3,9.1
2020-09,Women+,8760.3,6529.0,2231.3,55.6,9588.6,60.9,15742.6,828.3,8.6
2020-10,Men+,9810.4,8503.0,1307.4,63.6,10830.8,70.2,15421.7,1020.4,9.4
2020-10,Total - Gender,18616.4,15062.3,3554.1,59.7,20451.5,65.6,31172.3,1835.1,9.0
2020-10,Women+,8806.0,6559.3,2246.7,55.9,9620.6,61.1,15750.6,814.6,8.5
2020-11,Men+,9820.0,8555.6,1264.3,63.6,10785.8,69.9,15429.1,965.8,9.0
2020-11,Total - Gender,18650.0,15189.6,3460.4,59.8,20406.8,65.4,31185.8,1756.7,8.6
2020-11,Women+,8830.1,6634.0,2196.1,56.0,9621.0,61.1,15756.7,790.9,8.2
2020-12,Men+,9815.9,8593.7,1222.1,63.6,10783.4,69.9,15433.3,967.5,9.0
2020-12,Total - Gender,18591.7,15217.5,3374.2,59.6,20404.4,65.4,31193.7,1812.7,8.9
2020-12,Women+,8775.8,6623.7,2152.1,55.7,9621.0,61.0,15760.4,845.2,8.8
2021-01,Men+,9763.1,8603.0,1160.1,63.2,10720.8,69.4,15439.2,957.8,8.9
2021-01,Total - Gender,18392.1,15205.6,3186.5,58.9,20255.6,64.9,31203.9,1863.4,9.2
2021-01,Women+,8629.1,6602.6,2026.5,54.7,9534.7,60.5,15764.7,905.6,9.5
2021-02,Men+,9874.1,8632.8,1241.3,63.9,10765.3,69.7,15448.5,891.2,8.3
2021-02,Total - Gender,18632.0,15298.9,3333.1,59.7,20361.0,65.2,31221.9,1729.0,8.5
2021-02,Women+,8757.9,6666.1,2091.8,55.5,9595.7,60.8,15773.4,837.8,8.7
2021-03,Men+,9989.2,8706.8,1282.4,64.6,10838.0,70.1,15455.6,848.8,7.8
2021-03,Total - Gender,18873.0,15454.3,3418.7,60.4,20449.9,65.5,31235.6,1576.9,7.7
2021-03,Women+,8883.8,6747.5,2136.3,56.3,9611.9,60.9,15780.0,728.1,7.6
2021-04,Men+,9891.1,8670.3,1220.9,64.0,10773.7,69.7,15462.0,882.6,8.2
2021-04,Total - Gender,18673.8,15372.5,3301.3,59.8,20350.9,65.1,31248.1,1677.1,8.2
2021-04,Women+,8782.7,6702.2,2080.4,55.6,9577.2,60.7,15786.1,794.5,8.3
2021-05,Men+,9884.1,8667.3,1216.8,63.9,10759.0,69.6,15468.4,874.9,8.1
2021-05,Total - Gender,18623.6,15337.7,3285.9,59.6,20304.8,65.0,31260.4,1681.2,8.3
2021-05,Women+,8739.5,6670.4,2069.1,55.3,9545.8,60.4,15792.0,806.3,8.4
2021-06,Men+,9962.1,8680.4,1281.8,64.3,10857.2,70.1,15482.2,895.0,8.2
2021-06,Total - Gender,18894.4,15384.3,3510.1,60.4,20514.4,65.6,31287.5,1620.0,7.9
2021-06,Women+,8932.2,6703.9,2228.3,56.5,9657.2,61.1,15805.3,724.9,7.5
2021-07,Men+,10025.5,8670.2,1355.2,64.7,10884.6,70.2,15497.4,859.1,7.9
2021-07,Total - Gender,19016.5,15441.1,3575.4,60.7,20540.5,65.6,31318.8,1524.0,7.4
2021-07,Women+,8991.0,6770.9,2220.1,56.8,9655.9,61.0,15821.4,664.9,6.9
2021-08,Men+,10044.0,8699.4,1344.6,64.7,10861.1,70.0,15516.4,817.1,7.5
2021-08,Total - Gender,19081.7,15507.5,3574.2,60.8,20548.8,65.5,31359.5,1467.1,7.1
2021-08,Women+,9037.7,6808.1,2229.6,57.0,9687.7,61.1,15843.1,650.0,6.7
2021-09,Men+,10114.4,8759.9,1354.6,65.1,10916.8,70.3,15532.2,802.3,7.3
2021-09,Total - Gender,19251.1,15692.0,3559.1,61.3,20705.6,66.0,31393.0,1454.5,7.0
2021-09,Women+,9136.7,6932.1,2204.5,57.6,9788.8,61.7,15860.8,652.2,6.7
2021-10,Men+,10146.5,8785.8,1360.7,65.2,10873.5,69.9,15551.5,727.0,6.7
2021-10,Total - Gender,19288.1,15728.7,3559.4,61.4,20624.4,65.6,31432.6,1336.2,6.5
2021-10,Women+,9141.6,6942.9,2198.7,57.6,9750.8,61.4,15881.1,609.2,6.2
2021-11,Men+,10208.2,8823.9,1384.3,65.6,10922.5,70.1,15572.9,714.3,6.5
2021-11,Total - Gender,19437.3,15801.1,3636.2,61.8,20699.4,65.8,31475.9,1262.2,6.1
2021-11,Women+,9229.1,6977.1,2251.9,58.0,9776.9,61.5,15903.0,547.9,5.6
2021-12,Men+,10263.5,8956.5,1307.0,65.8,10926.9,70.1,15594.2,663.4,6.1
2021-12,Total - Gender,19508.8,15920.8,3588.0,61.9,20741.2,65.8,31518.9,1232.4,5.9
2021-12,Women+,9245.3,6964.3,2281.0,58.1,9814.3,61.6,15924.6,569.0,5.8
2022-01,Men+,10172.6,8943.6,1229.1,65.2,10860.9,69.6,15614.0,688.3,6.3
2022-01,Total - Gender,19305.4,15870.3,3435.1,61.2,20630.7,65.4,31559.4,1325.4,6.4
2022-01,Women+,9132.7,6926.7,2206.0,57.3,9769.8,61.3,15945.4,637.1,6.5
2022-02,Men+,10301.5,9013.4,1288.1,65.9,10932.3,69.9,15634.0,630.8,5.8
2022-02,Total - Gender,19629.0,16030.5,3598.6,62.1,20764.7,65.7,31600.5,1135.6,5.5
2022-02,Women+,9327.5,7017.0,2310.4,58.4,9832.4,61.6,15966.5,504.9,5.1
2022-03,Men+,10334.2,9036.2,1298.0,66.0,10907.0,69.7,15654.7,572.8,5.3
2022-03,Total - Gender,19647.8,16037.3,3610.5,62.1,20762.7,65.6,31642.1,1114.9,5.4
2022-03,Women+,9313.6,7001.1,2312.5,58.3,9855.7,61.6,15987.4,542.1,5.5
2022-04,Men+,10359.3,9046.9,1312.4,66.1,10968.5,70.0,15675.3,609.2,5.6
2022-04,Total - Gender,19709.7,16084.2,3625.4,62.2,20826.2,65.7,31683.5,1116.5,5.4
2022-04,Women+,9350.4,7037.4,2313.0,58.4,9857.7,61.6,16008.2,507.4,5.1
2022-05,Men+,10343.6,9074.3,1269.3,65.9,10944.7,69.7,15700.3,601.1,5.5
2022-05,Total - Gender,19763.4,16210.3,3553.1,62.3,20847.5,65.7,31733.2,1084.2,5.2
2022-05,Women+,9419.8,7136.0,2283.8,58.8,9902.8,61.8,16032.9,483.1,4.9
2022-06,Men+,10345.0,9078.9,1266.2,65.8,10903.0,69.3,15725.0,558.0,5.1
2022-06,Total - Gender,19750.8,16212.3,3538.5,62.1,20778.2,65.4,31781.7,1027.4,4.9
2022-06,Women+,9405.8,7133.4,2272.4,58.6,9875.1,61.5,16056.7,469.4,4.8
2022-07,Men+,10382.2,9127.3,1254.9,65.9,10930.7,69.4,15751.5,548.5,5.0
2022-07,Total - Gender,19787.5,16246.6,3540.9,62.2,20794.5,65.3,31834.3,1007.1,4.8
2022-07,Women+,9405.3,7119.3,2286.0,58.5,9863.9,61.3,16082.8,458.6,4.6
2022-08,Men+,10399.2,9115.7,1283.5,65.9,10980.9,69.6,15781.9,581.7,5.3
2022-08,Total - Gender,19781.2,16217.1,3564.1,62.0,20865.1,65.4,31894.0,1083.9,5.2
2022-08,Women+,9382.0,7101.3,2280.7,58.2,9884.3,61.3,16112.2,502.2,5.1
2022-09,Men+,10397.4,9115.6,1281.8,65.8,10972.9,69.4,15809.7,575.5,5.2
2022-09,Total - Gender,19796.1,16212.3,3583.8,62.0,20862.7,65.3,31948.3,1066.6,5.1
2022-09,Women+,9398.7,7096.7,2302.0,58.2,9889.8,61.3,16138.6,491.1,5.0
2022-10,Men+,10442.0,9168.2,1273.8,65.9,11000.2,69.4,15839.2,558.2,5.1
2022-10,Total - Gender,19882.8,16269.8,3613.1,62.1,20955.3,65.5,32005.2,1072.5,5.1
2022-10,Women+,9440.8,7101.6,2339.2,58.4,9955.1,61.6,16166.0,514.3,5.2
2022-11,Men+,10457.3,9199.7,1257.7,65.9,11041.3,69.6,15867.3,584.0,5.3
2022-11,Total - Gender,19923.8,16345.9,3577.9,62.1,20982.5,65.5,32058.7,1058.7,5.0
2022-11,Women+,9466.4,7146.2,2320.2,58.5,9941.2,61.4,16191.3,474.8,4.8
2022-12,Men+,10499.4,9187.5,1311.9,66.1,11073.2,69.7,15895.6,573.8,5.2
2022-12,Total - Gender,19998.5,16426.8,3571.7,62.3,21049.6,65.6,32111.8,1051.1,5.0
2022-12,Women+,9499.1,7239.3,2259.8,58.6,9976.4,61.5,16216.3,477.3,4.8
2023-01,Men+,10557.1,9239.2,1317.9,66.2,11145.2,69.9,15935.3,588.2,5.3
2023-01,Total - Gender,20113.5,16523.6,3589.9,62.5,21193.4,65.8,32187.9,1079.9,5.1
2023-01,Women+,9556.4,7284.5,2272.0,58.8,10048.2,61.8,16252.6,491.8,4.9
2023-02,Men+,10571.5,9244.2,1327.3,66.2,11155.7,69.8,15978.9,584.2,5.2
2023-02,Total - Gender,20153.3,16560.5,3592.8,62.5,21240.6,65.8,32270.6,1087.2,5.1
2023-02,Women+,9581.8,7316.3,2265.5,58.8,10084.8,61.9,16291.7,503.1,5.0
2023-03,Men+,10612.8,9292.5,1320.3,66.2,11190.1,69.8,16023.8,577.3,5.2
2023-03,Total - Gender,20214.1,16614.7,3599.5,62.5,21284.2,65.8,32355.3,1070.1,5.0
2023-03,Women+,9601.3,7322.1,2279.2,58.8,10094.1,61.8,16331.4,492.8,4.9
2023-04,Men+,10640.8,9295.5,1345.3,66.2,11235.8,69.9,16064.8,594.9,5.3
2023-04,Total - Gender,20257.8,16621.7,3636.1,62.5,21337.7,65.8,32432.5,1080.0,5.1
2023-04,Women+,9617.0,7326.1,2290.8,58.8,10102.0,61.7,16367.7,485.0,4.8
2023-05,Men+,10647.9,9293.9,1354.0,66.1,11239.0,69.7,16113.6,591.1,5.3
2023-05,Total - Gender,20246.7,16604.6,3642.1,62.3,21358.5,65.7,32524.6,1111.8,5.2
2023-05,Women+,9598.8,7310.8,2288.1,58.5,10119.5,61.7,16411.0,520.7,5.1
2023-06,Men+,10720.3,9350.0,1370.4,66.3,11334.2,70.1,16163.0,613.9,5.4
2023-06,Total - Gender,20332.9,16718.2,3614.7,62.3,21486.3,65.9,32617.0,1153.4,5.4
2023-06,Women+,9612.6,7368.2,2244.4,58.4,10152.1,61.7,16454.0,539.5,5.3
2023-07,Men+,10714.8,9341.3,1373.6,66.1,11334.1,69.9,16212.8,619.3,5.5
2023-07,Total - Gender,20352.1,16724.2,3627.9,62.2,21527.4,65.8,32710.3,1175.3,5.5
2023-07,Women+,9637.3,7382.9,2254.3,58.4,10193.3,61.8,16497.5,556.0,5.5
2023-08,Men+,10745.8,9397.9,1347.9,66.1,11374.5,69.9,16264.9,628.7,5.5
2023-08,Total - Gender,20412.1,16798.8,3613.3,62.2,21589.5,65.8,32808.3,1177.3,5.5
2023-08,Women+,9666.3,7400.9,2265.4,58.4,10215.0,61.7,16543.4,548.7,5.4
2023-09,Men+,10771.8,9393.2,1378.6,66.0,11423.2,70.0,16312.3,651.4,5.7
2023-09,Total - Gender,20465.3,16791.4,3673.8,62.2,21657.2,65.8,32896.0,1191.9,5.5
2023-09,Women+,9693.5,7398.2,2295.3,58.5,10234.0,61.7,16583.7,540.5,5.3
2023-10,Men+,10803.8,9405.7,1398.1,66.0,11487.7,70.2,16362.0,684.0,6.0
2023-10,Total - Gender,20493.9,16817.4,3676.5,62.1,21734.6,65.9,32987.7,1240.6,5.7
2023-10,Women+,9690.2,7411.8,2278.4,58.3,10246.8,61.6,16625.7,556.7,5.4
2023-11,Men+,10819.4,9403.9,1415.6,65.9,11506.3,70.1,16411.0,686.9,6.0
2023-11,Total - Gender,20518.5,16839.6,3678.9,62.0,21763.6,65.8,33077.9,1245.1,5.7
2023-11,Women+,9699.1,7435.7,2263.4,58.2,10257.3,61.5,16666.9,558.2,5.4
2023-12,Men+,10829.5,9439.2,1390.3,65.8,11519.7,70.0,16460.1,690.2,6.0
2023-12,Total - Gender,20532.8,16853.6,3679.3,61.9,21797.4,65.7,33168.3,1264.6,5.8
2023-12,Women+,9703.3,7414.4,2289.0,58.1,10277.7,61.5,16708.2,574.4,5.6
2024-01,Men+,10857.7,9416.8,1440.9,65.7,11520.6,69.7,16517.9,662.9,5.8
2024-01,Total - Gender,20577.1,16840.8,3736.3,61.8,21817.2,65.6,33276.5,1240.1,5.7
2024-01,Women+,9719.4,7423.9,2295.4,58.0,10296.5,61.4,16758.5,577.1,5.6
2024-02,Men+,10876.6,9470.5,1406.1,65.6,11589.3,69.9,16570.2,712.7,6.1
2024-02,Total - Gender,20607.7,16902.6,3705.1,61.7,21894.8,65.6,33373.5,1287.1,5.9
2024-02,Women+,9731.1,7432.2,2298.9,57.9,10305.6,61.3,16803.3,574.5,5.6
2024-03,Men+,10867.5,9457.9,1409.7,65.4,11621.4,69.9,16622.2,753.9,6.5
2024-03,Total - Gender,20614.5,16896.9,3717.7,61.6,21956.9,65.6,33469.5,1342.3,6.1
2024-03,Women+,9747.0,7439.0,2308.0,57.9,10335.4,61.3,16847.4,588.4,5.7
2024-04,Men+,10944.0,9545.9,1398.1,65.6,11681.8,70.0,16681.0,737.8,6.3
2024-04,Total - Gender,20700.5,16953.9,3746.6,61.6,22060.1,65.7,33578.9,1359.6,6.2
2024-04,Women+,9756.5,7408.0,2348.5,57.7,10378.4,61.4,16897.9,621.9,6.0
2024-05,Men+,10921.6,9488.2,1433.4,65.2,11681.4,69.8,16738.5,759.8,6.5
2024-05,Total - Gender,20698.3,16909.0,3789.3,61.4,22081.9,65.6,33685.5,1383.7,6.3
2024-05,Women+,9776.7,7420.8,2355.9,57.7,10400.5,61.4,16947.0,623.8,6.0
2024-06,Men+,10917.3,9509.1,1408.2,65.0,11707.7,69.7,16794.1,790.4,6.8
2024-06,Total - Gender,20715.9,16919.7,3796.2,61.3,22140.4,65.5,33788.3,1424.5,6.4
2024-06,Women+,9798.6,7410.7,2388.0,57.7,10432.8,61.4,16994.2,634.1,6.1
2024-07,Men+,10923.9,9528.0,1395.9,64.8,11718.1,69.5,16853.4,794.2,6.8
2024-07,Total - Gender,20712.9,16978.1,3734.8,61.1,22138.2,65.3,33899.8,1425.3,6.4
2024-07,Women+,9789.0,7450.1,2338.9,57.4,10420.1,61.1,17046.4,631.1,6.1
2024-08,Men+,10932.8,9500.8,1432.0,64.7,11773.1,69.6,16904.5,840.3,7.1
2024-08,Total - Gender,20742.6,16940.1,3802.5,61.0,22220.9,65.4,33995.1,1478.3,6.7
2024-08,Women+,9809.8,7439.3,2370.5,57.4,10447.8,61.1,17090.7,638.0,6.1
2024-09,Men+,10950.4,9531.9,1418.5,64.6,11785.6,69.5,16953.2,835.2,7.1
2024-09,Total - Gender,20779.3,17032.1,3747.2,61.0,22237.6,65.2,34089.8,1458.3,6.6
2024-09,Women+,9828.9,7500.1,2328.7,57.4,10452.0,61.0,17136.6,623.1,6.0
2024-10,Men+,10964.1,9548.7,1415.5,64.5,11798.9,69.4,16991.4,834.8,7.1
2024-10,Total - Gender,20782.6,17038.7,3743.9,60.8,22259.0,65.2,34163.7,1476.3,6.6
2024-10,Women+,9818.5,7490.0,2328.5,57.2,10460.0,60.9,17172.3,641.5,6.1
2024-11,Men+,10998.7,9595.2,1403.5,64.6,11859.5,69.7,17023.0,860.8,7.3
2024-11,Total - Gender,20826.4,17091.6,3734.8,60.9,22367.0,65.4,34225.2,1540.6,6.9
2024-11,Women+,9827.7,7496.4,2331.3,57.1,10507.6,61.1,17202.2,679.8,6.5
2024-12,Men+,11059.3,9646.0,1413.3,64.9,11886.3,69.7,17053.5,827.0,7.0
2024-12,Total - Gender,20917.4,17150.7,3766.6,61.0,22422.8,65.4,34285.1,1505.5,6.7
2024-12,Women+,9858.0,7504.7,2353.3,57.2,10536.6,61.1,17231.5,678.5,6.4
2025-01,Men+,11091.2,9679.9,1411.4,64.9,11901.5,69.7,17081.4,810.2,6.8
2025-01,Total - Gender,20993.4,17185.9,3807.5,61.1,22484.0,65.5,34340.8,1490.6,6.6
2025-01,Women+,9902.2,7506.1,2396.1,57.4,10582.5,61.3,17259.4,680.3,6.4
2025-02,Men+,11093.2,9658.5,1434.7,64.9,11913.7,69.6,17105.1,820.5,6.9
2025-02,Total - Gender,20994.5,17166.2,3828.3,61.1,22467.2,65.3,34388.2,1472.7,6.6
2025-02,Women+,9901.4,7507.7,2393.6,57.3,10553.5,61.1,17283.1,652.2,6.2
2025-03,Men+,11046.0,9608.8,1437.2,64.5,11880.1,69.3,17131.0,834.1,7.0
2025-03,Total - Gender,20961.9,17104.2,3857.8,60.9,22470.7,65.2,34440.0,1508.8,6.7
2025-03,Women+,9915.9,7495.4,2420.5,57.3,10590.6,61.2,17309.0,674.7,6.4
2025-04,Men+,11089.7,9627.5,1462.2,64.6,11939.9,69.6,17157.2,850.2,7.1
2025-04,Total - Gender,20969.3,17135.7,3833.6,60.8,22517.4,65.3,34493.6,1548.1,6.9
2025-04,Women+,9879.6,7508.2,2371.4,57.0,10577.5,61.0,17336.4,697.9,6.6
2025-05,Men+,11080.8,9656.0,1424.7,64.5,11956.1,69.6,17175.2,875.4,7.3
2025-05,Total - Gender,20978.1,17193.4,3784.8,60.8,22552.7,65.3,34530.6,1574.6,7.0
2025-05,Women+,9897.4,7537.3,2360.0,57.0,10596.6,61.1,17355.4,699.2,6.6
2025-06,Men+,11130.4,9665.1,1465.3,64.7,11991.6,69.7,17197.6,861.1,7.2
2025-06,Total - Gender,21061.2,17206.9,3854.3,60.9,22613.7,65.4,34577.2,1552.5,6.9
2025-06,Women+,9930.8,7541.8,2389.0,57.1,10622.1,61.1,17379.6,691.3,6.5
2025-07,Men+,11097.7,9619.2,1478.5,64.5,11987.5,69.6,17215.4,889.7,7.4
2025-07,Total - Gender,21020.4,17155.9,3864.6,60.7,22580.7,65.2,34614.8,1560.2,6.9
2025-07,Women+,9922.7,7536.6,2386.1,57.0,10593.2,60.9,17399.4,670.5,6.3
2025-08,Men+,11052.8,9599.7,1453.1,64.2,11962.5,69.4,17228.9,909.7,7.6
2025-08,Total - Gender,20954.9,17149.9,3804.9,60.5,22549.5,65.1,34644.2,1594.6,7.1
2025-08,Women+,9902.1,7550.3,2351.8,56.9,10587.0,60.8,17415.3,684.9,6.5
2025-09,Men+,11103.6,9692.3,1411.3,64.4,11985.0,69.5,17241.8,881.4,7.4
2025-09,Total - Gender,21015.3,17256.0,3759.3,60.6,22621.8,65.2,34671.9,1606.5,7.1
2025-09,Women+,9911.7,7563.7,2348.0,56.9,10636.8,61.0,17430.1,725.1,6.8
2025-10,Men+,11125.2,9646.9,1478.3,64.5,11979.9,69.4,17252.7,854.7,7.1
2025-10,Total - Gender,21081.9,17237.5,3844.4,60.8,22639.1,65.3,34695.4,1557.3,6.9
2025-10,Women+,9956.7,7590.6,2366.1,57.1,10659.3,61.1,17442.7,702.6,6.6
2025-11,Men+,11163.0,9629.9,1533.1,64.7,11962.0,69.3,17260.3,799.0,6.7
2025-11,Total - Gender,21135.5,17228.1,3907.4,60.9,22613.4,65.1,34713.1,1477.8,6.5
2025-11,Women+,9972.5,7598.2,2374.3,57.1,10651.4,61.0,17452.8,678.9,6.4
2025-12,Men+,11172.5,9694.4,1478.1,64.7,12014.7,69.6,17264.2,842.3,7.0
2025-12,Total - Gender,21143.7,17278.3,3865.4,60.9,22694.4,65.4,34723.0,1550.7,6.8
2025-12,Women+,9971.2,7583.9,2387.3,57.1,10679.7,61.2,17458.7,708.5,6.6
