ref_date,emplFullMen+,emplFullTotal - Gender,emplFullWomen+,emplMen+,emplPartMen+,emplPartTotal - Gender,emplPartWomen+,emplRateMen+,emplRateTotal - Gender,emplRateWomen+,emplTotal - Gender,emplWomen+,labForceMen+,labForceTotal - Gender,labForceWomen+,participRateMen+,participRateTotal - Gender,participRateWomen+,populationMen+,populationTotal - Gender,populationWomen+,unemplMen+,unemplRateMen+,unemplRateTotal - Gender,unemplRateWomen+,unemplTotal - Gender,unemplWomen+
1976-01,5712.1,8431.0,2718.9,6085.3,373.2,1205.6,832.4,73.0,57.2,41.7,9636.7,3551.3,6504.3,10369.7,3865.4,78.0,61.5,45.4,8334.7,16852.4,8517.7,419.0,6.4,7.1,8.1,733.0,314.0
1976-02,5732.0,8467.5,2735.4,6097.0,364.9,1192.3,827.4,73.0,57.2,41.7,9659.8,3562.8,6513.1,10389.8,3876.6,78.0,61.5,45.4,8353.3,16892.0,8538.8,416.2,6.4,7.0,8.1,730.0,313.8
1976-03,5758.5,8509.4,2751.0,6119.3,360.8,1194.8,833.9,73.1,57.3,41.9,9704.2,3584.9,6515.3,10395.7,3880.4,77.8,61.4,45.3,8371.6,16930.7,8559.1,396.0,6.1,6.7,7.6,691.5,295.5
1976-04,5787.6,8540.1,2752.4,6145.3,357.6,1198.1,840.4,73.2,57.4,41.9,9738.2,3592.9,6547.3,10451.3,3904.0,78.0,61.6,45.5,8390.0,16969.4,8579.4,402.0,6.1,6.8,8.0,713.1,311.1
1976-05,5770.4,8529.6,2759.3,6125.8,355.4,1196.4,841.0,72.9,57.2,41.9,9726.1,3600.3,6528.0,10446.1,3918.0,77.6,61.4,45.6,8408.4,17008.1,8599.7,402.2,6.2,6.9,8.1,720.0,317.8
1976-06,5760.5,8519.2,2758.7,6126.7,366.2,1229.1,862.9,72.7,57.2,42.0,9748.3,3621.6,6540.2,10469.6,3929.4,77.6,61.4,45.6,8426.8,17046.8,8620.0,413.5,6.3,6.9,7.8,721.3,307.8
1976-07,5779.7,8544.4,2764.7,6139.8,360.1,1215.1,855.1,72.7,57.1,41.9,9759.5,3619.8,6581.7,10539.4,3957.7,77.9,61.7,45.8,8445.2,17085.5,8640.3,441.9,6.7,7.4,8.5,779.9,338.0
1976-08,5776.4,8561.9,2785.6,6136.2,359.8,1218.6,858.8,72.5,57.1,42.1,9780.5,3644.3,6547.8,10524.1,3976.3,77.4,61.5,45.9,8463.7,17124.4,8660.7,411.6,6.3,7.1,8.3,743.6,332.0
1976-09,5795.0,8582.6,2787.6,6154.1,359.1,1212.6,853.6,72.6,57.1,42.0,9795.2,3641.1,6552.6,10531.9,3979.3,77.3,61.4,45.9,8478.1,17154.4,8676.3,398.5,6.1,7.0,8.5,736.7,338.2
1976-10,5757.8,8537.7,2779.9,6127.0,369.2,1244.8,875.7,72.1,56.9,42.1,9782.5,3655.5,6577.0,10565.1,3988.2,77.4,61.5,45.9,8492.1,17183.4,8691.3,450.0,6.8,7.4,8.3,782.6,332.6
1976-11,5776.8,8560.8,2783.9,6154.8,377.9,1268.2,890.3,72.4,57.1,42.2,9829.0,3674.2,6595.9,10609.5,4013.6,77.5,61.6,46.1,8505.7,17211.4,8705.8,441.1,6.7,7.4,8.5,780.5,339.4
1976-12,5799.1,8606.3,2807.2,6170.6,371.5,1256.3,884.8,72.4,57.2,42.3,9862.6,3692.0,6621.9,10657.3,4035.4,77.7,61.8,46.3,8518.2,17238.1,8719.9,451.4,6.8,7.5,8.5,794.8,343.4
1977-01,5805.7,8615.1,2809.4,6172.7,367.0,1254.2,887.1,72.3,57.1,42.3,9869.3,3696.6,6631.2,10681.1,4049.9,77.7,61.8,46.4,8533.7,17270.6,8737.0,458.5,6.9,7.6,8.7,811.8,353.3
1977-02,5800.3,8611.3,2811.0,6172.0,371.7,1262.9,891.2,72.2,57.1,42.3,9874.2,3702.2,6649.0,10716.1,4067.2,77.8,61.9,46.5,8548.8,17302.4,8753.7,477.0,7.2,7.9,9.0,842.0,365.0
1977-03,5777.5,8589.5,2812.0,6162.8,385.3,1276.2,890.9,72.0,56.9,42.2,9865.7,3702.9,6640.6,10701.7,4061.1,77.6,61.8,46.3,8561.5,17329.1,8767.6,477.8,7.2,7.8,8.8,836.0,358.2
1977-04,5795.6,8620.4,2824.9,6182.4,386.9,1272.1,885.3,72.1,57.0,42.2,9892.6,3710.1,6656.8,10741.5,4084.7,77.6,61.9,46.5,8575.7,17358.7,8783.0,474.4,7.1,7.9,9.2,849.0,374.6
1977-05,5792.7,8619.7,2826.9,6179.9,387.2,1292.3,905.1,71.9,57.0,42.4,9912.0,3732.1,6657.3,10749.7,4092.5,77.5,61.8,46.5,8592.6,17394.1,8801.5,477.4,7.2,7.8,8.8,837.8,360.4
1977-06,5789.8,8611.4,2821.6,6179.2,389.4,1295.5,906.1,71.8,56.9,42.3,9906.9,3727.7,6661.9,10749.0,4087.1,77.4,61.7,46.4,8605.5,17421.5,8816.0,482.6,7.2,7.8,8.8,842.0,359.4
1977-07,5800.7,8619.6,2818.9,6182.4,381.7,1291.8,910.1,71.7,56.8,42.2,9911.4,3729.0,6682.3,10784.3,4102.0,77.5,61.8,46.5,8618.7,17449.4,8830.7,499.9,7.5,8.1,9.1,872.9,372.9
1977-08,5803.5,8628.9,2825.4,6198.9,395.5,1307.8,912.3,71.8,56.8,42.2,9936.6,3737.7,6699.8,10819.4,4119.6,77.6,61.9,46.6,8635.7,17485.1,8849.4,500.9,7.5,8.2,9.3,882.8,381.9
1977-09,5796.9,8631.4,2834.5,6188.3,391.5,1305.6,914.1,71.5,56.7,42.3,9937.0,3748.6,6703.7,10839.0,4135.2,77.5,61.9,46.6,8649.3,17513.7,8864.5,515.4,7.7,8.3,9.3,902.0,386.6
1977-10,5808.3,8639.8,2831.5,6205.3,397.0,1322.3,925.3,71.6,56.8,42.3,9962.1,3756.8,6709.6,10875.5,4165.9,77.5,62.0,46.9,8662.1,17540.6,8878.5,504.3,7.5,8.4,9.8,913.4,409.1
1977-11,5823.4,8655.7,2832.3,6213.8,390.3,1320.6,930.3,71.6,56.8,42.3,9976.3,3762.6,6735.9,10901.7,4165.8,77.6,62.1,46.8,8675.0,17567.5,8892.5,522.1,7.8,8.5,9.7,925.4,403.2
1977-12,5824.2,8668.9,2844.7,6217.3,393.1,1333.4,940.2,71.6,56.9,42.5,10002.3,3785.0,6745.0,10928.9,4183.9,77.6,62.1,47.0,8686.9,17592.8,8905.9,527.7,7.8,8.5,9.5,926.6,398.9
1978-01,5826.3,8692.2,2866.0,6213.1,386.8,1320.8,934.0,71.4,56.8,42.6,10013.0,3799.9,6724.1,10918.1,4194.0,77.3,62.0,47.0,8701.6,17623.5,8922.0,511.0,7.6,8.3,9.4,905.1,394.1
1978-02,5873.3,8747.7,2874.5,6250.8,377.6,1319.8,942.2,71.7,57.0,42.7,10067.5,3816.7,6767.5,10981.4,4213.9,77.6,62.2,47.1,8715.7,17653.9,8938.2,516.6,7.6,8.3,9.4,913.8,397.2
1978-03,5881.4,8781.5,2900.1,6266.4,385.0,1318.8,933.8,71.8,57.1,42.8,10100.3,3833.9,6798.1,11041.6,4243.5,77.9,62.5,47.4,8727.7,17679.3,8951.6,531.7,7.8,8.5,9.7,941.2,409.6
1978-04,5872.5,8782.0,2909.5,6267.0,394.5,1346.7,952.2,71.7,57.2,43.1,10128.7,3861.7,6801.2,11060.3,4259.1,77.8,62.5,47.5,8740.9,17706.9,8966.0,534.2,7.9,8.4,9.3,931.6,397.5
1978-05,5888.3,8816.4,2928.1,6282.1,393.8,1330.2,936.4,71.7,57.2,43.0,10146.7,3864.5,6813.4,11100.5,4287.1,77.8,62.6,47.7,8757.6,17741.6,8984.0,531.3,7.8,8.6,9.9,953.9,422.6
1978-06,5917.4,8852.0,2934.6,6318.9,401.5,1355.6,954.1,72.1,57.5,43.2,10207.6,3888.7,6845.4,11146.1,4300.7,78.1,62.7,47.8,8769.9,17767.5,8997.6,526.5,7.7,8.4,9.6,938.5,412.0
1978-07,5920.3,8849.7,2929.4,6333.5,413.2,1405.3,992.2,72.1,57.6,43.5,10255.0,3921.5,6850.8,11188.4,4337.6,78.0,62.9,48.1,8781.5,17792.0,9010.5,517.4,7.6,8.3,9.6,933.4,416.0
1978-08,5929.3,8900.3,2971.0,6349.5,420.2,1387.2,967.0,72.2,57.7,43.6,10287.5,3938.0,6879.4,11235.5,4356.1,78.2,63.0,48.3,8796.9,17824.4,9027.5,529.9,7.7,8.4,9.6,948.0,418.1
1978-09,5946.1,8941.4,2995.3,6344.7,398.6,1364.1,965.5,72.0,57.7,43.8,10305.5,3960.8,6870.3,11252.7,4382.4,78.0,63.0,48.5,8809.3,17850.7,9041.4,525.6,7.7,8.4,9.6,947.2,421.6
1978-10,5978.4,9017.8,3039.4,6380.6,402.2,1351.0,948.8,72.3,58.0,44.0,10368.8,3988.2,6890.3,11293.7,4403.3,78.1,63.2,48.6,8821.8,17876.8,9054.9,509.7,7.4,8.2,9.4,924.8,415.1
1978-11,5982.4,9024.7,3042.3,6385.7,403.3,1362.4,959.2,72.3,58.0,44.1,10387.2,4001.5,6909.5,11332.9,4423.4,78.2,63.3,48.8,8834.0,17902.4,9068.4,523.7,7.6,8.3,9.5,945.7,422.0
1978-12,6004.0,9050.2,3046.2,6402.8,398.8,1378.1,979.3,72.4,58.2,44.3,10428.3,4025.5,6914.4,11366.1,4451.7,78.2,63.4,49.0,8845.8,17927.3,9081.4,511.6,7.4,8.3,9.6,937.8,426.2
1979-01,6026.4,9074.6,3048.2,6438.3,411.9,1408.5,996.6,72.7,58.4,44.5,10483.1,4044.8,6955.4,11421.2,4465.8,78.5,63.6,49.1,8860.8,17958.4,9097.6,517.2,7.4,8.2,9.4,938.2,421.0
1979-02,6041.4,9100.5,3059.2,6430.8,389.4,1389.5,1000.1,72.5,58.3,44.5,10490.0,4059.3,6940.9,11407.3,4466.4,78.2,63.4,49.0,8875.3,17989.1,9113.9,510.1,7.3,8.0,9.1,917.3,407.1
1979-03,6057.0,9113.1,3056.1,6462.1,405.1,1422.8,1017.7,72.7,58.5,44.6,10535.9,4073.8,6964.1,11440.8,4476.7,78.4,63.5,49.0,8887.3,18014.3,9127.0,502.1,7.2,7.9,9.0,904.9,402.9
1979-04,6065.4,9129.5,3064.1,6477.0,411.6,1431.4,1019.8,72.7,58.5,44.7,10560.8,4083.9,6986.5,11474.9,4488.4,78.5,63.6,49.1,8903.1,18047.3,9144.3,509.5,7.3,8.0,9.0,914.1,404.6
1979-05,6080.8,9136.1,3055.3,6518.9,438.2,1475.3,1037.1,73.1,58.7,44.7,10611.4,4092.4,7001.8,11483.2,4481.4,78.5,63.5,48.9,8915.7,18073.7,9158.0,482.9,6.9,7.6,8.7,871.8,389.0
1979-06,6104.8,9190.2,3085.4,6531.5,426.7,1455.2,1028.5,73.2,58.8,44.9,10645.4,4113.9,6989.7,11496.1,4506.4,78.3,63.5,49.1,8928.7,18101.0,9172.3,458.3,6.6,7.4,8.7,850.7,392.4
1979-07,6112.9,9222.6,3109.8,6550.7,437.9,1479.5,1041.7,73.2,59.0,45.2,10702.1,4151.4,6993.3,11537.0,4543.8,78.2,63.6,49.4,8943.9,18133.4,9189.4,442.5,6.3,7.2,8.6,834.9,392.4
1979-08,6121.5,9246.3,3124.8,6559.0,437.4,1495.8,1058.3,73.2,59.1,45.4,10742.1,4183.1,6994.4,11563.8,4569.4,78.1,63.7,49.6,8957.2,18161.4,9204.2,435.4,6.2,7.1,8.5,821.7,386.3
1979-09,6127.3,9246.8,3119.5,6577.5,450.1,1509.7,1059.6,73.3,59.1,45.3,10756.5,4179.0,7010.5,11569.1,4558.5,78.2,63.6,49.4,8970.4,18189.4,9218.9,433.0,6.2,7.0,8.3,812.5,379.5
1979-10,6151.1,9296.6,3145.5,6587.9,436.8,1512.4,1075.6,73.3,59.3,45.7,10809.0,4221.0,7036.2,11652.2,4616.0,78.3,63.9,50.0,8987.9,18226.0,9238.1,448.3,6.4,7.2,8.6,843.2,395.0
1979-11,6162.6,9322.7,3160.1,6602.0,439.4,1518.5,1079.1,73.3,59.4,45.8,10841.3,4239.3,7054.2,11678.1,4623.9,78.4,64.0,50.0,9001.7,18255.2,9253.5,452.2,6.4,7.2,8.3,836.8,384.7
1979-12,6164.4,9340.8,3176.5,6608.9,444.5,1519.1,1074.6,73.3,59.4,45.9,10859.9,4251.0,7074.5,11708.1,4633.6,78.5,64.0,50.0,9015.3,18283.8,9268.4,465.5,6.6,7.2,8.3,848.1,382.6
1980-01,6175.2,9360.5,3185.3,6609.8,434.6,1522.1,1087.5,73.2,59.4,46.0,10882.6,4272.8,7092.3,11760.1,4667.8,78.5,64.2,50.3,9031.6,18317.9,9286.3,482.6,6.8,7.5,8.5,877.5,395.0
1980-02,6177.1,9375.4,3198.2,6631.4,454.3,1527.6,1073.3,73.3,59.4,45.9,10902.9,4271.5,7128.4,11796.9,4668.5,78.8,64.3,50.2,9045.0,18346.4,9301.4,496.9,7.0,7.6,8.5,894.0,397.0
1980-03,6158.9,9358.5,3199.6,6606.4,447.5,1539.3,1091.8,72.9,59.3,46.1,10897.8,4291.4,7108.4,11798.9,4690.5,78.5,64.2,50.3,9057.9,18373.9,9316.0,502.0,7.1,7.6,8.5,901.0,399.1
1980-04,6161.9,9380.1,3218.1,6610.6,448.7,1558.3,1109.6,72.9,59.4,46.4,10938.3,4327.7,7119.7,11846.7,4727.0,78.5,64.4,50.6,9073.9,18407.7,9333.8,509.1,7.2,7.7,8.4,908.3,399.3
1980-05,6143.7,9351.0,3207.3,6581.2,437.5,1540.6,1103.1,72.4,59.1,46.1,10891.6,4310.4,7096.5,11815.5,4718.9,78.1,64.1,50.5,9087.9,18437.0,9349.1,515.3,7.3,7.8,8.7,923.9,408.5
1980-06,6160.5,9379.9,3219.4,6605.7,445.1,1556.9,1111.7,72.5,59.2,46.2,10936.8,4331.1,7120.6,11855.1,4734.5,78.2,64.2,50.5,9105.5,18474.1,9368.6,514.9,7.2,7.7,8.5,918.3,403.4
1980-07,6155.9,9373.5,3217.6,6595.5,439.5,1561.5,1122.0,72.3,59.1,46.3,10935.0,4339.5,7104.4,11840.6,4736.2,77.9,64.0,50.5,9118.3,18501.1,9382.7,508.9,7.2,7.6,8.4,905.6,396.6
1980-08,6167.0,9397.7,3230.7,6619.8,452.8,1572.5,1119.7,72.5,59.2,46.3,10970.3,4350.4,7125.4,11878.1,4752.8,78.0,64.1,50.6,9131.6,18529.0,9397.5,505.5,7.1,7.6,8.5,907.9,402.3
1980-09,6192.0,9439.8,3247.8,6659.8,467.9,1612.1,1144.2,72.8,59.5,46.6,11051.9,4392.0,7149.2,11928.1,4778.9,78.1,64.3,50.8,9148.2,18564.0,9415.8,489.4,6.8,7.3,8.1,876.2,386.8
1980-10,6204.5,9476.3,3271.8,6668.6,464.1,1606.8,1142.7,72.8,59.6,46.8,11083.1,4414.4,7153.9,11956.2,4802.3,78.1,64.3,50.9,9161.2,18591.5,9430.3,485.3,6.8,7.3,8.1,873.1,387.8
1980-11,6241.1,9499.3,3258.2,6707.9,466.8,1627.7,1160.9,73.1,59.8,46.8,11127.0,4419.1,7191.0,11984.7,4793.8,78.4,64.4,50.8,9173.5,18617.4,9443.9,483.1,6.7,7.2,7.8,857.7,374.6
1980-12,6267.2,9557.8,3290.6,6719.1,451.9,1582.2,1130.3,73.2,59.8,46.7,11140.0,4420.9,7209.1,12014.1,4805.0,78.5,64.4,50.8,9185.3,18642.6,9457.3,490.0,6.8,7.3,8.0,874.1,384.1
1981-01,6282.4,9592.5,3310.1,6755.4,473.0,1614.1,1141.1,73.4,60.0,47.0,11206.5,4451.2,7254.5,12098.8,4844.3,78.9,64.8,51.1,9199.1,18671.8,9472.7,499.1,6.9,7.4,8.1,892.3,393.1
1981-02,6288.9,9625.9,3337.0,6775.1,486.2,1657.4,1171.3,73.5,60.3,47.5,11283.3,4508.2,7278.7,12183.1,4904.4,79.0,65.1,51.7,9212.6,18700.6,9488.1,503.6,6.9,7.4,8.1,899.8,396.2
1981-03,6289.4,9604.9,3315.5,6777.8,488.4,1673.8,1185.4,73.5,60.2,47.4,11278.7,4500.9,7284.7,12181.2,4896.4,79.0,65.1,51.5,9223.9,18725.0,9501.1,506.9,7.0,7.4,8.1,902.4,395.5
1981-04,6310.3,9661.6,3351.3,6797.5,487.1,1654.2,1167.0,73.6,60.4,47.5,11315.8,4518.3,7280.3,12184.1,4903.8,78.8,65.0,51.5,9235.6,18749.9,9514.3,482.8,6.6,7.1,7.9,868.3,385.5
1981-05,6273.0,9646.5,3373.5,6778.0,505.1,1699.3,1194.2,73.3,60.4,47.9,11345.8,4567.8,7270.1,12223.0,4952.9,78.6,65.1,52.0,9247.6,18775.2,9527.6,492.1,6.8,7.2,7.8,877.2,385.1
1981-06,6279.1,9685.1,3405.9,6769.9,490.8,1690.6,1199.8,73.1,60.5,48.3,11375.6,4605.7,7265.5,12263.6,4998.0,78.4,65.2,52.4,9262.0,18806.1,9544.1,495.6,6.8,7.2,7.9,887.9,392.4
1981-07,6299.2,9708.2,3409.0,6754.2,455.0,1628.2,1173.2,72.8,60.2,48.0,11336.4,4582.2,7245.0,12215.8,4970.8,78.1,64.9,52.0,9273.0,18829.0,9555.9,490.8,6.8,7.2,7.8,879.4,388.6
1981-08,6283.9,9690.9,3407.1,6762.1,478.2,1662.8,1184.6,72.8,60.2,48.0,11353.8,4591.7,7235.5,12215.0,4979.5,77.9,64.8,52.0,9284.4,18852.5,9568.1,473.5,6.5,7.1,7.8,861.2,387.8
1981-09,6226.1,9618.1,3392.0,6728.0,501.8,1710.5,1208.7,72.4,60.0,48.0,11328.7,4600.7,7286.9,12332.6,5045.7,78.4,65.3,52.7,9298.1,18880.8,9582.7,558.9,7.7,8.1,8.8,1003.9,445.0
1981-10,6210.9,9595.1,3384.2,6709.0,498.1,1705.0,1206.9,72.1,59.8,47.8,11300.1,4591.1,7277.9,12320.5,5042.7,78.2,65.2,52.6,9309.5,18904.4,9595.0,568.8,7.8,8.3,9.0,1020.4,451.6
1981-11,6208.0,9583.8,3375.8,6704.3,496.3,1707.7,1211.5,71.9,59.7,47.8,11291.5,4587.3,7264.0,12311.0,5047.0,77.9,65.0,52.5,9320.4,18927.1,9606.7,559.7,7.7,8.3,9.1,1019.5,459.8
1981-12,6165.9,9513.0,3347.1,6665.8,499.8,1723.0,1223.2,71.4,59.3,47.5,11236.0,4570.2,7284.2,12307.7,5023.5,78.1,64.9,52.2,9331.4,18949.7,9618.3,618.4,8.5,8.7,9.0,1071.7,453.2
1982-01,6132.1,9490.0,3357.8,6629.1,496.9,1715.6,1218.6,70.9,59.1,47.5,11205.6,4576.5,7250.1,12265.3,5015.2,77.6,64.6,52.1,9344.2,18976.3,9632.0,621.0,8.6,8.6,8.7,1059.7,438.7
1982-02,6119.8,9459.5,3339.7,6605.0,485.2,1707.4,1222.2,70.6,58.8,47.3,11166.9,4561.9,7241.7,12259.7,5018.0,77.4,64.5,52.0,9356.3,19001.7,9645.4,636.7,8.8,8.9,9.1,1092.8,456.1
1982-03,6103.8,9435.5,3331.7,6584.7,480.9,1705.0,1224.1,70.3,58.6,47.2,11140.5,4555.8,7249.7,12280.2,5030.5,77.4,64.6,52.1,9366.8,19023.7,9656.9,664.9,9.2,9.3,9.4,1139.7,474.7
1982-04,6039.5,9358.1,3318.6,6534.6,495.1,1718.2,1223.1,69.7,58.2,47.0,11076.3,4541.7,7241.7,12281.1,5039.4,77.2,64.5,52.1,9377.4,19045.6,9668.3,707.1,9.8,9.8,9.9,1204.8,497.7
1982-05,6012.9,9325.8,3312.9,6502.0,489.0,1696.1,1207.0,69.3,57.8,46.7,11021.9,4519.9,7254.1,12293.3,5039.2,77.3,64.5,52.1,9388.4,19068.3,9679.8,752.1,10.4,10.3,10.3,1271.4,519.3
1982-06,5927.6,9200.1,3272.4,6434.4,506.7,1740.5,1233.8,68.4,57.3,46.5,10940.6,4506.2,7259.2,12304.8,5045.6,77.2,64.4,52.0,9401.9,19096.2,9694.3,824.8,11.4,11.1,10.7,1364.3,539.4
1982-07,5866.5,9125.2,3258.7,6402.4,535.9,1768.4,1232.5,68.0,57.0,46.3,10893.6,4491.2,7288.7,12358.8,5070.2,77.5,64.7,52.2,9409.2,19115.7,9706.5,886.2,12.2,11.9,11.4,1465.2,579.0
1982-08,5805.7,9032.0,3226.4,6346.6,540.9,1804.2,1263.3,67.4,56.6,46.2,10836.3,4489.7,7252.9,12314.3,5061.5,77.0,64.3,52.1,9421.8,19142.0,9720.1,906.3,12.5,12.0,11.3,1478.1,571.8
1982-09,5809.9,9062.8,3252.9,6327.5,517.7,1743.9,1226.3,67.1,56.4,46.0,10806.7,4479.2,7281.0,12333.7,5052.7,77.2,64.4,51.9,9431.7,19162.5,9730.8,953.5,13.1,12.4,11.4,1527.0,573.5
1982-10,5780.5,9023.3,3242.8,6305.0,524.5,1764.0,1239.4,66.8,56.2,46.0,10787.2,4482.2,7299.3,12389.3,5090.0,77.3,64.6,52.3,9441.7,19183.2,9741.5,994.3,13.6,12.9,11.9,1602.1,607.8
1982-11,5740.3,8997.0,3256.7,6279.9,539.6,1767.2,1227.6,66.4,56.1,46.0,10764.1,4484.3,7255.9,12364.6,5108.7,76.8,64.4,52.4,9451.3,19203.3,9752.0,976.0,13.5,12.9,12.2,1600.4,624.5
1982-12,5744.4,8992.8,3248.4,6280.7,536.3,1781.3,1245.0,66.4,56.0,46.0,10774.1,4493.4,7263.5,12398.5,5135.0,76.8,64.5,52.6,9460.4,19222.6,9762.2,982.8,13.5,13.1,12.5,1624.4,641.6
1983-01,5741.7,8993.4,3251.7,6295.1,553.4,1807.7,1254.3,66.5,56.1,46.1,10801.1,4506.0,7235.3,12374.0,5138.7,76.4,64.3,52.6,9470.5,19244.2,9773.7,940.2,13.0,12.7,12.3,1572.9,632.7
1983-02,5752.1,9009.9,3257.8,6305.6,553.6,1808.4,1254.8,66.5,56.2,46.1,10818.2,4512.6,7246.9,12391.8,5144.9,76.4,64.3,52.6,9481.0,19266.5,9785.5,941.2,13.0,12.7,12.3,1573.6,632.3
1983-03,5776.8,9059.0,3282.2,6338.5,561.7,1815.9,1254.2,66.8,56.4,46.3,10874.9,4536.4,7262.4,12429.6,5167.1,76.5,64.5,52.8,9489.8,19285.1,9795.4,923.9,12.7,12.5,12.2,1554.7,630.8
1983-04,5803.1,9096.7,3293.7,6363.0,560.0,1835.9,1275.9,67.0,56.6,46.6,10932.6,4569.5,7293.4,12486.3,5192.8,76.8,64.7,53.0,9498.9,19304.2,9805.3,930.4,12.8,12.4,12.0,1553.7,623.3
1983-05,5828.4,9120.6,3292.2,6376.1,547.7,1831.9,1284.2,67.0,56.7,46.6,10952.5,4576.4,7318.7,12509.0,5190.3,77.0,64.7,52.9,9510.4,19328.1,9817.8,942.6,12.9,12.4,11.8,1556.5,613.8
1983-06,5859.4,9178.5,3319.1,6407.3,547.9,1842.9,1295.1,67.3,57.0,47.0,11021.4,4614.1,7357.9,12578.7,5220.8,77.3,65.0,53.1,9519.1,19346.5,9827.4,950.6,12.9,12.4,11.6,1557.3,606.6
1983-07,5877.5,9191.3,3313.8,6444.7,567.2,1882.0,1314.8,67.6,57.2,47.1,11073.4,4628.6,7349.5,12566.2,5216.7,77.1,64.9,53.0,9526.8,19363.3,9836.5,904.8,12.3,11.9,11.3,1492.9,588.1
1983-08,5899.9,9235.5,3335.6,6471.3,571.3,1891.1,1319.8,67.8,57.4,47.3,11126.6,4655.4,7361.6,12599.5,5237.8,77.2,65.0,53.2,9538.0,19386.4,9848.5,890.4,12.1,11.7,11.1,1472.8,582.5
1983-09,5941.9,9308.3,3366.4,6508.6,566.7,1865.9,1299.2,68.2,57.6,47.3,11174.2,4665.7,7362.7,12606.3,5243.6,77.1,65.0,53.2,9547.0,19405.3,9858.3,854.1,11.6,11.4,11.0,1432.0,577.9
1983-10,5913.0,9280.7,3367.7,6489.5,576.5,1882.6,1306.2,67.9,57.5,47.4,11163.3,4673.8,7327.7,12582.5,5254.8,76.7,64.8,53.3,9556.3,19424.2,9867.9,838.2,11.4,11.3,11.1,1419.2,581.0
1983-11,5913.7,9278.4,3364.7,6485.1,571.4,1883.6,1312.2,67.8,57.4,47.3,11162.0,4676.9,7332.5,12577.9,5245.3,76.7,64.7,53.1,9565.7,19443.7,9878.0,847.5,11.6,11.3,10.8,1415.9,568.4
1983-12,5912.3,9289.7,3377.4,6494.7,582.4,1897.8,1315.4,67.8,57.5,47.5,11187.4,4692.8,7338.4,12616.5,5278.1,76.6,64.8,53.4,9574.7,19462.2,9887.5,843.8,11.5,11.3,11.1,1429.1,585.3
1984-01,5908.4,9297.8,3389.4,6487.7,579.3,1870.8,1291.5,67.7,57.3,47.3,11168.6,4680.9,7324.1,12591.9,5267.8,76.4,64.6,53.2,9585.0,19483.7,9898.7,836.3,11.4,11.3,11.1,1423.3,586.9
1984-02,5927.1,9325.8,3398.7,6504.7,577.7,1878.1,1300.4,67.8,57.4,47.4,11203.9,4699.2,7333.9,12629.3,5295.3,76.4,64.7,53.4,9595.8,19506.2,9910.4,829.2,11.3,11.3,11.3,1425.4,596.2
1984-03,5923.5,9341.0,3417.5,6500.6,577.1,1864.9,1287.8,67.7,57.4,47.4,11205.9,4705.3,7336.2,12630.6,5294.4,76.4,64.7,53.4,9604.5,19524.2,9919.7,835.6,11.4,11.3,11.1,1424.7,589.1
1984-04,5918.9,9331.1,3412.2,6498.0,579.1,1867.4,1288.3,67.6,57.3,47.3,11198.5,4700.5,7354.9,12654.5,5299.6,76.5,64.7,53.4,9615.3,19546.8,9931.6,856.8,11.6,11.5,11.3,1456.0,599.1
1984-05,5941.7,9375.1,3433.4,6518.4,576.7,1870.5,1293.8,67.7,57.5,47.5,11245.5,4727.2,7396.7,12739.5,5342.8,76.9,65.1,53.7,9624.8,19566.7,9941.9,878.3,11.9,11.7,11.5,1494.0,615.7
1984-06,5970.2,9418.3,3448.1,6571.6,601.4,1896.2,1294.9,68.2,57.8,47.7,11314.5,4743.0,7418.9,12757.4,5338.4,77.0,65.1,53.6,9634.2,19586.5,9952.4,847.4,11.4,11.3,11.2,1442.9,595.5
1984-07,5998.3,9438.4,3440.1,6595.9,597.6,1918.3,1320.6,68.4,57.9,47.8,11356.6,4760.7,7422.5,12783.7,5361.2,77.0,65.2,53.8,9644.6,19609.7,9965.2,826.6,11.1,11.2,11.2,1427.1,600.5
1984-08,5984.6,9418.8,3434.2,6578.5,593.9,1930.5,1336.6,68.1,57.8,47.8,11349.3,4770.7,7421.8,12790.4,5368.5,76.9,65.2,53.8,9653.6,19628.8,9975.2,843.3,11.4,11.3,11.1,1441.1,597.8
1984-09,6002.0,9467.5,3465.5,6587.1,585.1,1906.3,1321.2,68.2,57.9,47.9,11373.8,4786.7,7471.6,12901.7,5430.0,77.3,65.7,54.4,9662.7,19648.2,9985.5,884.5,11.8,11.8,11.8,1527.9,643.3
1984-10,6015.1,9472.4,3457.3,6601.4,586.3,1915.3,1329.0,68.2,57.9,47.9,11387.7,4786.3,7435.1,12843.3,5408.2,76.9,65.3,54.1,9674.3,19672.4,9998.1,833.7,11.2,11.3,11.5,1455.6,621.9
1984-11,6008.6,9492.7,3484.1,6575.7,567.1,1898.4,1331.3,67.9,57.8,48.1,11391.1,4815.4,7410.7,12853.4,5442.7,76.5,65.3,54.4,9683.4,19691.5,10008.0,835.1,11.3,11.4,11.5,1462.3,627.3
1984-12,6032.7,9534.1,3501.5,6603.0,570.3,1896.1,1325.8,68.1,58.0,48.2,11430.3,4827.3,7416.5,12856.2,5439.7,76.5,65.2,54.3,9692.0,19709.6,10017.5,813.5,11.0,11.1,11.3,1425.9,612.4
1985-01,6053.2,9555.1,3501.9,6623.9,570.7,1926.6,1355.9,68.3,58.2,48.4,11481.7,4857.8,7428.7,12846.4,5417.8,76.6,65.1,54.0,9702.2,19730.9,10028.6,804.8,10.8,10.6,10.3,1364.7,559.9
1985-02,6040.4,9562.2,3521.7,6629.4,588.9,1944.2,1355.2,68.3,58.3,48.6,11506.3,4876.9,7425.9,12892.3,5466.4,76.5,65.3,54.5,9710.7,19748.6,10037.9,796.5,10.7,10.8,10.8,1386.0,589.4
1985-03,6060.1,9576.7,3516.6,6644.1,584.0,1954.7,1370.7,68.4,58.3,48.6,11531.4,4887.3,7471.5,12952.9,5481.3,76.9,65.5,54.6,9719.0,19766.5,10047.5,827.4,11.1,11.0,10.8,1421.4,594.1
1985-04,6086.6,9597.0,3510.4,6668.7,582.1,1974.5,1392.4,68.5,58.5,48.7,11571.5,4902.8,7463.9,12975.9,5512.0,76.7,65.6,54.8,9730.0,19789.4,10059.4,795.2,10.7,10.8,11.1,1404.4,609.2
1985-05,6100.2,9646.0,3545.8,6696.7,596.5,1967.7,1371.2,68.8,58.6,48.8,11613.7,4917.0,7478.9,12985.5,5506.5,76.8,65.6,54.7,9739.2,19809.0,10069.7,782.2,10.5,10.6,10.7,1371.8,589.5
1985-06,6112.4,9648.2,3535.8,6694.1,581.6,1978.8,1397.1,68.7,58.6,48.9,11627.0,4932.9,7495.9,13018.3,5522.4,76.9,65.7,54.8,9748.7,19828.7,10080.0,801.8,10.7,10.7,10.7,1391.3,589.5
1985-07,6134.1,9679.7,3545.6,6727.3,593.2,2001.4,1408.2,68.9,58.8,49.1,11681.1,4953.8,7498.6,13039.5,5540.9,76.8,65.7,54.9,9760.3,19852.4,10092.1,771.3,10.3,10.4,10.6,1358.4,587.1
1985-08,6121.4,9695.5,3574.1,6732.2,610.8,2016.6,1405.8,68.9,58.9,49.3,11712.1,4979.9,7500.9,13060.2,5559.4,76.8,65.7,55.0,9770.0,19872.8,10102.8,768.7,10.2,10.3,10.4,1348.1,579.5
1985-09,6138.5,9716.6,3578.1,6721.2,582.8,2006.7,1424.0,68.7,58.9,49.4,11723.3,5002.1,7469.5,13055.1,5585.6,76.4,65.6,55.2,9782.5,19898.7,10116.2,748.2,10.0,10.2,10.4,1331.7,583.5
1985-10,6149.5,9759.8,3610.4,6725.5,576.0,1994.2,1418.2,68.7,59.0,49.7,11754.0,5028.6,7505.5,13109.4,5603.9,76.6,65.8,55.3,9792.4,19919.1,10126.7,780.1,10.4,10.3,10.3,1355.4,575.3
1985-11,6189.2,9810.0,3620.8,6776.5,587.3,2009.0,1421.7,69.1,59.3,49.7,11819.0,5042.5,7531.5,13169.2,5637.7,76.8,66.0,55.6,9802.3,19939.6,10137.3,755.0,10.0,10.3,10.6,1350.2,595.2
1985-12,6208.6,9866.8,3658.2,6794.9,586.4,1993.8,1407.4,69.3,59.4,49.9,11860.5,5065.6,7546.2,13186.6,5640.4,76.9,66.1,55.6,9811.2,19958.2,10147.0,751.3,10.0,10.1,10.2,1326.1,574.8
1986-01,6245.5,9911.1,3665.6,6822.4,576.8,1992.4,1415.6,69.5,59.6,50.0,11903.5,5081.1,7553.4,13203.7,5650.2,76.9,66.1,55.6,9822.1,19981.2,10159.1,731.1,9.7,9.8,10.1,1300.2,569.1
1986-02,6249.2,9918.6,3669.4,6824.5,575.3,1999.3,1424.0,69.4,59.6,50.1,11917.9,5093.4,7558.0,13221.7,5663.7,76.9,66.1,55.7,9830.5,19999.0,10168.6,733.5,9.7,9.9,10.1,1303.8,570.3
1986-03,6250.2,9929.9,3679.7,6835.2,585.0,1996.4,1411.4,69.5,59.6,50.0,11926.3,5091.1,7565.9,13224.9,5659.0,76.9,66.1,55.6,9839.0,20017.2,10178.2,730.7,9.7,9.8,10.0,1298.6,567.9
1986-04,6262.7,9957.4,3694.7,6885.1,622.4,2050.8,1428.3,69.9,59.9,50.3,12008.1,5123.0,7600.9,13292.3,5691.4,77.2,66.3,55.8,9850.5,20041.3,10190.8,715.8,9.4,9.7,10.0,1284.2,568.4
1986-05,6253.9,9954.4,3700.5,6862.4,608.5,2022.8,1414.3,69.6,59.7,50.1,11977.2,5114.8,7574.9,13236.7,5661.8,76.8,66.0,55.5,9860.3,20062.1,10201.8,712.5,9.4,9.5,9.7,1259.5,547.0
1986-06,6251.8,9976.2,3724.4,6862.0,610.2,2040.7,1430.5,69.5,59.8,50.5,12016.9,5154.9,7585.6,13289.8,5704.1,76.8,66.2,55.8,9872.3,20087.6,10215.2,723.7,9.5,9.6,9.6,1272.9,549.2
1986-07,6244.1,10001.9,3757.8,6862.1,618.0,2015.2,1397.2,69.4,59.8,50.4,12017.1,5155.0,7582.8,13288.4,5705.6,76.7,66.1,55.8,9881.2,20105.9,10224.8,720.7,9.5,9.6,9.7,1271.3,550.6
1986-08,6245.7,10000.5,3754.8,6865.3,619.5,2024.2,1404.6,69.4,59.8,50.4,12024.7,5159.4,7593.9,13302.2,5708.3,76.8,66.1,55.8,9889.7,20124.5,10234.8,728.7,9.6,9.6,9.6,1277.5,548.9
1986-09,6243.2,9982.9,3739.8,6879.0,635.9,2052.2,1416.4,69.5,59.7,50.3,12035.2,5156.1,7603.4,13300.5,5697.1,76.8,66.0,55.6,9900.2,20147.1,10246.9,724.3,9.5,9.5,9.5,1265.3,541.0
1986-10,6265.4,10006.5,3741.1,6895.9,630.4,2053.1,1422.6,69.6,59.8,50.3,12059.6,5163.7,7596.4,13313.1,5716.7,76.7,66.0,55.7,9908.8,20165.8,10257.0,700.5,9.2,9.4,9.7,1253.5,553.0
1986-11,6288.1,10033.8,3745.7,6914.7,626.6,2048.2,1421.6,69.7,59.9,50.3,12082.0,5167.3,7612.8,13332.8,5720.0,76.8,66.1,55.7,9917.1,20183.9,10266.7,698.1,9.2,9.4,9.7,1250.8,552.7
1986-12,6289.6,10018.2,3728.6,6915.3,625.7,2061.5,1435.8,69.7,59.8,50.3,12079.7,5164.4,7626.6,13346.6,5719.9,76.8,66.1,55.7,9925.9,20202.6,10276.7,711.3,9.3,9.5,9.7,1266.9,555.5
1987-01,6299.8,10059.0,3759.2,6912.8,613.0,2043.0,1430.0,69.6,59.8,50.4,12102.0,5189.1,7623.0,13376.2,5753.2,76.7,66.1,55.9,9936.3,20225.3,10289.0,710.2,9.3,9.5,9.8,1274.3,564.1
1987-02,6323.3,10091.6,3768.3,6927.2,603.9,2039.8,1435.9,69.6,59.9,50.5,12131.4,5204.2,7636.4,13406.7,5770.3,76.8,66.2,56.0,9947.0,20248.6,10301.6,709.2,9.3,9.5,9.8,1275.3,566.1
1987-03,6371.5,10169.2,3797.7,6954.9,583.4,2012.8,1429.4,69.9,60.1,50.7,12182.0,5227.2,7648.5,13441.3,5792.8,76.8,66.3,56.2,9956.4,20268.9,10312.5,693.6,9.1,9.4,9.8,1259.3,565.7
1987-04,6381.5,10186.9,3805.4,6979.9,598.5,2042.6,1444.1,70.0,60.3,50.8,12229.5,5249.5,7657.9,13466.6,5808.7,76.8,66.4,56.3,9966.3,20289.9,10323.6,678.0,8.9,9.2,9.6,1237.1,559.2
1987-05,6408.3,10219.9,3811.6,7010.3,602.0,2065.8,1463.8,70.3,60.5,51.0,12285.7,5275.4,7670.0,13486.8,5816.8,76.9,66.4,56.3,9976.4,20311.5,10335.1,659.7,8.6,8.9,9.3,1201.1,541.4
1987-06,6410.0,10261.3,3851.3,7020.2,610.2,2058.1,1447.8,70.3,60.6,51.2,12319.4,5299.2,7675.4,13523.2,5847.8,76.8,66.5,56.5,9989.5,20339.2,10349.7,655.2,8.5,8.9,9.4,1203.8,548.6
1987-07,6432.9,10293.6,3860.7,7024.8,591.9,2051.9,1460.1,70.3,60.6,51.4,12345.5,5320.8,7666.9,13524.7,5857.8,76.7,66.4,56.5,9999.6,20360.6,10361.0,642.2,8.4,8.7,9.2,1179.2,537.0
1987-08,6444.8,10326.5,3881.7,7037.8,593.0,2049.7,1456.7,70.3,60.7,51.5,12376.2,5338.4,7678.0,13543.2,5865.1,76.7,66.4,56.5,10009.6,20381.6,10372.0,640.3,8.3,8.6,9.0,1167.0,526.8
1987-09,6459.9,10378.3,3918.4,7065.9,606.0,2043.6,1437.6,70.5,60.9,51.6,12421.9,5356.1,7691.2,13568.0,5876.8,76.7,66.5,56.6,10022.5,20408.3,10385.7,625.4,8.1,8.4,8.9,1146.1,520.7
1987-10,6463.3,10426.9,3963.6,7099.9,636.6,2060.5,1423.9,70.8,61.1,51.8,12487.4,5387.5,7713.3,13617.0,5903.7,76.9,66.7,56.8,10032.2,20428.5,10396.2,613.4,8.0,8.3,8.7,1129.7,516.2
1987-11,6477.8,10429.2,3951.5,7116.5,638.8,2090.2,1451.4,70.9,61.2,51.9,12519.4,5402.8,7713.8,13632.6,5918.8,76.8,66.7,56.9,10041.9,20448.3,10406.5,597.2,7.7,8.2,8.7,1113.2,516.0
1987-12,6518.9,10478.6,3959.7,7147.6,628.7,2104.7,1476.1,71.1,61.5,52.2,12583.3,5435.8,7743.8,13680.4,5936.6,77.0,66.8,57.0,10050.8,20467.1,10416.2,596.3,7.7,8.0,8.4,1097.1,500.8
1988-01,6544.5,10494.5,3949.9,7161.0,616.4,2107.5,1491.0,71.2,61.5,52.2,12601.9,5441.0,7759.7,13708.4,5948.7,77.1,66.9,57.0,10061.3,20489.4,10428.1,598.7,7.7,8.1,8.5,1106.5,507.8
1988-02,6542.4,10530.0,3987.7,7172.3,629.9,2112.6,1482.7,71.2,61.6,52.4,12642.6,5470.4,7749.5,13711.0,5961.5,76.9,66.8,57.1,10071.5,20510.8,10439.3,577.2,7.4,7.8,8.2,1068.4,491.1
1988-03,6544.6,10520.4,3975.7,7181.7,637.0,2142.3,1505.2,71.2,61.7,52.5,12662.6,5481.0,7758.7,13730.4,5971.7,77.0,66.9,57.1,10080.6,20530.0,10449.4,577.1,7.4,7.8,8.2,1067.8,490.7
1988-04,6551.5,10532.7,3981.2,7170.8,619.3,2143.4,1524.1,71.1,61.7,52.6,12676.0,5505.3,7745.3,13732.3,5986.9,76.8,66.8,57.2,10090.4,20550.6,10460.3,574.5,7.4,7.7,8.0,1056.2,481.7
1988-05,6541.3,10572.5,4031.2,7164.1,622.8,2107.2,1484.4,70.9,61.6,52.7,12679.7,5515.7,7745.0,13747.1,6002.1,76.7,66.8,57.3,10103.6,20577.9,10474.4,580.9,7.5,7.8,8.1,1067.4,486.5
1988-06,6547.7,10577.4,4029.7,7163.1,615.4,2120.7,1505.3,70.8,61.6,52.8,12698.1,5535.1,7723.6,13742.0,6018.4,76.4,66.7,57.4,10114.2,20600.0,10485.8,560.5,7.3,7.6,8.0,1043.9,483.4
1988-07,6579.3,10615.1,4035.7,7174.6,595.3,2096.8,1501.5,70.9,61.6,52.7,12711.8,5537.2,7741.0,13781.5,6040.5,76.5,66.8,57.5,10124.6,20622.0,10497.4,566.4,7.3,7.8,8.3,1069.6,503.3
1988-08,6563.0,10584.0,4021.0,7179.9,616.9,2136.1,1519.1,70.8,61.6,52.7,12720.0,5540.1,7740.7,13797.7,6056.9,76.4,66.8,57.6,10138.0,20650.4,10512.4,560.9,7.2,7.8,8.5,1077.6,516.8
1988-09,6516.2,10544.3,4028.1,7170.2,654.0,2188.5,1534.5,70.7,61.6,52.9,12732.8,5562.7,7750.9,13816.8,6065.9,76.4,66.8,57.6,10148.3,20672.5,10524.2,580.7,7.5,7.8,8.3,1084.0,503.2
1988-10,6542.0,10592.4,4050.4,7170.3,628.3,2172.6,1544.4,70.6,61.7,53.1,12765.0,5594.7,7760.5,13842.9,6082.4,76.4,66.9,57.7,10158.1,20693.6,10535.5,590.3,7.6,7.8,8.0,1077.9,487.6
1988-11,6563.3,10608.7,4045.4,7198.1,634.9,2187.1,1552.3,70.8,61.8,53.1,12795.8,5597.7,7774.1,13872.6,6098.6,76.5,67.0,57.8,10167.7,20714.3,10546.7,576.0,7.4,7.8,8.2,1076.8,500.9
1988-12,6588.5,10684.3,4095.9,7222.6,634.1,2165.1,1530.9,71.0,62.0,53.3,12849.4,5626.8,7792.1,13884.5,6092.4,76.6,67.0,57.7,10177.2,20734.5,10557.4,569.4,7.3,7.5,7.6,1035.1,465.6
1989-01,6615.2,10742.1,4126.9,7261.1,645.9,2179.9,1534.0,71.3,62.2,53.5,12922.0,5660.9,7831.1,13971.6,6140.6,76.8,67.3,58.1,10190.5,20763.1,10572.6,570.0,7.3,7.5,7.8,1049.6,479.6
1989-02,6633.5,10754.1,4120.5,7277.9,644.3,2182.8,1538.4,71.4,62.2,53.5,12936.8,5659.0,7857.0,13997.7,6140.7,77.0,67.4,58.0,10200.0,20783.3,10583.3,579.2,7.4,7.6,7.8,1060.8,481.7
1989-03,6642.7,10796.8,4154.1,7299.8,657.1,2185.6,1528.5,71.5,62.4,53.6,12982.4,5682.6,7883.9,14041.5,6157.5,77.2,67.5,58.1,10210.4,20805.4,10595.0,584.2,7.4,7.5,7.7,1059.1,474.9
1989-04,6647.7,10803.8,4156.1,7285.2,637.5,2156.1,1518.5,71.3,62.2,53.5,12959.9,5674.7,7879.3,14049.7,6170.3,77.1,67.5,58.2,10221.2,20828.2,10607.1,594.1,7.5,7.8,8.0,1089.8,495.7
1989-05,6667.9,10836.7,4168.8,7284.1,616.3,2125.5,1509.3,71.2,62.1,53.4,12962.2,5678.1,7866.5,14039.6,6173.1,76.9,67.3,58.1,10235.4,20858.6,10623.2,582.4,7.4,7.7,8.0,1077.4,495.0
1989-06,6669.1,10837.9,4168.8,7290.4,621.3,2141.5,1520.2,71.1,62.2,53.5,12979.4,5689.1,7869.7,14030.7,6161.0,76.8,67.2,57.9,10247.1,20883.0,10635.9,579.3,7.4,7.5,7.7,1051.3,472.0
1989-07,6683.1,10896.0,4212.9,7284.9,601.8,2083.8,1482.0,71.0,62.1,53.5,12979.8,5694.9,7855.8,14025.9,6170.1,76.6,67.1,57.9,10259.3,20907.8,10648.6,570.8,7.3,7.5,7.7,1046.1,475.2
1989-08,6709.4,10932.4,4223.0,7310.1,600.7,2096.7,1496.0,71.1,62.2,53.6,13029.1,5719.0,7863.7,14058.8,6195.1,76.5,67.1,58.1,10274.7,20938.9,10664.1,553.6,7.0,7.3,7.7,1029.7,476.1
1989-09,6664.3,10854.4,4190.2,7310.1,645.9,2175.1,1529.2,71.1,62.2,53.6,13029.5,5719.4,7870.2,14062.1,6191.9,76.5,67.1,58.0,10287.0,20963.6,10676.6,560.0,7.1,7.3,7.6,1032.6,472.5
1989-10,6661.1,10869.5,4208.4,7302.7,641.6,2165.0,1523.4,70.9,62.1,53.6,13034.5,5731.8,7856.3,14048.5,6192.3,76.3,66.9,57.9,10301.8,20993.6,10691.9,553.5,7.0,7.2,7.4,1014.0,460.5
1989-11,6653.6,10859.8,4206.2,7311.0,657.4,2199.9,1542.5,70.9,62.1,53.7,13059.7,5748.7,7891.2,14114.9,6223.8,76.5,67.2,58.1,10313.4,21017.0,10703.6,580.1,7.4,7.5,7.6,1055.2,475.1
1989-12,6637.2,10866.5,4229.3,7302.1,664.9,2200.3,1535.4,70.7,62.1,53.8,13066.8,5764.7,7899.1,14150.0,6251.0,76.5,67.3,58.3,10324.6,21039.1,10714.6,597.0,7.6,7.7,7.8,1083.2,486.3
1990-01,6662.2,10907.2,4245.0,7318.1,655.9,2194.2,1538.3,70.8,62.2,53.9,13101.4,5783.3,7946.4,14220.5,6274.1,76.9,67.5,58.5,10337.0,21064.5,10727.5,628.3,7.9,7.9,7.8,1119.1,490.8
1990-02,6672.0,10930.7,4258.7,7338.2,666.2,2204.2,1538.0,70.9,62.3,54.0,13134.9,5796.7,7937.9,14228.5,6290.6,76.7,67.5,58.6,10347.7,21085.8,10738.1,599.7,7.6,7.7,7.9,1093.6,493.9
1990-03,6650.7,10903.5,4252.8,7333.8,683.1,2222.6,1539.5,70.8,62.2,53.9,13126.1,5792.3,7908.5,14159.9,6251.4,76.3,67.1,58.2,10359.6,21109.5,10749.9,574.7,7.3,7.3,7.3,1033.8,459.1
1990-04,6656.2,10930.1,4273.9,7332.8,676.6,2211.1,1534.6,70.7,62.2,53.9,13141.3,5808.5,7928.3,14218.1,6289.8,76.4,67.2,58.4,10376.2,21142.7,10766.5,595.5,7.5,7.6,7.7,1076.8,481.3
1990-05,6629.5,10919.4,4289.9,7298.2,668.7,2182.5,1513.8,70.2,61.9,53.8,13101.9,5803.7,7908.1,14207.1,6299.0,76.1,67.1,58.4,10390.0,21170.0,10780.0,609.9,7.7,7.8,7.9,1105.2,495.3
1990-06,6633.7,10935.8,4302.1,7296.1,662.4,2198.6,1536.3,70.1,62.0,54.1,13134.4,5838.3,7892.6,14215.2,6322.6,75.9,67.1,58.6,10403.6,21197.5,10793.9,596.5,7.6,7.6,7.7,1080.8,484.2
1990-07,6635.6,10948.4,4312.8,7282.3,646.7,2165.1,1518.5,69.9,61.8,53.9,13113.6,5831.3,7913.1,14242.1,6329.0,75.9,67.1,58.5,10420.6,21233.1,10812.5,630.7,8.0,7.9,7.9,1128.5,497.8
1990-08,6629.0,10922.2,4293.2,7269.9,640.9,2178.1,1537.2,69.7,61.6,53.8,13100.3,5830.4,7923.3,14262.0,6338.7,75.9,67.1,58.5,10433.2,21261.0,10827.7,653.4,8.2,8.1,8.0,1161.8,508.3
1990-09,6605.2,10842.4,4237.3,7269.2,664.0,2247.0,1583.0,69.6,61.5,53.7,13089.5,5820.3,7954.2,14307.6,6353.4,76.2,67.2,58.6,10444.7,21286.8,10842.1,685.1,8.6,8.5,8.4,1218.1,533.0
1990-10,6563.7,10789.4,4225.7,7235.7,672.0,2250.0,1578.0,69.2,61.2,53.4,13039.3,5803.7,7940.2,14299.4,6359.2,75.9,67.1,58.6,10458.5,21317.2,10858.6,704.6,8.9,8.8,8.7,1260.1,555.6
1990-11,6522.2,10727.2,4205.0,7191.1,668.9,2258.1,1589.2,68.7,60.8,53.3,12985.3,5794.2,7929.7,14291.6,6362.0,75.7,67.0,58.5,10470.1,21342.5,10872.3,738.5,9.3,9.1,8.9,1306.3,567.8
1990-12,6463.9,10655.9,4192.0,7157.9,694.0,2278.8,1584.9,68.3,60.5,53.1,12934.7,5776.9,7934.5,14289.8,6355.3,75.7,66.9,58.4,10480.7,21366.2,10885.5,776.6,9.8,9.5,9.1,1355.0,578.4
1991-01,6432.8,10596.0,4163.2,7122.0,689.2,2298.2,1609.0,67.9,60.3,52.9,12894.2,5772.2,7923.1,14291.8,6368.7,75.5,66.8,58.4,10493.4,21394.7,10901.3,801.1,10.1,9.8,9.4,1397.6,596.5
1991-02,6391.7,10551.3,4159.6,7085.1,693.4,2293.9,1600.4,67.4,60.0,52.8,12845.1,5760.0,7928.1,14297.0,6368.9,75.5,66.8,58.4,10504.3,21418.6,10914.3,842.9,10.6,10.2,9.6,1451.8,608.9
1991-03,6352.9,10517.2,4164.3,7041.0,688.1,2292.1,1603.9,67.0,59.7,52.8,12809.2,5768.2,7910.2,14308.8,6398.6,75.2,66.7,58.6,10515.7,21443.8,10928.1,869.2,11.0,10.5,9.9,1499.5,630.4
1991-04,6353.1,10506.1,4153.0,7069.7,716.6,2344.6,1628.0,67.1,59.8,52.8,12850.7,5781.0,7927.1,14326.1,6399.0,75.3,66.7,58.5,10530.0,21475.8,10945.8,857.4,10.8,10.3,9.7,1475.4,618.0
1991-05,6374.4,10575.5,4201.1,7075.9,701.6,2304.4,1602.8,67.1,59.9,53.0,12879.9,5804.0,7931.2,14347.1,6415.8,75.2,66.7,58.5,10542.1,21502.0,10960.0,855.3,10.8,10.2,9.5,1467.2,611.9
1991-06,6367.8,10557.5,4189.7,7074.7,706.9,2328.8,1621.9,67.0,59.9,53.0,12886.3,5811.6,7950.0,14396.7,6446.8,75.3,66.9,58.7,10553.9,21528.2,10974.3,875.3,11.0,10.5,9.9,1510.4,635.1
1991-07,6347.4,10508.3,4161.0,7071.8,724.4,2364.0,1639.5,66.9,59.7,52.8,12872.3,5800.5,7945.7,14383.0,6437.3,75.2,66.7,58.6,10567.5,21553.8,10986.4,873.9,11.0,10.5,9.9,1510.7,636.8
1991-08,6333.3,10508.8,4175.4,7065.3,732.0,2367.5,1635.5,66.8,59.7,52.9,12876.2,5810.9,7949.6,14388.0,6438.4,75.2,66.7,58.6,10577.2,21571.3,10994.1,884.3,11.1,10.5,9.7,1511.7,627.4
1991-09,6327.3,10521.6,4194.3,7058.5,731.2,2333.7,1602.6,66.6,59.5,52.7,12855.4,5796.9,7921.9,14333.3,6411.4,74.8,66.4,58.3,10591.0,21595.6,11004.5,863.4,10.9,10.3,9.6,1477.9,614.6
1991-10,6333.1,10523.0,4189.8,7063.5,730.3,2338.1,1607.7,66.6,59.5,52.6,12861.0,5797.6,7920.6,14340.6,6420.0,74.7,66.3,58.3,10601.8,21614.4,11012.6,857.1,10.8,10.3,9.7,1479.6,622.4
1991-11,6316.8,10491.4,4174.5,7043.9,727.1,2331.9,1604.8,66.4,59.3,52.4,12823.2,5779.3,7899.3,14304.1,6404.8,74.4,66.1,58.1,10615.0,21638.0,11023.1,855.4,10.8,10.4,9.8,1480.9,625.5
1991-12,6323.0,10498.1,4175.1,7028.5,705.5,2312.2,1606.7,66.1,59.1,52.4,12810.2,5781.7,7887.8,14286.1,6398.3,74.2,65.9,58.0,10629.0,21663.5,11034.5,859.3,10.9,10.3,9.6,1475.9,616.5
1992-01,6262.5,10441.5,4179.1,7002.1,739.6,2348.7,1609.1,65.8,59.0,52.4,12790.2,5788.1,7872.7,14280.1,6407.4,74.0,65.8,58.0,10643.1,21689.1,11045.9,870.6,11.1,10.4,9.7,1489.8,619.2
1992-02,6250.5,10422.6,4172.1,6976.2,725.7,2348.7,1623.0,65.5,58.8,52.4,12771.3,5795.2,7853.4,14268.0,6414.6,73.7,65.7,58.0,10653.2,21706.9,11053.7,877.2,11.2,10.5,9.7,1496.7,619.4
1992-03,6242.5,10385.7,4143.2,6975.6,733.1,2359.2,1626.1,65.4,58.6,52.1,12744.9,5769.4,7889.8,14299.2,6409.4,73.9,65.8,57.9,10669.3,21735.9,11066.6,914.2,11.6,10.9,10.0,1554.3,640.0
1992-04,6229.6,10378.9,4149.3,6961.3,731.7,2352.0,1620.3,65.2,58.5,52.1,12730.9,5769.6,7863.8,14260.9,6397.1,73.6,65.5,57.8,10682.1,21759.0,11076.8,902.4,11.5,10.7,9.8,1530.0,627.5
1992-05,6252.3,10387.8,4135.5,6973.4,721.1,2348.8,1627.7,65.2,58.5,52.0,12736.6,5763.2,7907.4,14301.4,6394.0,73.9,65.7,57.7,10695.5,21782.8,11087.4,934.0,11.8,10.9,9.9,1564.8,630.8
1992-06,6223.5,10398.7,4175.2,6956.3,732.8,2318.6,1585.8,64.9,58.3,51.9,12717.3,5761.0,7940.3,14350.5,6410.2,74.1,65.8,57.7,10711.3,21811.7,11100.5,984.0,12.4,11.4,10.1,1633.2,649.2
1992-07,6233.5,10363.4,4129.8,6970.1,736.6,2369.1,1632.5,65.0,58.3,51.9,12732.5,5762.4,7931.7,14354.1,6422.4,74.0,65.7,57.8,10721.8,21835.0,11113.2,961.6,12.1,11.3,10.3,1621.6,660.0
1992-08,6188.0,10295.8,4107.8,6935.0,747.0,2398.0,1651.0,64.6,58.1,51.8,12693.7,5758.8,7944.6,14371.5,6426.9,74.0,65.8,57.8,10731.8,21857.6,11125.8,1009.6,12.7,11.7,10.4,1677.8,668.2
1992-09,6207.9,10331.8,4123.9,6948.8,740.8,2368.3,1627.4,64.7,58.0,51.6,12700.1,5751.3,7945.3,14368.2,6422.9,74.0,65.7,57.6,10743.9,21885.1,11141.2,996.5,12.5,11.6,10.5,1668.1,671.6
1992-10,6217.9,10340.5,4122.6,6947.0,729.1,2372.5,1643.4,64.6,58.0,51.7,12713.0,5766.0,7929.1,14347.2,6418.1,73.7,65.5,57.5,10753.4,21906.4,11153.0,982.1,12.4,11.4,10.2,1634.2,652.1
1992-11,6216.3,10348.1,4131.8,6939.7,723.4,2356.6,1633.3,64.5,57.9,51.6,12704.8,5765.1,7965.2,14453.6,6488.4,74.0,65.9,58.1,10761.8,21926.2,11164.4,1025.6,12.9,12.1,11.1,1748.9,723.3
1992-12,6228.5,10341.9,4113.3,6953.7,725.2,2380.1,1654.9,64.6,58.0,51.6,12721.9,5768.2,7928.8,14404.7,6475.9,73.6,65.6,57.9,10770.3,21946.2,11175.9,975.1,12.3,11.7,10.9,1682.7,707.6
1993-01,6237.7,10369.2,4131.5,6980.1,742.5,2385.8,1643.4,64.7,58.1,51.6,12755.0,5774.9,7914.2,14359.1,6445.0,73.4,65.4,57.6,10780.1,21969.3,11189.2,934.0,11.8,11.2,10.4,1604.1,670.1
1993-02,6240.1,10352.6,4112.4,6992.5,752.4,2410.6,1658.3,64.8,58.0,51.5,12763.2,5770.7,7899.8,14333.2,6433.4,73.2,65.2,57.4,10789.2,21991.1,11201.9,907.3,11.5,11.0,10.3,1570.0,662.7
1993-03,6231.3,10370.7,4139.4,6992.1,760.8,2410.0,1649.2,64.8,58.1,51.6,12780.7,5788.6,7922.1,14390.3,6468.2,73.4,65.4,57.7,10798.2,22012.4,11214.2,930.0,11.7,11.2,10.5,1609.6,679.6
1993-04,6213.3,10328.9,4115.6,6986.9,773.7,2419.9,1646.3,64.7,57.9,51.3,12748.8,5761.9,7934.5,14417.0,6482.5,73.4,65.4,57.7,10806.9,22032.8,11225.9,947.6,11.9,11.6,11.1,1668.2,720.7
1993-05,6198.0,10283.8,4085.7,6987.0,789.0,2472.2,1683.2,64.6,57.8,51.3,12755.9,5768.9,7944.0,14431.6,6487.6,73.4,65.4,57.7,10815.8,22053.5,11237.7,957.0,12.0,11.6,11.1,1675.7,718.7
1993-06,6179.9,10277.3,4097.4,6984.8,805.0,2502.7,1697.7,64.5,57.9,51.5,12780.0,5795.1,7971.4,14469.7,6498.3,73.6,65.5,57.7,10828.4,22082.6,11254.2,986.5,12.4,11.7,10.8,1689.7,703.1
1993-07,6195.4,10290.3,4094.9,7000.9,805.5,2499.3,1693.8,64.6,57.9,51.4,12789.6,5788.6,7974.1,14470.8,6496.7,73.6,65.5,57.7,10838.9,22104.9,11266.0,973.1,12.2,11.6,10.9,1681.2,708.1
1993-08,6215.9,10336.5,4120.6,7005.2,789.4,2471.7,1682.3,64.6,57.9,51.4,12808.1,5802.9,7945.6,14430.9,6485.4,73.2,65.2,57.5,10851.5,22132.2,11280.6,940.3,11.8,11.2,10.5,1622.8,682.5
1993-09,6215.7,10363.4,4147.7,7002.4,786.7,2477.1,1690.4,64.5,58.0,51.7,12840.5,5838.1,7983.5,14505.0,6521.5,73.5,65.5,57.8,10862.1,22154.2,11292.1,981.1,12.3,11.5,10.5,1664.5,683.5
1993-10,6229.4,10369.2,4139.9,6998.4,769.1,2456.1,1687.1,64.4,57.8,51.6,12825.3,5826.9,7937.8,14453.5,6515.8,73.0,65.2,57.6,10871.9,22174.9,11303.0,939.3,11.8,11.3,10.6,1628.2,688.9
1993-11,6224.7,10379.6,4154.9,7018.1,793.4,2494.3,1700.9,64.5,58.0,51.8,12873.9,5855.8,7962.0,14505.3,6543.3,73.2,65.4,57.8,10880.6,22193.6,11313.0,943.9,11.9,11.2,10.5,1631.4,687.5
1993-12,6221.0,10358.1,4137.1,7013.5,792.5,2490.4,1697.9,64.4,57.8,51.5,12848.4,5835.0,7954.8,14496.1,6541.4,73.0,65.3,57.8,10889.7,22212.9,11323.2,941.3,11.8,11.4,10.8,1647.7,706.4
1994-01,6232.3,10373.2,4140.9,7011.4,779.1,2483.2,1704.0,64.3,57.8,51.6,12856.4,5844.9,7971.6,14513.2,6541.5,73.1,65.3,57.7,10899.5,22233.7,11334.2,960.2,12.0,11.4,10.6,1656.8,696.6
1994-02,6248.3,10397.7,4149.4,7042.5,794.2,2491.8,1697.6,64.6,57.9,51.5,12889.5,5847.0,7978.0,14492.1,6514.1,73.1,65.1,57.4,10910.1,22256.4,11346.3,935.5,11.7,11.1,10.2,1602.6,667.1
1994-03,6279.9,10422.0,4142.1,7061.2,781.3,2506.6,1725.4,64.7,58.0,51.7,12928.6,5867.4,7944.4,14458.4,6514.0,72.7,64.9,57.4,10920.8,22279.1,11358.2,883.2,11.1,10.6,9.9,1529.8,646.6
1994-04,6300.9,10454.9,4154.0,7083.7,782.8,2485.8,1703.0,64.8,58.0,51.5,12940.7,5857.0,7994.5,14527.7,6533.2,73.1,65.1,57.5,10932.1,22302.6,11370.5,910.8,11.4,10.9,10.4,1587.0,676.3
1994-05,6362.5,10548.8,4186.3,7126.5,764.1,2463.6,1699.6,65.1,58.3,51.7,13012.4,5885.9,8009.5,14565.8,6556.4,73.2,65.2,57.6,10946.3,22332.6,11386.3,882.9,11.0,10.7,10.2,1553.4,670.5
1994-06,6377.7,10570.2,4192.6,7135.7,758.0,2471.3,1713.3,65.1,58.3,51.8,13041.5,5905.8,7995.3,14543.5,6548.2,73.0,65.1,57.4,10957.4,22356.2,11398.7,859.6,10.8,10.3,9.8,1501.9,642.4
1994-07,6409.7,10617.5,4207.8,7171.7,762.0,2481.0,1719.0,65.4,58.5,51.9,13098.5,5926.8,8015.2,14564.7,6549.6,73.1,65.1,57.4,10969.3,22380.7,11411.4,843.5,10.5,10.1,9.5,1466.3,622.8
1994-08,6419.2,10628.4,4209.3,7181.1,761.9,2486.8,1724.9,65.4,58.5,51.9,13115.2,5934.1,8031.1,14601.3,6570.2,73.1,65.2,57.5,10984.2,22411.1,11426.9,850.0,10.6,10.2,9.7,1486.0,636.1
1994-09,6445.2,10689.8,4244.6,7201.6,756.4,2487.1,1730.7,65.5,58.7,52.2,13176.9,5975.3,8063.0,14664.8,6601.8,73.3,65.4,57.7,10995.2,22433.5,11438.3,861.4,10.7,10.1,9.5,1487.9,626.5
1994-10,6427.2,10692.2,4265.0,7203.0,775.8,2476.7,1700.8,65.4,58.6,52.1,13168.8,5965.8,8025.8,14626.2,6600.4,72.9,65.1,57.7,11006.3,22455.2,11448.9,822.8,10.3,10.0,9.6,1457.4,634.6
1994-11,6467.8,10803.2,4335.4,7254.3,786.6,2456.0,1669.5,65.8,59.0,52.4,13259.2,6004.9,8075.4,14676.6,6601.2,73.3,65.3,57.6,11017.0,22476.2,11459.2,821.1,10.2,9.7,9.0,1417.5,596.3
1994-12,6464.8,10814.7,4350.0,7220.2,755.5,2431.1,1675.6,65.5,58.9,52.5,13245.8,6025.6,8028.6,14653.2,6624.6,72.8,65.1,57.8,11026.6,22495.7,11469.1,808.4,10.1,9.6,9.0,1407.4,599.0
1995-01,6483.1,10802.6,4319.5,7251.3,768.1,2466.8,1698.7,65.7,58.9,52.4,13269.5,6018.2,8038.7,14672.0,6633.3,72.8,65.1,57.8,11041.3,22524.7,11483.4,787.5,9.8,9.6,9.3,1402.6,615.1
1995-02,6480.4,10813.3,4332.9,7248.6,768.2,2449.0,1680.8,65.6,58.8,52.3,13262.3,6013.7,8029.5,14662.7,6633.2,72.7,65.0,57.7,11051.8,22545.8,11494.1,780.9,9.7,9.6,9.3,1400.4,619.5
1995-03,6493.5,10839.6,4346.1,7262.3,768.9,2451.0,1682.1,65.6,58.9,52.4,13290.5,6028.2,8064.7,14719.6,6654.9,72.9,65.2,57.8,11063.1,22568.6,11505.5,802.4,9.9,9.7,9.4,1429.1,626.7
1995-04,6494.9,10793.8,4298.9,7254.1,759.2,2475.1,1715.9,65.5,58.7,52.2,13268.9,6014.8,8043.1,14656.5,6613.5,72.6,64.9,57.4,11075.2,22592.9,11517.8,789.0,9.8,9.5,9.1,1387.7,598.7
1995-05,6461.0,10755.8,4294.8,7239.2,778.2,2510.0,1731.9,65.3,58.6,52.3,13265.8,6026.7,8039.1,14660.6,6621.5,72.5,64.8,57.4,11090.4,22623.5,11533.1,799.9,10.0,9.5,9.0,1394.7,594.8
1995-06,6466.1,10770.6,4304.5,7244.3,778.2,2507.6,1729.4,65.2,58.6,52.3,13278.2,6033.9,8039.8,14672.9,6633.1,72.4,64.8,57.5,11102.7,22647.9,11545.2,795.5,9.9,9.5,9.0,1394.7,599.2
1995-07,6460.4,10784.3,4323.9,7248.5,788.1,2496.3,1708.2,65.2,58.6,52.2,13280.6,6032.1,8055.1,14698.9,6643.8,72.5,64.8,57.5,11114.8,22672.6,11557.8,806.6,10.0,9.6,9.2,1418.3,611.7
1995-08,6476.1,10801.3,4325.3,7261.5,785.4,2496.4,1711.0,65.2,58.6,52.2,13297.8,6036.3,8056.3,14701.6,6645.3,72.4,64.8,57.4,11129.8,22702.9,11573.2,794.8,9.9,9.5,9.2,1403.8,609.0
1995-09,6486.6,10813.1,4326.4,7272.0,785.4,2518.1,1732.8,65.3,58.7,52.3,13331.2,6059.2,8038.5,14688.1,6649.6,72.2,64.6,57.4,11141.2,22725.8,11584.6,766.5,9.5,9.2,8.9,1356.9,590.4
1995-10,6488.2,10842.6,4354.4,7279.2,791.0,2504.4,1713.4,65.3,58.7,52.3,13347.0,6067.8,8057.5,14716.6,6659.1,72.2,64.7,57.4,11153.2,22749.7,11596.4,778.3,9.7,9.3,8.9,1369.6,591.3
1995-11,6495.2,10790.8,4295.5,7275.9,780.6,2524.3,1743.7,65.2,58.5,52.0,13315.0,6039.2,8034.7,14672.0,6637.4,72.0,64.4,57.2,11164.3,22772.3,11608.0,758.8,9.4,9.2,9.0,1357.0,598.2
1995-12,6496.0,10793.2,4297.2,7298.6,802.6,2563.6,1761.0,65.3,58.6,52.1,13356.8,6058.2,8079.6,14736.5,6656.9,72.3,64.7,57.3,11174.7,22793.6,11618.8,781.0,9.7,9.4,9.0,1379.7,598.7
1996-01,6504.2,10815.0,4310.8,7309.3,805.1,2559.5,1754.4,65.3,58.6,52.1,13374.5,6065.2,8104.3,14769.6,6665.3,72.5,64.7,57.3,11185.3,22821.0,11635.6,795.0,9.8,9.4,9.0,1395.1,600.1
1996-02,6492.3,10827.0,4334.7,7309.9,817.5,2572.3,1754.8,65.3,58.7,52.3,13399.4,6089.5,8112.3,14810.2,6697.9,72.4,64.8,57.5,11197.3,22844.7,11647.4,802.4,9.9,9.5,9.1,1410.8,608.4
1996-03,6497.7,10833.9,4336.1,7294.6,796.8,2543.3,1746.5,65.1,58.5,52.2,13377.2,6082.6,8099.6,14790.3,6690.7,72.3,64.7,57.4,11209.5,22868.7,11659.2,805.0,9.9,9.6,9.1,1413.1,608.1
1996-04,6517.5,10865.2,4347.8,7315.7,798.3,2538.8,1740.5,65.2,58.6,52.2,13404.1,6088.3,8095.6,14780.8,6685.2,72.1,64.6,57.3,11221.4,22892.2,11670.8,779.8,9.6,9.3,8.9,1376.7,596.9
1996-05,6510.2,10867.4,4357.2,7312.7,802.5,2558.2,1755.8,65.1,58.6,52.3,13425.6,6112.9,8098.1,14793.6,6695.5,72.1,64.5,57.3,11236.6,22922.4,11685.8,785.5,9.7,9.2,8.7,1368.0,582.5
1996-06,6513.0,10865.8,4352.8,7307.5,794.6,2547.1,1752.5,65.0,58.5,52.2,13412.9,6105.3,8130.4,14866.2,6735.8,72.3,64.8,57.6,11248.6,22945.9,11697.3,822.9,10.1,9.8,9.4,1453.3,630.4
1996-07,6568.6,10907.4,4338.8,7341.1,772.5,2533.0,1760.5,65.2,58.5,52.1,13440.4,6099.3,8150.2,14891.6,6741.4,72.4,64.8,57.6,11263.8,22976.2,11712.4,809.2,9.9,9.7,9.5,1451.2,642.1
1996-08,6569.3,10929.0,4359.6,7349.1,779.8,2527.6,1747.8,65.2,58.5,52.1,13456.6,6107.5,8125.0,14859.5,6734.5,72.1,64.6,57.4,11275.9,23000.0,11724.1,775.9,9.5,9.4,9.3,1402.9,627.1
1996-09,6518.9,10855.7,4336.9,7310.2,791.4,2558.7,1767.4,64.7,58.3,52.0,13414.4,6104.2,8124.0,14889.6,6765.6,72.0,64.7,57.6,11290.4,23028.4,11738.0,813.8,10.0,9.9,9.8,1475.2,661.4
1996-10,6546.9,10872.8,4325.9,7311.3,764.4,2540.0,1775.6,64.7,58.2,51.9,13412.8,6101.5,8137.3,14892.2,6754.8,72.0,64.6,57.5,11301.5,23050.4,11748.9,826.0,10.2,9.9,9.7,1479.3,653.3
1996-11,6558.2,10872.0,4313.8,7325.0,766.8,2569.6,1802.8,64.7,58.3,52.0,13441.5,6116.6,8152.6,14912.8,6760.3,72.1,64.6,57.5,11312.8,23071.9,11759.1,827.6,10.2,9.9,9.5,1471.3,643.7
1996-12,6576.7,10872.5,4295.8,7343.1,766.3,2593.2,1826.8,64.9,58.3,52.0,13465.7,6122.6,8158.3,14918.8,6760.5,72.1,64.6,57.4,11322.9,23092.0,11769.1,815.3,10.0,9.7,9.4,1453.1,637.8
1997-01,6596.5,10948.2,4351.8,7375.2,778.8,2587.7,1808.9,65.1,58.6,52.3,13535.9,6160.7,8167.4,14951.9,6784.5,72.1,64.7,57.6,11334.5,23114.7,11780.2,792.1,9.7,9.5,9.2,1416.0,623.9
1997-02,6596.4,10930.7,4334.2,7376.0,779.6,2607.4,1827.9,65.0,58.5,52.3,13538.1,6162.1,8181.6,14961.8,6780.2,72.1,64.7,57.5,11344.6,23134.5,11789.8,805.6,9.8,9.5,9.1,1423.7,618.1
1997-03,6593.3,10937.0,4343.8,7383.9,790.6,2632.8,1842.2,65.0,58.6,52.4,13569.8,6185.9,8170.5,14968.1,6797.5,72.0,64.6,57.6,11355.7,23156.3,11800.6,786.7,9.6,9.3,9.0,1398.2,611.6
1997-04,6584.8,10959.9,4375.1,7366.6,781.8,2611.3,1829.5,64.8,58.5,52.5,13571.2,6204.6,8160.6,14986.5,6825.9,71.8,64.6,57.8,11370.4,23185.1,11814.7,794.0,9.7,9.4,9.1,1415.3,621.3
1997-05,6653.8,11028.4,4374.6,7431.9,778.2,2608.8,1830.6,65.3,58.8,52.5,13637.2,6205.3,8217.8,15045.2,6827.4,72.2,64.8,57.7,11382.3,23208.6,11826.3,785.8,9.6,9.4,9.1,1408.0,622.2
1997-06,6721.5,11133.3,4411.9,7465.7,744.2,2556.6,1812.4,65.5,58.9,52.6,13690.0,6224.3,8210.0,15066.2,6856.2,72.0,64.8,57.9,11396.9,23237.4,11840.4,744.3,9.1,9.1,9.2,1376.2,631.9
1997-07,6706.2,11080.3,4374.1,7485.2,779.0,2651.2,1872.2,65.6,59.0,52.7,13731.5,6246.3,8231.1,15075.9,6844.7,72.1,64.8,57.8,11409.0,23260.1,11851.0,746.0,9.1,8.9,8.7,1344.4,598.4
1997-08,6728.4,11124.6,4396.1,7523.2,794.8,2674.3,1879.6,65.9,59.3,52.9,13798.9,6275.7,8270.6,15143.7,6873.1,72.4,65.0,57.9,11421.4,23283.5,11862.0,747.4,9.0,8.9,8.7,1344.8,597.4
1997-09,6767.0,11221.0,4454.0,7547.5,780.5,2595.0,1814.5,66.0,59.3,52.8,13815.9,6268.5,8290.1,15155.2,6865.1,72.5,65.0,57.8,11436.9,23312.7,11875.8,742.6,9.0,8.8,8.7,1339.3,596.7
1997-10,6759.9,11206.3,4446.4,7567.5,807.6,2626.8,1819.2,66.1,59.3,52.7,13833.1,6265.6,8301.5,15180.5,6878.9,72.5,65.1,57.9,11449.1,23335.3,11886.2,734.0,8.8,8.9,8.9,1347.4,613.4
1997-11,6759.8,11233.6,4473.8,7576.0,816.2,2625.9,1809.7,66.1,59.3,52.8,13859.5,6283.5,8308.0,15205.8,6897.8,72.5,65.1,58.0,11460.5,23356.4,11895.9,732.1,8.8,8.9,8.9,1346.3,614.3
1997-12,6777.4,11295.6,4518.2,7578.1,800.7,2579.2,1778.5,66.1,59.4,52.9,13874.9,6296.8,8293.2,15158.0,6864.8,72.3,64.8,57.7,11470.8,23375.4,11904.5,715.1,8.6,8.5,8.3,1283.1,568.1
1998-01,6761.2,11286.2,4525.0,7563.0,801.9,2578.7,1776.8,65.9,59.3,52.9,13864.8,6301.8,8293.4,15202.8,6909.4,72.2,65.0,58.0,11483.0,23397.5,11914.6,730.4,8.8,8.8,8.8,1337.9,607.6
1998-02,6800.8,11327.7,4526.9,7576.8,776.0,2586.8,1810.7,65.9,59.4,53.1,13914.5,6337.7,8289.1,15217.1,6928.0,72.1,65.0,58.1,11494.8,23419.2,11924.4,712.3,8.6,8.6,8.5,1302.6,590.3
1998-03,6782.3,11328.6,4546.4,7584.5,802.3,2620.8,1818.6,65.9,59.5,53.3,13949.4,6364.9,8280.4,15222.9,6942.5,72.0,64.9,58.2,11505.2,23438.6,11933.4,695.9,8.4,8.4,8.3,1273.4,577.5
1998-04,6775.7,11322.4,4546.8,7587.7,812.0,2655.2,1843.2,65.9,59.6,53.5,13977.6,6389.9,8288.6,15238.5,6949.9,72.0,65.0,58.2,11516.7,23459.9,11943.2,700.9,8.5,8.3,8.1,1260.9,560.0
1998-05,6807.5,11366.9,4559.3,7606.3,798.7,2626.4,1827.7,66.0,59.6,53.4,13993.3,6387.1,8304.9,15257.6,6952.7,72.0,65.0,58.2,11528.6,23482.1,11953.5,698.6,8.4,8.3,8.1,1264.3,565.6
1998-06,6791.2,11383.5,4592.3,7608.5,817.3,2622.3,1805.1,65.9,59.6,53.5,14005.8,6397.3,8327.0,15284.1,6957.0,72.1,65.0,58.1,11543.3,23509.5,11966.2,718.6,8.6,8.4,8.0,1278.2,559.7
1998-07,6786.8,11392.9,4606.1,7622.8,836.1,2670.9,1834.8,66.0,59.8,53.8,14063.8,6441.0,8350.1,15333.4,6983.3,72.3,65.2,58.3,11552.7,23528.9,11976.2,727.2,8.7,8.3,7.8,1269.6,542.4
1998-08,6832.7,11441.7,4609.0,7640.1,807.4,2660.0,1852.6,66.1,59.9,53.9,14101.7,6461.6,8339.4,15341.4,7002.0,72.1,65.2,58.4,11561.7,23547.6,11985.9,699.3,8.4,8.1,7.7,1239.7,540.4
1998-09,6851.9,11473.4,4621.5,7647.0,795.1,2667.3,1872.2,66.1,60.0,54.1,14140.7,6493.7,8356.8,15405.4,7048.7,72.2,65.4,58.7,11573.8,23572.2,11998.4,709.7,8.5,8.2,7.9,1264.7,555.0
1998-10,6849.7,11508.7,4659.0,7642.3,792.6,2650.7,1858.1,66.0,60.0,54.3,14159.4,6517.1,8347.7,15392.5,7044.8,72.1,65.2,58.7,11583.6,23592.3,12008.7,705.4,8.5,8.0,7.5,1233.1,527.7
1998-11,6870.5,11524.9,4654.4,7666.5,796.0,2674.1,1878.1,66.1,60.1,54.4,14198.9,6532.4,8374.5,15439.1,7064.7,72.2,65.4,58.8,11593.1,23611.5,12018.5,708.0,8.5,8.0,7.5,1240.2,532.2
1998-12,6870.0,11498.9,4628.9,7664.2,794.3,2701.1,1906.9,66.1,60.1,54.3,14200.0,6535.8,8373.9,15459.0,7085.0,72.2,65.4,58.9,11601.9,23629.5,12027.6,709.7,8.5,8.1,7.8,1259.0,549.3
1999-01,6915.6,11592.2,4676.5,7711.7,796.1,2681.2,1885.1,66.4,60.3,54.5,14273.3,6561.6,8394.4,15499.4,7105.0,72.3,65.5,59.0,11612.4,23650.9,12038.4,682.6,8.1,7.9,7.6,1226.0,543.4
1999-02,6904.0,11612.2,4708.2,7708.4,804.4,2651.0,1846.7,66.3,60.3,54.4,14263.3,6554.9,8392.8,15486.6,7093.8,72.2,65.4,58.9,11623.0,23672.2,12049.2,684.4,8.2,7.9,7.6,1223.3,539.0
1999-03,6921.8,11643.7,4721.9,7725.5,803.7,2635.0,1831.3,66.4,60.3,54.3,14278.7,6553.2,8406.1,15497.7,7091.7,72.3,65.4,58.8,11633.5,23693.5,12060.0,680.6,8.1,7.9,7.6,1219.0,538.5
1999-04,6954.7,11693.4,4738.7,7752.4,797.7,2623.2,1825.4,66.6,60.4,54.4,14316.6,6564.2,8456.0,15592.5,7136.4,72.6,65.7,59.1,11644.8,23716.0,12071.2,703.6,8.3,8.2,8.0,1275.9,572.3
1999-05,6972.1,11731.6,4759.5,7767.7,795.6,2621.1,1825.5,66.6,60.5,54.5,14352.7,6585.0,8449.4,15591.5,7142.1,72.5,65.7,59.1,11656.7,23739.9,12083.2,681.7,8.1,7.9,7.8,1238.8,557.1
1999-06,6976.7,11721.4,4744.7,7774.7,798.0,2651.5,1853.6,66.6,60.5,54.5,14373.0,6598.2,8428.5,15553.3,7124.8,72.2,65.4,58.9,11671.6,23769.7,12098.1,653.8,7.8,7.6,7.4,1180.3,526.6
1999-07,6972.3,11754.3,4782.0,7796.9,824.6,2676.5,1851.9,66.7,60.7,54.8,14430.9,6633.9,8453.6,15610.2,7156.5,72.4,65.6,59.1,11683.5,23792.9,12109.3,656.7,7.8,7.6,7.3,1179.3,522.6
1999-08,6985.7,11769.0,4783.3,7797.2,811.4,2682.8,1871.4,66.7,60.7,54.9,14451.8,6654.6,8455.8,15610.6,7154.8,72.3,65.5,59.0,11697.9,23820.6,12122.6,658.6,7.8,7.4,7.0,1158.9,500.2
1999-09,7012.8,11816.2,4803.4,7825.2,812.4,2658.4,1846.0,66.8,60.7,54.8,14474.6,6649.4,8498.9,15645.9,7147.0,72.6,65.6,58.9,11710.4,23844.8,12134.4,673.7,7.9,7.5,7.0,1171.3,497.6
1999-10,7056.7,11864.4,4807.7,7860.2,803.5,2650.2,1846.7,67.0,60.8,54.8,14514.7,6654.5,8497.7,15640.3,7142.6,72.5,65.5,58.8,11723.1,23869.2,12146.0,637.5,7.5,7.2,6.8,1125.6,488.2
1999-11,7081.2,11923.4,4842.2,7887.0,805.8,2626.0,1820.2,67.2,60.9,54.8,14549.4,6662.4,8497.8,15633.5,7135.7,72.4,65.4,58.7,11735.5,23892.8,12157.3,610.9,7.2,6.9,6.6,1084.1,473.3
1999-12,7118.6,11978.4,4859.9,7933.6,815.0,2632.9,1817.8,67.5,61.1,54.9,14611.3,6677.7,8524.8,15671.1,7146.3,72.6,65.5,58.7,11747.3,23915.0,12167.7,591.2,6.9,6.8,6.6,1059.8,468.6
2000-01,7129.4,12006.9,4877.5,7934.7,805.3,2645.9,1840.6,67.5,61.2,55.2,14652.7,6718.1,8532.6,15720.8,7188.2,72.6,65.7,59.0,11759.3,23937.8,12178.5,598.0,7.0,6.8,6.5,1068.1,470.1
2000-02,7141.0,12027.3,4886.2,7935.0,794.0,2645.0,1851.0,67.4,61.2,55.3,14672.2,6737.2,8526.5,15753.3,7226.8,72.4,65.7,59.3,11772.9,23963.5,12190.6,591.5,6.9,6.9,6.8,1081.1,489.6
2000-03,7145.1,12061.5,4916.5,7953.5,808.5,2636.0,1827.5,67.5,61.3,55.3,14697.5,6744.0,8542.4,15779.8,7237.4,72.5,65.8,59.3,11786.4,23988.6,12202.2,588.9,6.9,6.9,6.8,1082.3,493.4
2000-04,7120.4,12034.4,4914.1,7969.6,849.2,2688.2,1839.0,67.5,61.3,55.3,14722.7,6753.1,8557.8,15787.2,7229.3,72.5,65.7,59.2,11800.2,24014.6,12214.4,588.3,6.9,6.7,6.6,1064.5,476.2
2000-05,7135.5,12076.6,4941.1,7956.9,821.4,2659.8,1838.4,67.3,61.3,55.4,14736.4,6779.5,8536.6,15783.8,7247.2,72.2,65.6,59.3,11818.1,24048.5,12230.3,579.7,6.8,6.6,6.5,1047.5,467.7
2000-06,7128.9,12074.9,4946.0,7940.5,811.6,2671.9,1860.3,67.1,61.3,55.6,14746.8,6806.4,8539.4,15807.8,7268.5,72.2,65.7,59.4,11832.8,24076.3,12243.5,598.9,7.0,6.7,6.4,1061.0,462.1
2000-07,7137.1,12079.5,4942.4,7961.4,824.3,2670.9,1846.6,67.2,61.2,55.4,14750.4,6789.1,8540.8,15818.5,7277.7,72.1,65.6,59.4,11846.6,24102.5,12255.9,579.4,6.8,6.8,6.7,1068.0,488.6
2000-08,7127.6,12082.3,4954.7,7963.3,835.7,2688.0,1852.3,67.1,61.2,55.5,14770.3,6807.1,8576.8,15883.5,7306.6,72.3,65.8,59.5,11863.7,24134.6,12271.0,613.5,7.2,7.0,6.8,1113.1,499.6
2000-09,7148.2,12081.8,4933.6,7987.5,839.3,2730.4,1891.1,67.2,61.3,55.6,14812.2,6824.7,8592.2,15916.3,7324.0,72.3,65.9,59.6,11878.1,24162.1,12284.0,604.7,7.0,6.9,6.8,1104.1,499.3
2000-10,7170.1,12138.8,4968.7,7997.6,827.4,2696.5,1869.1,67.2,61.3,55.6,14835.3,6837.7,8601.7,15955.7,7354.0,72.3,66.0,59.8,11892.7,24189.6,12296.9,604.2,7.0,7.0,7.0,1120.4,516.2
2000-11,7185.3,12203.6,5018.3,8014.8,829.5,2667.8,1838.3,67.3,61.4,55.7,14871.4,6856.6,8628.1,15982.1,7354.0,72.5,66.0,59.7,11907.0,24216.4,12309.5,613.3,7.1,6.9,6.8,1110.7,497.4
2000-12,7207.7,12219.9,5012.2,8057.8,850.1,2700.1,1850.0,67.6,61.5,55.7,14920.0,6862.1,8651.9,16003.2,7351.3,72.6,66.0,59.7,11920.6,24241.9,12321.3,594.1,6.9,6.8,6.7,1083.2,489.2
2001-01,7196.6,12196.3,4999.7,8026.8,830.2,2698.0,1867.8,67.3,61.4,55.7,14894.4,6867.6,8628.1,15994.5,7366.4,72.4,65.9,59.7,11924.2,24255.3,12331.1,601.3,7.0,6.9,6.8,1100.1,498.8
2001-02,7186.4,12202.3,5015.9,8022.0,835.6,2681.5,1846.0,67.2,61.3,55.6,14883.9,6861.9,8648.3,16004.4,7356.1,72.4,65.9,59.6,11937.5,24280.4,12342.9,626.3,7.2,7.0,6.7,1120.5,494.2
2001-03,7176.5,12202.6,5026.2,8005.0,828.5,2686.1,1857.6,67.0,61.2,55.7,14888.7,6883.7,8655.3,16033.2,7378.0,72.4,66.0,59.7,11952.2,24308.1,12356.0,650.3,7.5,7.1,6.7,1144.6,494.3
2001-04,7177.5,12221.1,5043.6,8028.0,850.5,2701.2,1850.7,67.1,61.3,55.7,14922.3,6894.3,8674.1,16066.9,7392.8,72.5,66.0,59.7,11971.3,24344.9,12373.5,646.2,7.4,7.1,6.7,1144.7,498.5
2001-05,7176.3,12219.5,5043.2,8024.8,848.4,2726.7,1878.3,66.9,61.3,55.9,14946.2,6921.5,8665.6,16076.9,7411.2,72.3,66.0,59.8,11987.2,24375.1,12388.0,640.9,7.4,7.0,6.6,1130.6,489.8
2001-06,7171.7,12218.3,5046.6,8026.9,855.2,2704.2,1849.0,66.9,61.1,55.6,14922.5,6895.6,8684.1,16085.1,7401.0,72.3,65.9,59.7,12003.4,24406.3,12402.9,657.2,7.6,7.2,6.8,1162.6,505.4
2001-07,7185.9,12187.2,5001.3,8033.9,848.0,2759.1,1911.1,66.8,61.1,55.7,14946.3,6912.4,8665.0,16083.9,7419.0,72.1,65.8,59.7,12021.5,24442.1,12420.6,631.1,7.3,7.1,6.8,1137.7,506.6
2001-08,7198.4,12262.6,5064.2,8038.0,839.6,2685.9,1846.3,66.8,61.1,55.6,14948.5,6910.5,8688.2,16112.4,7424.3,72.2,65.8,59.7,12036.0,24470.7,12434.7,650.2,7.5,7.2,6.9,1163.9,513.8
2001-09,7182.1,12273.0,5090.9,8040.1,858.0,2699.8,1841.8,66.7,61.1,55.7,14972.8,6932.7,8682.9,16131.5,7448.6,72.1,65.8,59.8,12050.2,24498.4,12448.3,642.8,7.4,7.2,6.9,1158.7,516.0
2001-10,7187.5,12274.0,5086.5,8040.6,853.0,2702.9,1849.8,66.7,61.1,55.7,14976.9,6936.3,8708.0,16159.8,7451.8,72.2,65.9,59.8,12063.5,24525.1,12461.6,667.4,7.7,7.3,6.9,1182.9,515.5
2001-11,7181.4,12240.7,5059.3,8025.6,844.2,2749.6,1905.4,66.5,61.1,55.8,14990.3,6964.7,8715.2,16199.7,7484.5,72.2,66.0,60.0,12076.5,24550.9,12474.3,689.6,7.9,7.5,6.9,1209.4,519.8
2001-12,7140.1,12199.9,5059.8,8001.1,861.0,2765.7,1904.7,66.2,60.9,55.8,14965.6,6964.5,8765.2,16276.1,7510.9,72.5,66.2,60.2,12088.9,24575.0,12486.1,764.0,8.7,8.1,7.3,1310.4,546.4
2002-01,7137.6,12223.1,5085.5,8013.7,876.1,2796.3,1920.3,66.2,61.0,56.0,15019.4,7005.7,8789.2,16327.4,7538.2,72.6,66.3,60.3,12105.7,24608.4,12502.7,775.5,8.8,8.0,7.1,1307.9,532.5
2002-02,7176.2,12262.0,5085.8,8054.7,878.5,2780.3,1901.9,66.5,61.1,55.8,15042.3,6987.6,8808.2,16338.5,7530.3,72.7,66.3,60.2,12118.5,24634.0,12515.4,753.5,8.6,7.9,7.2,1296.2,542.7
2002-03,7232.5,12308.2,5075.6,8100.9,868.4,2812.4,1944.0,66.8,61.3,56.0,15120.5,7019.6,8839.8,16412.2,7572.4,72.9,66.5,60.4,12133.0,24662.4,12529.5,738.9,8.4,7.9,7.3,1291.7,552.8
2002-04,7247.4,12331.3,5083.9,8120.9,873.5,2836.5,1963.0,66.8,61.4,56.2,15167.8,7046.9,8837.1,16432.5,7595.4,72.7,66.5,60.5,12151.5,24699.4,12547.9,716.2,8.1,7.7,7.2,1264.8,548.6
2002-05,7273.0,12382.3,5109.3,8157.1,884.0,2839.9,1955.9,67.0,61.6,56.2,15222.2,7065.2,8886.1,16503.6,7617.5,73.0,66.7,60.6,12166.9,24729.8,12562.9,729.0,8.2,7.8,7.3,1281.3,552.3
2002-06,7305.5,12438.4,5132.9,8190.5,885.0,2845.9,1960.9,67.2,61.7,56.4,15284.3,7093.8,8891.3,16543.3,7652.0,73.0,66.8,60.8,12182.6,24761.0,12578.3,700.8,7.9,7.6,7.3,1259.0,558.3
2002-07,7320.7,12491.8,5171.1,8202.6,881.9,2832.4,1950.5,67.2,61.8,56.5,15324.2,7121.6,8914.7,16592.8,7678.0,73.1,66.9,61.0,12199.7,24795.8,12596.1,712.2,8.0,7.6,7.2,1268.6,556.4
2002-08,7320.8,12516.6,5195.7,8231.9,911.0,2890.3,1979.3,67.4,62.1,56.9,15406.9,7175.0,8928.0,16641.8,7713.9,73.1,67.1,61.2,12211.1,24818.6,12607.5,696.1,7.8,7.4,7.0,1235.0,538.8
2002-09,7315.8,12504.8,5189.0,8225.6,909.8,2900.4,1990.7,67.3,62.0,56.9,15405.2,7179.6,8937.7,16665.1,7727.4,73.1,67.1,61.2,12224.5,24845.8,12621.3,712.1,8.0,7.6,7.1,1259.9,547.8
2002-10,7301.9,12471.6,5169.7,8220.9,919.0,2947.5,2028.5,67.2,62.0,57.0,15419.1,7198.2,8938.3,16686.5,7748.2,73.1,67.1,61.3,12235.5,24868.1,12632.6,717.4,8.0,7.6,7.1,1267.4,550.0
2002-11,7329.4,12537.9,5208.5,8254.3,924.9,2929.3,2004.4,67.4,62.1,57.0,15467.2,7212.9,8962.9,16723.4,7760.5,73.2,67.2,61.4,12246.3,24889.7,12643.4,708.6,7.9,7.5,7.1,1256.2,547.6
2002-12,7364.7,12576.1,5211.4,8283.2,918.5,2948.6,2030.1,67.6,62.3,57.2,15524.7,7241.5,9004.5,16792.7,7788.2,73.5,67.4,61.5,12256.3,24909.8,12653.5,721.3,8.0,7.6,7.0,1268.0,546.7
2003-01,7378.7,12600.9,5222.2,8298.2,919.5,2943.3,2023.8,67.6,62.3,57.2,15544.2,7246.0,8998.4,16797.0,7798.5,73.3,67.4,61.6,12267.9,24932.7,12664.8,700.2,7.8,7.5,7.1,1252.8,552.5
2003-02,7402.4,12633.2,5230.8,8323.6,921.3,2968.4,2047.1,67.8,62.5,57.4,15601.6,7278.0,9034.8,16859.0,7824.2,73.6,67.6,61.7,12278.5,24953.8,12675.3,711.2,7.9,7.5,7.0,1257.5,546.2
2003-03,7416.0,12655.6,5239.6,8323.2,907.1,2954.0,2046.9,67.7,62.5,57.4,15609.7,7286.5,9013.5,16852.4,7838.9,73.3,67.5,61.8,12290.9,24978.6,12687.7,690.3,7.7,7.4,7.0,1242.7,552.4
2003-04,7424.8,12661.8,5237.0,8332.9,908.1,2931.4,2023.3,67.7,62.3,57.2,15593.2,7260.3,9036.6,16876.8,7840.2,73.4,67.5,61.7,12306.5,25009.7,12703.3,703.7,7.8,7.6,7.4,1283.6,579.9
2003-05,7414.6,12646.7,5232.1,8305.4,890.8,2928.0,2037.3,67.4,62.2,57.2,15574.8,7269.4,9045.5,16899.5,7854.0,73.4,67.5,61.8,12319.1,25035.1,12716.0,740.1,8.2,7.8,7.4,1324.7,584.6
2003-06,7390.9,12649.6,5258.7,8324.9,934.0,2977.5,2043.5,67.5,62.3,57.3,15627.1,7302.2,9048.2,16912.6,7864.4,73.3,67.5,61.8,12335.8,25068.7,12732.9,723.3,8.0,7.6,7.1,1285.5,562.2
2003-07,7408.1,12696.1,5288.0,8329.6,921.5,2952.3,2030.8,67.5,62.4,57.4,15648.4,7318.8,9073.0,16954.4,7881.5,73.5,67.6,61.8,12348.8,25095.9,12747.1,743.4,8.2,7.7,7.1,1306.1,562.7
2003-08,7390.4,12653.6,5263.2,8311.0,920.6,2985.3,2064.7,67.2,62.3,57.4,15638.9,7327.9,9070.3,16967.3,7897.0,73.4,67.5,61.9,12361.6,25121.7,12760.2,759.3,8.4,7.8,7.2,1328.4,569.1
2003-09,7397.2,12655.2,5258.0,8343.9,946.7,3019.6,2072.9,67.4,62.3,57.4,15674.7,7330.8,9085.2,17010.1,7924.9,73.4,67.6,62.0,12377.3,25154.0,12776.7,741.3,8.2,7.9,7.5,1335.4,594.1
2003-10,7393.9,12759.5,5365.6,8359.6,965.7,2970.0,2004.4,67.5,62.5,57.6,15729.5,7370.0,9090.1,17019.1,7929.0,73.4,67.6,62.0,12389.7,25179.6,12789.9,730.5,8.0,7.6,7.1,1289.6,559.1
2003-11,7461.1,12790.8,5329.8,8395.7,934.6,2987.7,2053.1,67.7,62.6,57.7,15778.5,7382.8,9106.9,17045.5,7938.6,73.4,67.6,62.0,12401.6,25203.7,12802.1,711.2,7.8,7.4,7.0,1267.0,555.8
2003-12,7468.0,12826.7,5358.6,8397.5,929.5,2994.5,2065.0,67.7,62.7,57.9,15821.1,7423.6,9098.4,17074.4,7976.1,73.3,67.7,62.2,12412.4,25225.6,12813.2,700.9,7.7,7.3,6.9,1253.3,552.4
2004-01,7480.8,12864.0,5383.2,8416.2,935.4,2955.7,2020.3,67.7,62.7,57.7,15819.7,7403.5,9111.3,17069.9,7958.6,73.3,67.6,62.1,12424.3,25250.0,12825.7,695.1,7.6,7.3,7.0,1250.2,555.1
2004-02,7495.1,12890.3,5395.1,8400.4,905.2,2936.7,2031.4,67.5,62.6,57.8,15826.9,7426.6,9102.0,17075.4,7973.4,73.2,67.6,62.1,12437.2,25276.5,12839.3,701.6,7.7,7.3,6.9,1248.5,546.9
2004-03,7489.9,12928.0,5438.1,8414.4,924.4,2908.3,1983.8,67.6,62.6,57.7,15836.3,7421.9,9120.7,17087.2,7966.5,73.3,67.5,62.0,12450.2,25302.8,12852.7,706.4,7.7,7.3,6.8,1250.9,544.6
2004-04,7528.5,12967.4,5438.9,8446.3,917.8,2915.3,1997.5,67.8,62.7,57.8,15882.7,7436.4,9132.4,17113.6,7981.2,73.3,67.6,62.0,12463.4,25330.1,12866.7,686.1,7.5,7.2,6.8,1230.9,544.8
2004-05,7500.4,12964.3,5463.9,8438.2,937.8,2936.7,1998.9,67.6,62.7,57.9,15900.9,7462.8,9119.7,17108.6,7988.9,73.1,67.5,62.0,12477.5,25358.7,12881.1,681.5,7.5,7.1,6.6,1207.7,526.2
2004-06,7540.3,12985.8,5445.5,8446.0,905.7,2938.2,2032.5,67.6,62.7,58.0,15923.9,7478.0,9138.4,17164.0,8025.6,73.1,67.6,62.2,12495.6,25395.6,12900.0,692.5,7.6,7.2,6.8,1240.1,547.6
2004-07,7553.1,12958.2,5405.1,8474.7,921.7,2979.4,2057.7,67.7,62.7,57.8,15937.6,7462.9,9137.6,17148.3,8010.7,73.0,67.4,62.0,12510.1,25425.1,12915.0,662.9,7.3,7.1,6.8,1210.7,547.9
2004-08,7563.3,12978.8,5415.6,8491.6,928.3,2966.6,2038.3,67.8,62.6,57.6,15945.4,7453.8,9141.8,17146.8,8005.0,73.0,67.3,61.9,12527.5,25459.9,12932.5,650.3,7.1,7.0,6.9,1201.4,551.2
2004-09,7589.0,13033.0,5444.0,8505.0,916.0,2945.8,2029.9,67.8,62.7,57.7,15978.9,7473.9,9164.9,17170.7,8005.8,73.1,67.4,61.8,12540.8,25487.3,12946.6,659.9,7.2,6.9,6.6,1191.8,531.9
2004-10,7609.7,13036.3,5426.6,8524.2,914.5,2953.3,2038.8,67.9,62.7,57.6,15989.6,7465.4,9187.4,17203.4,8015.9,73.2,67.4,61.9,12553.7,25513.4,12959.7,663.3,7.2,7.1,6.9,1213.8,550.5
2004-11,7598.9,13026.9,5428.0,8524.6,925.7,2981.4,2055.7,67.8,62.7,57.7,16008.3,7483.7,9196.7,17249.1,8052.4,73.2,67.5,62.1,12565.3,25537.2,12971.9,672.1,7.3,7.2,7.1,1240.8,568.6
2004-12,7595.5,13039.9,5444.3,8527.2,931.6,2982.9,2051.3,67.8,62.7,57.7,16022.8,7495.6,9213.6,17252.0,8038.3,73.3,67.5,61.9,12576.8,25560.2,12983.5,686.5,7.5,7.1,6.8,1229.2,542.7
2005-01,7633.5,13066.5,5433.0,8531.5,898.0,2967.5,2069.5,67.8,62.7,57.7,16034.0,7502.5,9195.4,17226.1,8030.7,73.0,67.3,61.8,12589.3,25585.5,12996.2,663.9,7.2,6.9,6.6,1192.1,528.2
2005-02,7608.4,13080.2,5471.9,8530.5,922.1,2966.9,2044.8,67.7,62.7,57.8,16047.1,7516.6,9200.5,17254.4,8053.9,73.0,67.4,61.9,12603.1,25613.5,13010.4,670.0,7.3,7.0,6.7,1207.3,537.3
2005-03,7604.0,13072.6,5468.6,8538.0,934.0,2973.8,2039.8,67.7,62.6,57.6,16046.5,7508.4,9199.3,17230.8,8031.4,72.9,67.2,61.7,12616.6,25640.9,13024.3,661.3,7.2,6.9,6.5,1184.3,523.0
2005-04,7606.3,13107.6,5501.3,8530.3,924.0,2964.6,2040.7,67.5,62.6,57.8,16072.3,7542.0,9187.0,17233.3,8046.3,72.7,67.1,61.7,12630.4,25668.9,13038.5,656.7,7.1,6.7,6.3,1161.0,504.3
2005-05,7599.0,13083.1,5484.2,8555.0,956.0,2993.5,2037.5,67.6,62.5,57.6,16076.7,7521.7,9223.6,17285.1,8061.4,72.9,67.2,61.7,12649.1,25706.5,13057.4,668.6,7.2,7.0,6.7,1208.4,539.8
2005-06,7637.6,13156.4,5518.8,8566.2,928.6,2945.4,2016.8,67.6,62.6,57.6,16101.8,7535.6,9218.2,17277.7,8059.5,72.8,67.1,61.6,12664.9,25738.6,13073.7,652.0,7.1,6.8,6.5,1175.9,523.9
2005-07,7655.9,13171.7,5515.7,8588.4,932.5,2970.5,2038.0,67.7,62.6,57.7,16142.2,7553.8,9250.2,17300.7,8050.4,72.9,67.1,61.5,12680.9,25771.7,13090.7,661.8,7.2,6.7,6.2,1158.5,496.7
2005-08,7681.4,13211.6,5530.2,8610.1,928.6,2975.0,2046.4,67.8,62.7,57.8,16186.6,7576.6,9260.4,17349.0,8088.6,72.9,67.2,61.7,12700.1,25810.4,13110.3,650.4,7.0,6.7,6.3,1162.4,512.0
2005-09,7656.4,13216.5,5560.1,8606.8,950.4,2955.7,2005.3,67.7,62.6,57.6,16172.2,7565.4,9239.7,17331.9,8092.2,72.7,67.1,61.7,12714.5,25839.5,13125.0,632.9,6.8,6.7,6.5,1159.7,526.8
2005-10,7667.2,13197.3,5530.1,8633.8,966.6,3014.5,2047.8,67.8,62.7,57.7,16211.7,7578.0,9254.4,17372.5,8118.1,72.7,67.2,61.8,12728.5,25867.3,13138.8,620.7,6.7,6.7,6.7,1160.8,540.1
2005-11,7682.6,13255.2,5572.6,8629.1,946.5,2986.0,2039.6,67.7,62.7,57.9,16241.2,7612.1,9240.1,17338.1,8098.1,72.5,67.0,61.6,12741.7,25894.4,13152.7,611.0,6.6,6.3,6.0,1096.9,485.9
2005-12,7692.1,13277.2,5585.1,8640.8,948.8,2955.1,2006.4,67.7,62.6,57.7,16232.3,7591.5,9252.9,17373.6,8120.7,72.5,67.0,61.7,12754.0,25918.9,13164.9,612.1,6.6,6.6,6.5,1141.3,529.3
2006-01,7664.4,13283.9,5619.6,8625.6,961.2,2977.1,2015.8,67.5,62.7,57.9,16261.0,7635.4,9273.1,17436.6,8163.5,72.6,67.2,61.9,12771.2,25953.3,13182.1,647.5,7.0,6.7,6.5,1175.6,528.1
2006-02,7679.6,13284.4,5604.8,8662.4,982.8,3007.8,2025.0,67.8,62.7,57.8,16292.2,7629.8,9290.3,17439.1,8148.8,72.7,67.1,61.8,12784.1,25978.8,13194.7,627.8,6.8,6.6,6.4,1146.9,519.0
2006-03,7717.2,13337.7,5620.5,8694.3,977.1,3009.6,2032.5,67.9,62.9,57.9,16347.3,7653.0,9309.1,17479.8,8170.6,72.7,67.2,61.9,12798.1,26007.0,13209.0,614.9,6.6,6.5,6.3,1132.5,517.6
2006-04,7738.7,13399.6,5660.8,8701.4,962.7,2984.0,2021.3,67.9,62.9,58.1,16383.5,7682.1,9309.8,17516.9,8207.1,72.7,67.3,62.1,12812.7,26036.5,13223.8,608.4,6.5,6.5,6.4,1133.4,525.0
2006-05,7789.9,13473.9,5684.0,8733.9,944.0,2976.5,2032.5,68.1,63.1,58.3,16450.4,7716.5,9329.2,17544.9,8215.7,72.7,67.3,62.0,12832.0,26074.9,13242.9,595.2,6.4,6.2,6.1,1094.5,499.2
2006-06,7748.4,13421.1,5672.7,8721.5,973.1,3011.5,2038.3,67.9,62.9,58.2,16432.5,7711.0,9324.0,17538.7,8214.6,72.6,67.2,62.0,12848.1,26106.8,13258.7,602.6,6.5,6.3,6.1,1106.1,503.6
2006-07,7740.1,13441.4,5701.2,8716.9,976.8,2999.1,2022.3,67.8,62.9,58.2,16440.4,7723.5,9344.2,17587.9,8243.8,72.6,67.3,62.1,12863.3,26139.1,13275.8,627.2,6.7,6.5,6.3,1147.5,520.3
2006-08,7762.2,13482.8,5720.6,8727.8,965.6,2952.8,1987.3,67.8,62.8,58.0,16435.7,7707.9,9368.3,17584.7,8216.4,72.7,67.2,61.8,12881.8,26177.3,13295.6,640.5,6.8,6.5,6.2,1149.0,508.6
2006-09,7779.4,13500.4,5721.0,8731.8,952.4,2967.6,2015.1,67.7,62.8,58.1,16468.0,7736.2,9390.9,17613.0,8222.0,72.8,67.2,61.8,12895.6,26206.5,13310.9,659.1,7.0,6.5,5.9,1145.0,485.9
2006-10,7793.3,13505.6,5712.3,8741.5,948.2,2981.9,2033.8,67.7,62.8,58.1,16487.5,7746.1,9366.3,17605.4,8239.1,72.6,67.1,61.8,12908.8,26234.1,13325.3,624.8,6.7,6.3,6.0,1117.8,493.0
2006-11,7753.0,13469.7,5716.7,8733.6,980.6,3017.8,2037.2,67.6,62.8,58.1,16487.5,7753.9,9384.8,17641.3,8256.4,72.6,67.2,61.9,12921.3,26260.8,13339.5,651.2,6.9,6.5,6.1,1153.7,502.5
2006-12,7785.7,13512.9,5727.2,8758.3,972.7,3036.8,2064.1,67.7,63.0,58.3,16549.6,7791.3,9395.8,17671.4,8275.6,72.6,67.2,62.0,12933.2,26285.9,13352.7,637.4,6.8,6.3,5.9,1121.8,484.4
2007-01,7791.3,13546.8,5755.5,8798.2,1006.9,3068.2,2061.3,68.0,63.1,58.5,16615.0,7816.8,9430.3,17743.5,8313.2,72.8,67.4,62.2,12946.6,26314.7,13368.1,632.1,6.7,6.4,6.0,1128.5,496.4
2007-02,7810.5,13576.6,5766.1,8804.5,994.0,3059.8,2065.8,68.0,63.2,58.5,16636.4,7831.9,9429.4,17748.8,8319.4,72.8,67.4,62.2,12956.4,26335.5,13379.1,624.8,6.6,6.3,5.9,1112.3,487.5
2007-03,7799.2,13575.9,5776.7,8792.1,992.9,3088.8,2095.9,67.8,63.2,58.8,16664.8,7872.7,9419.7,17783.7,8364.0,72.6,67.5,62.5,12968.0,26359.9,13391.9,627.6,6.7,6.3,5.9,1118.9,491.4
2007-04,7798.9,13573.2,5774.3,8805.3,1006.4,3085.4,2079.0,67.8,63.1,58.6,16658.6,7853.3,9435.7,17775.4,8339.7,72.7,67.4,62.2,12982.9,26391.4,13408.5,630.4,6.7,6.3,5.8,1116.9,486.4
2007-05,7845.2,13633.6,5788.4,8828.8,983.6,3048.5,2064.9,67.9,63.1,58.5,16682.1,7853.3,9436.5,17775.6,8339.0,72.6,67.3,62.1,12996.3,26419.3,13423.0,607.7,6.4,6.2,5.8,1093.4,485.7
2007-06,7880.3,13716.2,5835.9,8854.1,973.8,3012.0,2038.2,68.1,63.2,58.6,16728.2,7874.1,9461.8,17822.3,8360.4,72.7,67.4,62.2,13011.0,26449.3,13438.3,607.7,6.4,6.1,5.8,1094.1,486.4
2007-07,7893.6,13755.2,5861.6,8874.7,981.0,3041.0,2059.9,68.1,63.4,58.9,16796.2,7921.5,9463.1,17872.3,8409.2,72.6,67.5,62.5,13029.0,26486.5,13457.5,588.4,6.2,6.0,5.8,1076.1,487.6
2007-08,7879.5,13748.0,5868.5,8867.5,988.0,3069.5,2081.5,68.0,63.4,59.0,16817.5,7949.9,9461.0,17886.2,8425.1,72.5,67.5,62.5,13044.0,26517.5,13473.5,593.5,6.3,6.0,5.6,1068.7,475.2
2007-09,7892.9,13736.9,5843.9,8879.8,986.8,3099.3,2112.5,68.0,63.4,59.0,16836.2,7956.4,9464.9,17915.2,8450.3,72.5,67.5,62.6,13058.1,26547.0,13488.9,585.1,6.2,6.0,5.8,1079.0,493.9
2007-10,7886.8,13749.1,5862.3,8892.3,1005.6,3134.6,2129.1,68.0,63.5,59.2,16883.7,7991.3,9509.5,17967.3,8457.9,72.7,67.6,62.6,13072.1,26576.0,13503.8,617.1,6.5,6.0,5.5,1083.7,466.5
2007-11,7894.7,13764.6,5870.0,8921.5,1026.8,3140.2,2113.4,68.2,63.5,59.1,16904.8,7983.3,9536.5,18009.2,8472.7,72.9,67.7,62.7,13085.7,26603.7,13518.0,615.0,6.4,6.1,5.8,1104.3,489.3
2007-12,7900.6,13775.0,5874.4,8926.0,1025.5,3132.1,2106.6,68.1,63.5,59.0,16907.1,7981.0,9556.3,18017.0,8460.7,73.0,67.7,62.5,13098.2,26629.2,13531.0,630.3,6.6,6.2,5.7,1110.0,479.7
2008-01,7961.5,13829.0,5867.6,8955.0,993.5,3103.2,2109.7,68.3,63.5,58.9,16932.2,7977.3,9579.0,18039.4,8460.4,73.1,67.7,62.5,13112.4,26659.0,13546.6,624.0,6.5,6.1,5.7,1107.2,483.1
2008-02,7967.9,13844.8,5876.9,8967.0,999.0,3122.7,2123.7,68.3,63.6,59.0,16967.5,8000.5,9581.3,18073.5,8492.2,73.0,67.7,62.6,13124.1,26683.2,13559.1,614.4,6.4,6.1,5.8,1106.0,491.6
2008-03,7971.5,13834.6,5863.0,8977.3,1005.8,3137.5,2131.8,68.3,63.5,58.9,16972.1,7994.8,9603.6,18085.7,8482.1,73.1,67.7,62.5,13137.6,26710.7,13573.1,626.3,6.5,6.2,5.7,1113.6,487.3
2008-04,7980.7,13846.5,5865.8,8971.0,990.3,3125.4,2135.0,68.2,63.5,58.9,16971.8,8000.8,9610.9,18089.5,8478.7,73.1,67.6,62.4,13154.1,26744.9,13590.8,639.9,6.7,6.2,5.6,1117.7,477.8
2008-05,7971.8,13846.4,5874.6,8956.4,984.6,3140.4,2155.8,68.0,63.4,59.0,16986.8,8030.4,9582.3,18103.0,8520.8,72.8,67.6,62.6,13169.3,26775.5,13606.2,625.8,6.5,6.2,5.8,1116.3,490.4
2008-06,7940.4,13833.7,5893.3,8960.7,1020.3,3162.5,2142.2,67.9,63.4,59.0,16996.2,8035.5,9605.0,18109.6,8504.6,72.8,67.5,62.4,13189.2,26816.1,13627.0,644.3,6.7,6.1,5.5,1113.4,469.1
2008-07,7925.4,13829.3,5903.9,8952.3,1026.9,3151.6,2124.7,67.8,63.2,58.8,16980.9,8028.6,9585.7,18094.6,8508.9,72.6,67.4,62.4,13205.6,26849.8,13644.2,633.4,6.6,6.2,5.6,1113.7,480.3
2008-08,7946.6,13855.0,5908.3,8978.0,1031.3,3148.3,2117.0,67.9,63.3,58.7,17003.3,8025.3,9603.6,18119.7,8516.1,72.6,67.4,62.3,13221.3,26881.7,13660.4,625.7,6.5,6.2,5.8,1116.4,490.7
2008-09,7910.4,13784.7,5874.3,9005.3,1094.9,3240.8,2145.8,68.0,63.2,58.6,17025.4,8020.1,9669.3,18176.3,8507.0,73.0,67.5,62.2,13239.1,26918.4,13679.3,664.0,6.9,6.3,5.7,1150.9,486.9
2008-10,7919.6,13822.7,5903.2,9011.7,1092.1,3247.8,2155.7,68.0,63.3,58.8,17070.5,8058.8,9684.5,18241.6,8557.1,73.1,67.7,62.5,13254.1,26948.5,13694.4,672.8,6.9,6.4,5.8,1171.1,498.3
2008-11,7897.9,13789.8,5891.9,8954.4,1056.5,3192.9,2136.4,67.5,63.0,58.6,16982.7,8028.3,9662.1,18201.9,8539.8,72.8,67.5,62.3,13268.1,26976.8,13708.7,707.6,7.3,6.7,6.0,1219.2,511.6
2008-12,7883.5,13756.9,5873.3,8928.3,1044.7,3215.4,2170.7,67.2,62.9,58.6,16972.3,8044.0,9653.5,18250.7,8597.2,72.7,67.6,62.7,13281.2,27003.2,13722.0,725.2,7.5,7.0,6.4,1278.4,553.2
2009-01,7776.9,13636.2,5859.3,8826.3,1049.4,3188.5,2139.1,66.4,62.2,58.2,16824.7,7998.4,9641.2,18196.4,8555.2,72.5,67.3,62.3,13294.6,27030.7,13736.1,814.9,8.5,7.5,6.5,1371.7,556.7
2009-02,7685.1,13547.0,5862.0,8762.9,1077.8,3235.3,2157.5,65.8,62.0,58.3,16782.4,8019.5,9662.2,18261.4,8599.2,72.6,67.5,62.5,13309.8,27061.0,13751.2,899.3,9.3,8.1,6.7,1479.0,579.7
2009-03,7653.9,13498.7,5844.9,8743.4,1089.5,3257.6,2168.1,65.6,61.9,58.2,16756.4,8013.0,9670.2,18284.4,8614.2,72.6,67.5,62.6,13324.3,27090.1,13765.8,926.9,9.6,8.4,7.0,1528.0,601.2
2009-04,7630.2,13466.9,5836.7,8707.6,1077.4,3263.9,2186.5,65.3,61.7,58.2,16730.8,8023.2,9644.7,18269.0,8624.2,72.3,67.4,62.6,13339.1,27120.6,13781.4,937.1,9.7,8.4,7.0,1538.2,601.0
2009-05,7623.5,13450.5,5827.1,8723.1,1099.6,3290.2,2190.6,65.3,61.7,58.1,16740.7,8017.6,9682.1,18327.2,8645.2,72.5,67.5,62.7,13355.0,27152.3,13797.4,959.0,9.9,8.7,7.3,1586.5,627.5
2009-06,7633.3,13396.5,5763.3,8714.7,1081.4,3316.1,2234.7,65.2,61.5,57.9,16712.7,7998.0,9685.7,18325.4,8639.7,72.4,67.4,62.5,13375.3,27193.6,13818.2,971.0,10.0,8.8,7.4,1612.7,641.8
2009-07,7664.5,13443.4,5778.9,8731.1,1066.6,3259.5,2192.9,65.2,61.3,57.6,16702.8,7971.7,9693.9,18309.0,8615.0,72.4,67.2,62.3,13392.1,27226.9,13834.8,962.9,9.9,8.8,7.5,1606.2,643.3
2009-08,7635.1,13398.2,5763.1,8714.8,1079.7,3304.6,2224.9,65.0,61.3,57.7,16702.7,7988.0,9676.8,18302.9,8626.1,72.2,67.1,62.3,13408.0,27259.5,13851.4,962.0,9.9,8.7,7.4,1600.2,638.2
2009-09,7641.3,13472.2,5830.9,8712.0,1070.7,3271.6,2200.9,64.9,61.3,57.9,16743.8,8031.8,9658.0,18302.6,8644.6,71.9,67.0,62.3,13426.3,27297.2,13870.9,946.0,9.8,8.5,7.1,1558.8,612.9
2009-10,7688.3,13527.3,5839.0,8757.1,1068.8,3225.9,2157.1,65.2,61.3,57.6,16753.3,7996.2,9694.9,18324.2,8629.3,72.1,67.1,62.1,13440.7,27326.6,13885.8,937.8,9.7,8.6,7.3,1570.9,633.1
2009-11,7686.5,13571.2,5884.7,8775.8,1089.3,3253.5,2164.2,65.2,61.5,57.9,16824.7,8048.9,9709.7,18403.6,8693.8,72.2,67.3,62.5,13453.7,27353.1,13899.3,934.0,9.6,8.6,7.4,1578.9,644.9
2009-12,7665.9,13541.5,5875.6,8755.5,1089.6,3255.9,2166.3,65.0,61.4,57.8,16797.4,8041.9,9698.1,18374.6,8676.6,72.0,67.1,62.4,13465.5,27377.1,13911.6,942.6,9.7,8.6,7.3,1577.2,634.6
2010-01,7702.1,13576.0,5873.9,8759.9,1057.8,3248.9,2191.1,65.0,61.4,57.9,16825.0,8065.0,9663.2,18361.4,8698.2,71.7,67.0,62.5,13478.3,27403.5,13925.2,903.2,9.3,8.4,7.3,1536.4,633.2
2010-02,7698.8,13600.1,5901.3,8758.0,1059.1,3217.9,2158.7,64.9,61.3,57.8,16818.0,8060.0,9661.7,18356.7,8695.0,71.6,66.9,62.4,13492.3,27432.0,13939.7,903.7,9.4,8.4,7.3,1538.7,635.0
2010-03,7733.7,13606.2,5872.5,8793.4,1059.8,3255.5,2195.7,65.1,61.4,57.8,16861.7,8068.3,9692.8,18393.4,8700.6,71.8,67.0,62.4,13506.4,27460.8,13954.4,899.3,9.3,8.3,7.3,1531.7,632.4
2010-04,7752.3,13599.9,5847.6,8845.1,1092.8,3328.6,2235.8,65.4,61.6,57.9,16928.5,8083.4,9717.7,18441.5,8723.8,71.9,67.1,62.4,13521.2,27491.0,13969.8,872.6,9.0,8.2,7.3,1513.0,640.4
2010-05,7771.6,13662.6,5891.0,8846.2,1074.6,3284.2,2209.6,65.4,61.6,57.9,16946.8,8100.6,9731.6,18454.1,8722.5,71.9,67.1,62.4,13536.5,27522.5,13986.0,885.4,9.1,8.2,7.1,1507.3,621.9
2010-06,7804.0,13701.1,5897.1,8895.3,1091.4,3323.5,2232.2,65.6,61.8,58.0,17024.6,8129.3,9748.6,18510.9,8762.3,71.9,67.2,62.6,13556.6,27563.6,14007.0,853.3,8.8,8.0,7.2,1486.3,633.0
2010-07,7749.2,13596.8,5847.6,8910.6,1161.4,3439.7,2278.3,65.6,61.7,57.9,17036.5,8125.9,9785.3,18551.2,8765.9,72.1,67.2,62.5,13573.4,27597.8,14024.4,874.7,8.9,8.2,7.3,1514.7,640.0
2010-08,7795.3,13668.8,5873.5,8936.1,1140.8,3393.3,2252.6,65.7,61.7,57.9,17062.1,8126.0,9805.6,18590.5,8785.0,72.1,67.3,62.6,13591.9,27635.9,14044.0,869.5,8.9,8.2,7.5,1528.5,659.0
2010-09,7824.3,13684.4,5860.1,8948.4,1124.2,3374.1,2249.9,65.8,61.7,57.7,17058.4,8110.0,9799.9,18579.0,8779.0,72.0,67.2,62.4,13605.6,27664.2,14058.6,851.5,8.7,8.2,7.6,1520.6,669.1
2010-10,7817.6,13696.3,5878.7,8926.4,1108.7,3348.0,2239.3,65.5,61.6,57.7,17044.3,8118.0,9752.3,18541.7,8789.5,71.6,67.0,62.5,13618.5,27690.7,14072.1,825.9,8.5,8.1,7.6,1497.4,671.5
2010-11,7865.1,13723.6,5858.4,8963.5,1098.4,3365.9,2267.5,65.8,61.7,57.7,17089.4,8125.9,9785.3,18545.9,8760.6,71.8,66.9,62.2,13630.4,27714.9,14084.5,821.8,8.4,7.9,7.2,1456.5,634.7
2010-12,7863.5,13779.1,5915.7,8983.1,1119.7,3338.2,2218.5,65.9,61.7,57.7,17117.4,8134.2,9802.7,18571.7,8769.0,71.9,67.0,62.2,13641.1,27737.1,14096.0,819.6,8.4,7.8,7.2,1454.4,634.8
2011-01,7871.5,13796.4,5925.0,9008.5,1137.1,3390.8,2253.7,66.0,61.9,58.0,17187.2,8178.7,9823.6,18646.5,8822.9,72.0,67.2,62.5,13651.4,27758.7,14107.2,815.0,8.3,7.8,7.3,1459.2,644.2
2011-02,7864.0,13774.4,5910.4,8999.5,1135.5,3400.4,2264.9,65.9,61.8,57.9,17174.8,8175.3,9818.1,18633.5,8815.4,71.9,67.1,62.4,13662.0,27781.2,14119.2,818.6,8.3,7.8,7.3,1458.7,640.1
2011-03,7907.3,13845.0,5937.7,9029.1,1121.8,3328.7,2206.9,66.0,61.8,57.6,17173.7,8144.5,9853.8,18633.9,8780.1,72.1,67.0,62.1,13673.2,27804.5,14131.4,824.7,8.4,7.8,7.2,1460.2,635.6
2011-04,7908.7,13896.7,5988.0,9047.9,1139.2,3325.4,2186.3,66.1,61.9,57.8,17222.1,8174.2,9859.2,18675.6,8816.4,72.0,67.1,62.3,13685.2,27829.6,14144.3,811.3,8.2,7.8,7.3,1453.5,642.2
2011-05,7880.4,13835.1,5954.7,9028.6,1148.2,3352.4,2204.2,65.9,61.7,57.6,17187.4,8158.9,9835.3,18625.0,8789.7,71.8,66.8,62.1,13700.6,27861.0,14160.4,806.8,8.2,7.7,7.2,1437.6,630.8
2011-06,7907.6,13836.3,5928.7,9056.3,1148.7,3382.5,2233.8,66.0,61.7,57.6,17218.8,8162.5,9861.1,18654.8,8793.7,71.9,66.9,62.0,13713.1,27885.9,14172.8,804.8,8.2,7.7,7.2,1435.9,631.2
2011-07,7939.2,13911.9,5972.8,9079.3,1140.1,3344.4,2204.3,66.1,61.8,57.6,17256.4,8177.1,9854.9,18642.9,8788.0,71.8,66.8,61.9,13727.5,27913.7,14186.3,775.6,7.9,7.4,7.0,1386.6,611.0
2011-08,7973.2,13934.0,5960.8,9092.7,1119.4,3335.4,2215.9,66.1,61.8,57.6,17269.4,8176.7,9856.4,18654.2,8797.8,71.7,66.7,61.9,13745.8,27948.7,14203.0,763.7,7.7,7.4,7.1,1384.8,621.1
2011-09,7981.5,13941.3,5959.8,9108.1,1126.6,3330.7,2204.1,66.2,61.7,57.4,17272.0,8163.8,9876.0,18665.5,8789.5,71.8,66.7,61.8,13759.7,27975.4,14215.7,767.9,7.8,7.5,7.1,1393.6,625.7
2011-10,7976.6,13923.3,5946.7,9103.2,1126.6,3334.7,2208.1,66.1,61.6,57.3,17258.0,8154.8,9871.4,18665.0,8793.7,71.7,66.7,61.8,13773.3,28000.7,14227.4,768.2,7.8,7.5,7.3,1407.0,638.8
2011-11,7975.8,13912.5,5936.7,9084.0,1108.2,3328.8,2220.7,65.9,61.5,57.3,17241.4,8157.4,9861.0,18669.1,8808.1,71.5,66.6,61.9,13786.4,28025.4,14238.9,776.9,7.9,7.6,7.4,1427.7,650.8
2011-12,7980.8,13954.2,5973.5,9072.7,1091.9,3304.0,2212.1,65.7,61.5,57.4,17258.2,8185.5,9865.4,18660.4,8795.0,71.5,66.5,61.7,13799.2,28049.2,14250.0,792.6,8.0,7.5,6.9,1402.2,609.5
2012-01,7972.0,13941.8,5969.8,9075.9,1104.0,3328.3,2224.4,65.7,61.5,57.5,17270.1,8194.2,9873.6,18708.8,8835.2,71.5,66.6,62.0,13812.8,28074.2,14261.4,797.7,8.1,7.7,7.3,1438.7,641.0
2012-02,7955.9,13924.5,5968.6,9061.0,1105.2,3320.6,2215.4,65.5,61.4,57.3,17245.0,8184.0,9846.2,18665.5,8819.2,71.2,66.4,61.8,13826.2,28098.9,14272.8,785.2,8.0,7.6,7.2,1420.5,635.3
2012-03,8020.7,14011.3,5990.6,9114.9,1094.1,3327.4,2233.2,65.9,61.7,57.6,17338.6,8223.8,9876.6,18715.5,8839.0,71.4,66.5,61.9,13839.6,28124.0,14284.4,761.7,7.7,7.4,7.0,1376.9,615.2
2012-04,8049.4,14043.9,5994.6,9162.0,1112.6,3372.3,2259.7,66.1,61.9,57.7,17416.2,8254.3,9929.2,18814.6,8885.4,71.7,66.8,62.1,13857.4,28157.4,14300.0,767.2,7.7,7.4,7.1,1398.4,631.2
2012-05,8052.8,14057.6,6004.7,9176.4,1123.5,3354.6,2231.0,66.2,61.8,57.5,17412.2,8235.8,9961.2,18834.9,8873.7,71.8,66.8,62.0,13872.0,28185.1,14313.1,784.9,7.9,7.6,7.2,1422.7,637.9
2012-06,8061.2,14085.5,6024.3,9174.1,1112.9,3329.2,2216.3,66.1,61.7,57.5,17414.7,8240.6,9942.7,18799.0,8856.3,71.6,66.6,61.8,13888.0,28215.5,14327.4,768.6,7.7,7.4,7.0,1384.3,615.7
2012-07,8064.7,14130.0,6065.3,9173.1,1108.4,3309.8,2201.4,66.0,61.7,57.6,17439.8,8266.8,9946.2,18818.9,8872.7,71.5,66.6,61.9,13907.3,28252.5,14345.2,773.1,7.8,7.3,6.8,1379.1,605.9
2012-08,8093.1,14168.5,6075.4,9192.3,1099.2,3317.5,2218.3,66.0,61.8,57.8,17486.0,8293.7,9976.3,18884.1,8907.9,71.7,66.8,62.0,13920.5,28277.5,14356.9,784.0,7.9,7.4,6.9,1398.1,614.2
2012-09,8094.1,14220.7,6126.6,9208.3,1114.2,3313.8,2199.6,66.1,62.0,57.9,17534.5,8326.2,9991.5,18929.0,8937.4,71.7,66.9,62.2,13933.3,28301.6,14368.4,783.2,7.8,7.4,6.8,1394.5,611.2
2012-10,8092.1,14247.4,6155.2,9199.8,1107.7,3295.9,2188.2,66.0,61.9,58.0,17543.2,8343.4,9990.7,18942.8,8952.1,71.6,66.9,62.3,13946.6,28327.0,14380.4,790.9,7.9,7.4,6.8,1399.6,608.7
2012-11,8095.6,14257.3,6161.7,9198.6,1103.0,3306.5,2203.6,65.9,62.0,58.1,17563.8,8365.2,9981.6,18967.0,8985.4,71.5,66.9,62.4,13959.5,28351.5,14392.0,783.0,7.8,7.4,6.9,1403.2,620.1
2012-12,8135.9,14271.6,6135.7,9241.4,1105.5,3338.0,2232.5,66.1,62.1,58.1,17609.5,8368.1,9997.4,18989.6,8992.2,71.6,66.9,62.4,13971.5,28373.9,14402.4,756.0,7.6,7.3,6.9,1380.1,624.0
2013-01,8113.2,14220.6,6107.5,9235.3,1122.2,3380.0,2257.9,66.0,62.0,58.0,17600.7,8365.3,9982.6,18955.7,8973.1,71.4,66.7,62.3,13985.1,28398.7,14413.6,747.3,7.5,7.1,6.8,1355.0,607.8
2013-02,8154.2,14276.9,6122.7,9292.1,1137.9,3399.2,2261.3,66.4,62.2,58.1,17676.1,8384.0,10014.4,19019.7,9005.3,71.6,66.9,62.4,13994.4,28415.9,14421.5,722.3,7.2,7.1,6.9,1343.5,621.3
2013-03,8118.8,14229.6,6110.8,9252.3,1133.4,3380.8,2247.3,66.1,61.9,57.9,17610.4,8358.1,9999.4,18991.6,8992.2,71.4,66.8,62.3,14007.3,28440.3,14433.0,747.1,7.5,7.3,7.1,1381.2,634.1
2013-04,8132.0,14280.0,6148.0,9272.9,1140.9,3361.4,2220.5,66.1,62.0,57.9,17641.3,8368.4,10033.2,19011.2,8978.0,71.5,66.8,62.1,14024.8,28473.4,14448.6,760.3,7.6,7.2,6.8,1369.9,609.6
2013-05,8183.5,14333.3,6149.8,9311.2,1127.7,3359.2,2231.5,66.3,62.1,58.0,17692.5,8381.3,10065.4,19036.0,8970.6,71.7,66.8,62.0,14039.5,28501.2,14461.8,754.3,7.5,7.1,6.6,1343.5,589.3
2013-06,8145.9,14270.2,6124.4,9294.6,1148.7,3411.9,2263.1,66.1,62.0,57.9,17682.1,8387.5,10057.3,19044.9,8987.6,71.6,66.8,62.1,14054.7,28530.4,14475.6,762.7,7.6,7.2,6.7,1362.9,600.2
2013-07,8133.6,14271.8,6138.2,9280.0,1146.4,3378.3,2231.9,65.9,61.8,57.8,17650.1,8370.1,10053.8,19044.4,8990.6,71.4,66.7,62.0,14072.5,28564.6,14492.1,773.8,7.7,7.3,6.9,1394.3,620.5
2013-08,8109.6,14263.9,6154.3,9276.8,1167.2,3413.9,2246.7,65.9,61.8,57.9,17677.9,8401.0,10057.9,19060.2,9002.2,71.4,66.7,62.1,14084.9,28588.4,14503.5,781.1,7.8,7.3,6.7,1382.3,601.2
2013-09,8123.1,14264.0,6140.8,9285.6,1162.5,3395.6,2233.1,65.9,61.7,57.7,17659.6,8374.0,10040.3,19018.2,8977.8,71.2,66.5,61.8,14099.7,28617.0,14517.3,754.7,7.5,7.1,6.7,1358.6,603.9
2013-10,8132.4,14281.8,6149.4,9290.5,1158.0,3382.6,2224.6,65.8,61.7,57.6,17664.4,8374.0,10070.1,19048.0,8978.0,71.4,66.5,61.8,14111.8,28639.6,14527.8,779.6,7.7,7.3,6.7,1383.6,604.0
2013-11,8138.0,14288.3,6150.3,9305.9,1167.9,3403.0,2235.1,65.9,61.7,57.7,17691.3,8385.4,10081.0,19049.8,8968.7,71.4,66.5,61.7,14122.7,28660.5,14537.8,775.1,7.7,7.1,6.5,1358.4,583.3
2013-12,8120.3,14253.2,6132.9,9284.8,1164.5,3415.7,2251.2,65.7,61.6,57.6,17668.9,8384.1,10087.3,19076.7,8989.4,71.4,66.5,61.8,14133.1,28679.9,14546.8,802.6,8.0,7.4,6.7,1407.8,605.3
2014-01,8141.3,14265.5,6124.2,9297.1,1155.8,3400.9,2245.2,65.7,61.6,57.5,17666.4,8369.4,10075.3,19051.0,8975.8,71.2,66.4,61.7,14143.5,28699.1,14555.6,778.2,7.7,7.3,6.8,1384.6,606.4
2014-02,8147.7,14286.7,6139.0,9294.2,1146.4,3376.0,2229.5,65.7,61.5,57.5,17662.7,8368.5,10074.4,19047.5,8973.1,71.2,66.3,61.6,14152.7,28716.5,14563.8,780.2,7.7,7.3,6.7,1384.8,604.6
2014-03,8137.1,14263.5,6126.4,9317.0,1179.9,3435.9,2256.0,65.8,61.6,57.5,17699.4,8382.4,10076.1,19051.2,8975.1,71.1,66.3,61.6,14165.4,28740.8,14575.3,759.1,7.5,7.1,6.6,1351.8,592.7
2014-04,8129.9,14249.2,6119.3,9305.2,1175.3,3442.1,2266.8,65.6,61.5,57.5,17691.2,8386.1,10065.4,19050.3,8984.9,71.0,66.2,61.6,14181.5,28771.7,14590.2,760.2,7.6,7.1,6.7,1359.0,598.8
2014-05,8127.5,14223.8,6096.3,9291.1,1163.6,3463.9,2300.3,65.5,61.4,57.5,17687.7,8396.6,10065.1,19079.8,9014.7,70.9,66.3,61.7,14195.5,28798.2,14602.7,774.0,7.7,7.3,6.9,1392.1,618.1
2014-06,8186.3,14296.9,6110.6,9307.4,1121.1,3423.6,2302.5,65.5,61.5,57.5,17720.5,8413.1,10081.5,19098.6,9017.0,70.9,66.2,61.7,14213.1,28832.0,14618.9,774.1,7.7,7.2,6.7,1378.1,604.0
2014-07,8150.5,14280.8,6130.3,9331.7,1181.3,3491.1,2309.8,65.6,61.6,57.7,17771.9,8440.2,10100.2,19130.6,9030.4,71.0,66.3,61.7,14226.0,28857.3,14631.4,768.5,7.6,7.1,6.5,1358.7,590.2
2014-08,8150.0,14250.5,6100.4,9333.7,1183.7,3473.2,2289.6,65.6,61.4,57.3,17723.7,8390.0,10087.1,19059.8,8972.8,70.9,66.0,61.3,14236.0,28877.3,14641.4,753.3,7.5,7.0,6.5,1336.1,582.8
2014-09,8190.7,14320.4,6129.7,9344.8,1154.1,3435.6,2281.5,65.6,61.4,57.4,17756.0,8411.2,10114.9,19097.3,8982.4,71.0,66.1,61.3,14247.0,28898.8,14651.7,770.1,7.6,7.0,6.4,1341.4,571.2
2014-10,8195.7,14330.3,6134.6,9375.4,1179.6,3451.8,2272.2,65.8,61.5,57.3,17782.2,8406.8,10109.2,19083.5,8974.3,70.9,66.0,61.2,14254.9,28913.9,14659.0,733.8,7.3,6.8,6.3,1301.4,567.5
2014-11,8182.0,14302.1,6120.1,9373.7,1191.8,3482.4,2290.6,65.7,61.5,57.3,17784.5,8410.7,10096.2,19084.7,8988.5,70.8,66.0,61.3,14263.0,28929.6,14666.7,722.5,7.2,6.8,6.4,1300.2,577.8
2014-12,8217.4,14388.2,6170.8,9424.4,1207.0,3433.5,2226.5,66.0,61.6,57.2,17821.7,8397.2,10130.6,19094.2,8963.5,71.0,66.0,61.1,14270.7,28944.1,14673.5,706.2,7.0,6.7,6.3,1272.5,566.3
2015-01,8188.4,14395.8,6207.4,9393.3,1204.9,3417.3,2212.4,65.8,61.5,57.4,17813.1,8419.8,10121.4,19106.3,8984.9,70.9,66.0,61.2,14275.9,28954.2,14678.3,728.1,7.2,6.8,6.3,1293.2,565.0
2015-02,8208.1,14412.9,6204.7,9384.1,1175.9,3414.3,2238.4,65.7,61.5,57.5,17827.2,8443.1,10139.3,19148.1,9008.8,71.0,66.1,61.4,14282.3,28965.9,14683.6,755.2,7.4,6.9,6.3,1320.8,565.7
2015-03,8218.2,14431.1,6212.9,9395.4,1177.2,3423.0,2245.8,65.7,61.6,57.6,17854.1,8458.7,10144.8,19183.9,9039.1,71.0,66.2,61.5,14290.4,28981.9,14691.5,749.3,7.4,6.9,6.4,1329.8,580.5
2015-04,8233.7,14424.4,6190.7,9376.6,1142.9,3395.0,2252.1,65.6,61.4,57.4,17819.4,8442.8,10137.8,19156.6,9018.8,70.9,66.1,61.4,14299.9,29000.4,14700.5,761.2,7.5,7.0,6.4,1337.2,576.0
2015-05,8246.5,14442.9,6196.4,9397.9,1151.3,3400.8,2249.4,65.7,61.5,57.4,17843.7,8445.8,10158.1,19168.4,9010.4,71.0,66.1,61.3,14310.1,29020.2,14710.2,760.2,7.5,6.9,6.3,1324.7,564.5
2015-06,8272.0,14501.6,6229.6,9415.0,1143.0,3335.1,2192.1,65.7,61.4,57.2,17836.7,8421.6,10166.6,19163.3,8996.7,71.0,66.0,61.1,14324.2,29048.8,14724.6,751.6,7.4,6.9,6.4,1326.6,575.1
2015-07,8279.7,14521.0,6241.3,9421.5,1141.8,3342.3,2200.4,65.7,61.4,57.3,17863.3,8441.8,10189.4,19199.2,9009.9,71.1,66.0,61.1,14337.0,29074.3,14737.2,767.8,7.5,7.0,6.3,1336.0,568.1
2015-08,8279.7,14538.8,6259.1,9432.5,1152.8,3350.2,2197.4,65.7,61.5,57.3,17889.0,8456.5,10216.0,19247.3,9031.3,71.2,66.1,61.2,14349.9,29099.5,14749.6,783.6,7.7,7.1,6.4,1358.3,574.8
2015-09,8259.3,14486.8,6227.5,9428.5,1169.2,3403.4,2234.1,65.6,61.4,57.3,17890.2,8461.7,10210.5,19258.6,9048.1,71.1,66.1,61.3,14365.2,29129.5,14764.3,782.0,7.7,7.1,6.5,1368.4,586.4
2015-10,8268.0,14513.4,6245.4,9435.8,1167.8,3385.7,2217.9,65.6,61.4,57.3,17899.1,8463.2,10206.6,19250.6,9043.9,71.0,66.0,61.2,14376.9,29152.4,14775.5,770.8,7.6,7.0,6.4,1351.5,580.7
2015-11,8245.6,14539.0,6293.4,9400.7,1155.2,3333.6,2178.5,65.3,61.3,57.3,17872.6,8471.9,10191.8,19246.8,9055.0,70.8,66.0,61.2,14387.7,29173.1,14785.4,791.1,7.8,7.1,6.4,1374.2,583.1
2015-12,8238.6,14482.7,6244.1,9387.1,1148.5,3384.7,2236.2,65.2,61.2,57.3,17867.4,8480.3,10200.0,19264.8,9064.8,70.8,66.0,61.3,14398.0,29193.6,14795.5,812.9,8.0,7.3,6.4,1397.4,584.5
2016-01,8213.4,14481.6,6268.3,9385.6,1172.2,3390.0,2217.7,65.1,61.2,57.3,17871.6,8486.0,10195.1,19267.7,9072.5,70.7,65.9,61.3,14411.2,29218.7,14807.5,809.5,7.9,7.2,6.5,1396.1,586.6
2016-02,8226.4,14466.9,6240.5,9402.9,1176.6,3422.2,2245.6,65.2,61.2,57.3,17889.0,8486.1,10223.9,19297.1,9073.2,70.9,66.0,61.2,14426.6,29249.3,14822.7,821.0,8.0,7.3,6.5,1408.1,587.1
2016-03,8219.0,14487.5,6268.5,9381.6,1162.5,3405.3,2242.7,65.0,61.1,57.4,17892.8,8511.2,10196.4,19290.0,9093.5,70.6,65.9,61.3,14439.3,29274.3,14835.0,814.9,8.0,7.2,6.4,1397.2,582.3
2016-04,8208.6,14464.8,6256.2,9394.0,1185.4,3454.9,2269.5,65.0,61.2,57.4,17919.7,8525.7,10214.2,19333.5,9119.3,70.7,66.0,61.4,14451.8,29298.9,14847.1,820.2,8.0,7.3,6.5,1413.8,593.6
2016-05,8224.8,14519.6,6294.8,9428.3,1203.6,3427.8,2224.2,65.2,61.2,57.3,17947.4,8519.0,10209.1,19309.5,9100.4,70.6,65.8,61.2,14469.5,29333.5,14864.0,780.7,7.6,7.1,6.4,1362.1,581.4
2016-06,8200.8,14499.4,6298.6,9420.3,1219.4,3455.1,2235.7,65.0,61.1,57.4,17954.5,8534.3,10198.1,19299.6,9101.5,70.4,65.7,61.2,14485.7,29366.1,14880.5,777.8,7.6,7.0,6.2,1345.1,567.2
2016-07,8212.2,14472.3,6260.2,9431.7,1219.5,3470.9,2251.3,65.0,61.0,57.1,17943.2,8511.5,10204.6,19290.0,9085.3,70.4,65.6,61.0,14503.8,29400.7,14896.9,773.0,7.6,7.0,6.3,1346.8,573.8
2016-08,8226.3,14530.7,6304.4,9457.1,1230.9,3463.5,2232.6,65.1,61.1,57.2,17994.2,8537.1,10232.3,19329.1,9096.7,70.5,65.7,61.0,14521.1,29436.7,14915.7,775.2,7.6,6.9,6.2,1334.9,559.7
2016-09,8220.5,14525.6,6305.2,9476.4,1255.9,3506.9,2251.0,65.2,61.2,57.3,18032.5,8556.1,10256.5,19385.3,9128.8,70.6,65.8,61.1,14535.8,29465.7,14929.9,780.1,7.6,7.0,6.3,1352.7,572.6
2016-10,8222.9,14490.3,6267.4,9479.2,1256.2,3561.0,2304.7,65.2,61.2,57.4,18051.2,8572.1,10250.7,19392.2,9141.5,70.5,65.8,61.2,14549.7,29492.9,14943.3,771.6,7.5,6.9,6.2,1341.0,569.4
2016-11,8245.5,14511.1,6265.6,9502.6,1257.1,3564.9,2307.8,65.3,61.2,57.3,18076.0,8573.4,10271.4,19402.5,9131.1,70.5,65.7,61.1,14562.7,29518.3,14955.6,768.7,7.5,6.8,6.1,1326.5,557.7
2016-12,8267.0,14558.2,6291.2,9525.8,1258.8,3545.8,2287.0,65.4,61.3,57.3,18104.0,8578.2,10288.4,19453.1,9164.6,70.6,65.8,61.2,14575.0,29542.6,14967.5,762.6,7.4,6.9,6.4,1349.1,586.4
2017-01,8285.1,14581.5,6296.4,9543.3,1258.3,3591.0,2332.8,65.4,61.4,57.6,18172.5,8629.2,10310.3,19511.5,9201.2,70.7,66.0,61.4,14591.7,29575.4,14983.7,767.0,7.4,6.9,6.2,1339.1,572.1
2017-02,8292.8,14669.4,6376.6,9580.9,1288.2,3547.2,2259.0,65.6,61.5,57.6,18216.6,8635.6,10318.7,19512.4,9193.7,70.7,65.9,61.3,14604.7,29601.2,14996.5,737.8,7.2,6.6,6.1,1295.8,558.1
2017-03,8291.1,14677.2,6386.0,9595.0,1303.8,3564.3,2260.5,65.6,61.6,57.6,18241.5,8646.5,10346.6,19549.1,9202.6,70.8,66.0,61.3,14620.6,29632.8,15012.1,751.6,7.3,6.7,6.0,1307.7,556.1
2017-04,8318.6,14711.4,6392.8,9622.7,1304.1,3560.3,2256.2,65.7,61.6,57.6,18271.6,8648.9,10349.9,19544.7,9194.8,70.7,65.9,61.2,14636.7,29664.6,15027.9,727.2,7.0,6.5,5.9,1273.0,545.9
2017-05,8344.2,14765.6,6421.4,9627.9,1283.7,3547.3,2263.6,65.7,61.6,57.7,18312.9,8685.0,10378.0,19615.7,9237.7,70.8,66.0,61.4,14657.1,29705.0,15047.9,750.1,7.2,6.6,6.0,1302.8,552.7
2017-06,8377.8,14805.8,6428.0,9648.6,1270.8,3565.6,2294.8,65.8,61.8,57.9,18371.4,8722.8,10365.9,19647.3,9281.4,70.6,66.1,61.6,14674.4,29739.5,15065.1,717.2,6.9,6.5,6.0,1275.9,558.6
2017-07,8415.4,14878.6,6463.2,9678.9,1263.4,3538.3,2274.9,65.9,61.9,57.9,18416.9,8738.1,10365.1,19653.7,9288.5,70.5,66.0,61.6,14693.3,29776.2,15083.0,686.2,6.6,6.3,5.9,1236.7,550.5
2017-08,8451.6,14802.6,6351.0,9710.9,1259.3,3633.8,2374.5,66.0,61.8,57.8,18436.4,8725.5,10388.1,19661.7,9273.7,70.6,65.9,61.4,14716.7,29821.4,15104.6,677.2,6.5,6.2,5.9,1225.3,548.1
2017-09,8477.5,14920.4,6442.9,9697.0,1219.4,3522.1,2302.7,65.8,61.8,57.8,18442.5,8745.5,10390.9,19668.0,9277.1,70.5,65.9,61.4,14734.8,29855.7,15120.8,693.9,6.7,6.2,5.7,1225.5,531.5
2017-10,8498.1,14940.2,6442.1,9731.7,1233.6,3534.9,2301.3,66.0,61.8,57.8,18475.1,8743.4,10424.1,19721.9,9297.8,70.7,66.0,61.4,14752.5,29889.3,15136.7,692.4,6.6,6.3,6.0,1246.8,554.3
2017-11,8519.4,14991.0,6471.6,9775.1,1255.7,3559.6,2303.9,66.2,62.0,57.9,18550.5,8775.4,10447.9,19766.2,9318.4,70.7,66.1,61.5,14769.6,29921.7,15152.1,672.8,6.4,6.2,5.8,1215.7,543.0
2017-12,8526.8,15007.8,6481.0,9813.7,1287.0,3611.9,2325.0,66.4,62.2,58.1,18619.7,8806.0,10482.0,19818.0,9336.0,70.9,66.2,61.6,14786.2,29953.3,15167.1,668.3,6.4,6.0,5.7,1198.3,530.0
2018-01,8558.0,15067.7,6509.8,9799.8,1241.8,3509.1,2267.3,66.2,61.9,57.8,18576.8,8777.1,10448.6,19745.7,9297.2,70.6,65.8,61.2,14809.3,29996.8,15187.6,648.8,6.2,5.9,5.6,1168.9,520.1
2018-02,8548.0,15032.6,6484.6,9791.6,1243.6,3537.7,2294.1,66.0,61.8,57.7,18570.3,8778.7,10452.7,19758.5,9305.8,70.5,65.8,61.2,14825.5,30027.7,15202.2,661.2,6.3,6.0,5.7,1188.3,527.1
2018-03,8591.0,15118.7,6527.8,9828.7,1237.8,3511.4,2273.6,66.2,62.0,57.8,18630.1,8801.4,10474.7,19785.1,9310.4,70.6,65.8,61.2,14844.9,30065.1,15220.2,645.9,6.2,5.8,5.5,1155.0,509.1
2018-04,8617.9,15161.9,6544.0,9811.4,1193.6,3451.1,2257.5,66.0,61.8,57.7,18613.0,8801.5,10455.3,19757.1,9301.8,70.3,65.6,61.0,14869.7,30112.8,15243.1,643.9,6.2,5.8,5.4,1144.1,500.3
2018-05,8587.1,15115.3,6528.2,9814.3,1227.2,3506.4,2279.2,65.9,61.8,57.7,18621.7,8807.4,10448.9,19781.9,9333.0,70.2,65.6,61.2,14890.3,30152.1,15261.8,634.6,6.1,5.9,5.6,1160.2,525.6
2018-06,8607.0,15142.6,6535.6,9852.3,1245.3,3535.0,2289.7,66.1,61.9,57.8,18677.6,8825.3,10500.9,19861.2,9360.3,70.4,65.8,61.3,14911.8,30193.1,15281.3,648.6,6.2,6.0,5.7,1183.6,535.0
2018-07,8622.0,15191.0,6569.0,9856.2,1234.2,3573.0,2338.7,66.0,62.0,58.2,18763.9,8907.7,10512.5,19936.4,9423.8,70.4,65.9,61.6,14936.4,30241.0,15304.6,656.3,6.2,5.9,5.5,1172.4,516.1
2018-08,8594.7,15199.2,6604.4,9810.2,1215.5,3505.5,2290.0,65.6,61.8,58.1,18704.7,8894.4,10467.8,19900.9,9433.2,70.0,65.7,61.6,14952.6,30273.2,15320.6,657.5,6.3,6.0,5.7,1196.2,538.7
2018-09,8617.9,15197.5,6579.6,9883.8,1265.9,3600.0,2334.1,66.0,62.0,58.1,18797.5,8913.7,10506.3,19948.1,9441.8,70.2,65.8,61.6,14968.8,30305.2,15336.4,622.5,5.9,5.8,5.6,1150.6,528.2
2018-10,8620.6,15254.1,6633.4,9879.8,1259.2,3560.9,2301.7,65.9,62.0,58.2,18814.9,8935.2,10496.6,19933.4,9436.8,70.0,65.7,61.5,14985.2,30337.3,15352.1,616.8,5.9,5.6,5.3,1118.4,501.7
2018-11,8669.9,15289.6,6619.7,9922.6,1252.8,3579.9,2327.1,66.2,62.1,58.2,18869.4,8946.8,10551.1,20006.0,9454.9,70.3,65.9,61.5,15000.0,30366.4,15366.4,628.4,6.0,5.7,5.4,1136.5,508.1
2018-12,8682.4,15300.3,6617.9,9930.5,1248.0,3592.4,2344.4,66.1,62.2,58.3,18892.8,8962.3,10554.1,20022.6,9468.5,70.3,65.9,61.6,15014.2,30393.7,15379.5,623.6,5.9,5.6,5.3,1129.8,506.2
2019-01,8664.2,15281.4,6617.2,9956.3,1292.1,3639.1,2347.1,66.2,62.2,58.2,18920.5,8964.2,10602.6,20068.3,9465.7,70.5,66.0,61.5,15031.7,30427.8,15396.1,646.3,6.1,5.7,5.3,1147.8,501.5
2019-02,8684.3,15339.1,6654.8,9963.0,1278.7,3626.6,2348.0,66.2,62.3,58.4,18965.7,9002.7,10631.9,20130.7,9498.8,70.7,66.1,61.7,15043.7,30450.9,15407.2,669.0,6.3,5.8,5.2,1165.0,496.1
2019-03,8704.7,15345.2,6640.5,9969.4,1264.7,3587.7,2323.1,66.2,62.1,58.1,18932.9,8963.5,10628.3,20109.1,9480.9,70.6,66.0,61.5,15058.6,30479.8,15421.3,658.9,6.2,5.8,5.5,1176.2,517.3
2019-04,8720.6,15410.3,6689.6,10034.8,1314.1,3643.5,2329.3,66.5,62.4,58.4,19053.7,9019.0,10680.0,20208.2,9528.3,70.8,66.2,61.7,15078.9,30519.6,15440.7,645.2,6.0,5.7,5.3,1154.5,509.3
2019-05,8714.3,15433.9,6719.6,10026.4,1312.2,3633.4,2321.3,66.4,62.4,58.5,19067.3,9040.9,10659.4,20170.4,9511.0,70.6,66.0,61.5,15096.7,30554.4,15457.8,632.9,5.9,5.5,4.9,1103.1,470.1
2019-06,8712.3,15462.4,6750.1,10026.4,1314.0,3616.2,2302.1,66.3,62.4,58.5,19078.6,9052.2,10671.4,20199.9,9528.4,70.6,66.0,61.6,15116.3,30593.1,15476.8,645.1,6.0,5.6,5.0,1121.2,476.2
2019-07,8725.3,15465.2,6739.9,10045.4,1320.2,3607.2,2287.1,66.3,62.2,58.2,19072.4,9027.0,10700.4,20234.5,9534.1,70.7,66.0,61.5,15145.2,30649.4,15504.2,655.0,6.1,5.7,5.3,1162.0,507.1
2019-08,8754.5,15513.8,6759.3,10071.7,1317.1,3620.1,2302.9,66.4,62.3,58.4,19133.9,9062.3,10739.3,20300.2,9561.0,70.8,66.1,61.6,15168.4,30694.3,15525.9,667.6,6.2,5.7,5.2,1166.3,498.7
2019-09,8763.2,15534.5,6771.3,10071.9,1308.7,3608.3,2299.6,66.3,62.3,58.3,19142.8,9070.9,10692.3,20282.2,9589.9,70.4,66.0,61.7,15195.7,30747.6,15551.9,620.4,5.8,5.6,5.4,1139.4,519.0
2019-10,8760.6,15503.3,6742.7,10061.1,1300.5,3627.6,2327.1,66.1,62.1,58.2,19130.9,9069.8,10691.8,20274.5,9582.8,70.3,65.8,61.5,15218.7,30791.8,15573.1,630.7,5.9,5.6,5.4,1143.6,512.9
2019-11,8733.7,15470.4,6736.7,10043.4,1309.7,3626.4,2316.7,65.9,61.9,58.1,19096.8,9053.4,10708.6,20293.7,9585.2,70.3,65.8,61.5,15239.9,30832.4,15592.5,665.1,6.2,5.9,5.5,1197.0,531.8
2019-12,8776.5,15556.6,6780.1,10089.8,1313.3,3629.9,2316.6,66.1,62.2,58.3,19186.5,9096.7,10729.5,20326.2,9596.7,70.3,65.8,61.5,15259.1,30868.9,15609.8,639.7,6.0,5.6,5.2,1139.7,500.0
2020-01,8804.4,15578.3,6773.9,10096.6,1292.2,3626.4,2334.2,66.1,62.1,58.3,19204.7,9108.1,10704.0,20326.2,9622.2,70.1,65.8,61.6,15279.2,30907.3,15628.1,607.4,5.7,5.5,5.3,1121.5,514.1
2020-02,8847.6,15607.0,6759.5,10119.8,1272.2,3595.9,2323.6,66.1,62.1,58.1,19202.9,9083.1,10778.2,20384.8,9606.6,70.4,65.9,61.4,15299.1,30945.1,15646.0,658.4,6.1,5.8,5.4,1182.0,523.5
2020-03,8611.6,15076.9,6465.3,9673.9,1062.3,2981.2,1918.9,63.1,58.3,53.5,18058.2,8384.2,10482.8,19725.2,9242.4,68.4,63.7,59.0,15321.8,30988.3,15666.6,808.9,7.7,8.5,9.3,1667.0,858.1
2020-04,7705.6,13612.9,5907.4,8586.1,880.6,2472.9,1592.3,56.0,51.9,47.8,16085.8,7499.7,9900.2,18631.6,8731.4,64.6,60.1,55.7,15336.0,31014.2,15678.2,1314.0,13.3,13.7,14.1,2545.7,1231.7
2020-05,7885.1,13870.2,5985.1,8813.8,928.7,2540.5,1611.8,57.4,52.9,48.4,16410.7,7596.8,10257.4,19131.2,8873.7,66.8,61.6,56.6,15348.6,31037.6,15689.0,1443.6,14.1,14.2,14.4,2720.5,1276.9
2020-06,8245.0,14459.3,6214.3,9328.2,1083.2,3010.1,1926.8,60.7,56.2,51.8,17469.4,8141.1,10645.4,19977.7,9332.3,69.3,64.3,59.4,15366.1,31070.8,15704.7,1317.2,12.4,12.6,12.8,2508.3,1191.1
2020-07,8281.0,14580.9,6299.9,9495.2,1214.2,3314.6,2100.4,61.7,57.5,53.4,17895.5,8400.3,10742.9,20094.0,9351.1,69.8,64.6,59.5,15381.9,31100.2,15718.2,1247.7,11.6,10.9,10.2,2198.4,950.8
2020-08,8368.2,14714.9,6346.7,9604.1,1235.9,3414.4,2178.5,62.4,58.2,54.2,18129.3,8525.2,10768.9,20164.1,9395.2,69.9,64.8,59.7,15396.1,31126.0,15729.8,1164.7,10.8,10.1,9.3,2034.8,870.1
2020-09,8550.5,15079.5,6529.0,9795.6,1245.1,3476.5,2231.3,63.6,59.6,55.6,18555.9,8760.3,10829.6,20418.3,9588.6,70.3,65.5,60.9,15411.8,31154.4,15742.6,1034.0,9.5,9.1,8.6,1862.3,828.3
2020-10,8503.0,15062.3,6559.3,9810.4,1307.4,3554.1,2246.7,63.6,59.7,55.9,18616.4,8806.0,10830.8,20451.5,9620.6,70.2,65.6,61.1,15421.7,31172.3,15750.6,1020.4,9.4,9.0,8.5,1835.1,814.6
2020-11,8555.6,15189.6,6634.0,9820.0,1264.3,3460.4,2196.1,63.6,59.8,56.0,18650.0,8830.1,10785.8,20406.8,9621.0,69.9,65.4,61.1,15429.1,31185.8,15756.7,965.8,9.0,8.6,8.2,1756.7,790.9
2020-12,8593.7,15217.5,6623.7,9815.9,1222.1,3374.2,2152.1,63.6,59.6,55.7,18591.7,8775.8,10783.4,20404.4,9621.0,69.9,65.4,61.0,15433.3,31193.7,15760.4,967.5,9.0,8.9,8.8,1812.7,845.2
2021-01,8603.0,15205.6,6602.6,9763.1,1160.1,3186.5,2026.5,63.2,58.9,54.7,18392.1,8629.1,10720.8,20255.6,9534.7,69.4,64.9,60.5,15439.2,31203.9,15764.7,957.8,8.9,9.2,9.5,1863.4,905.6
2021-02,8632.8,15298.9,6666.1,9874.1,1241.3,3333.1,2091.8,63.9,59.7,55.5,18632.0,8757.9,10765.3,20361.0,9595.7,69.7,65.2,60.8,15448.5,31221.9,15773.4,891.2,8.3,8.5,8.7,1729.0,837.8
2021-03,8706.8,15454.3,6747.5,9989.2,1282.4,3418.7,2136.3,64.6,60.4,56.3,18873.0,8883.8,10838.0,20449.9,9611.9,70.1,65.5,60.9,15455.6,31235.6,15780.0,848.8,7.8,7.7,7.6,1576.9,728.1
2021-04,8670.3,15372.5,6702.2,9891.1,1220.9,3301.3,2080.4,64.0,59.8,55.6,18673.8,8782.7,10773.7,20350.9,9577.2,69.7,65.1,60.7,15462.0,31248.1,15786.1,882.6,8.2,8.2,8.3,1677.1,794.5
2021-05,8667.3,15337.7,6670.4,9884.1,1216.8,3285.9,2069.1,63.9,59.6,55.3,18623.6,8739.5,10759.0,20304.8,9545.8,69.6,65.0,60.4,15468.4,31260.4,15792.0,874.9,8.1,8.3,8.4,1681.2,806.3
2021-06,8680.4,15384.3,6703.9,9962.1,1281.8,3510.1,2228.3,64.3,60.4,56.5,18894.4,8932.2,10857.2,20514.4,9657.2,70.1,65.6,61.1,15482.2,31287.5,15805.3,895.0,8.2,7.9,7.5,1620.0,724.9
2021-07,8670.2,15441.1,6770.9,10025.5,1355.2,3575.4,2220.1,64.7,60.7,56.8,19016.5,8991.0,10884.6,20540.5,9655.9,70.2,65.6,61.0,15497.4,31318.8,15821.4,859.1,7.9,7.4,6.9,1524.0,664.9
2021-08,8699.4,15507.5,6808.1,10044.0,1344.6,3574.2,2229.6,64.7,60.8,57.0,19081.7,9037.7,10861.1,20548.8,9687.7,70.0,65.5,61.1,15516.4,31359.5,15843.1,817.1,7.5,7.1,6.7,1467.1,650.0
2021-09,8759.9,15692.0,6932.1,10114.4,1354.6,3559.1,2204.5,65.1,61.3,57.6,19251.1,9136.7,10916.8,20705.6,9788.8,70.3,66.0,61.7,15532.2,31393.0,15860.8,802.3,7.3,7.0,6.7,1454.5,652.2
2021-10,8785.8,15728.7,6942.9,10146.5,1360.7,3559.4,2198.7,65.2,61.4,57.6,19288.1,9141.6,10873.5,20624.4,9750.8,69.9,65.6,61.4,15551.5,31432.6,15881.1,727.0,6.7,6.5,6.2,1336.2,609.2
2021-11,8823.9,15801.1,6977.1,10208.2,1384.3,3636.2,2251.9,65.6,61.8,58.0,19437.3,9229.1,10922.5,20699.4,9776.9,70.1,65.8,61.5,15572.9,31475.9,15903.0,714.3,6.5,6.1,5.6,1262.2,547.9
2021-12,8956.5,15920.8,6964.3,10263.5,1307.0,3588.0,2281.0,65.8,61.9,58.1,19508.8,9245.3,10926.9,20741.2,9814.3,70.1,65.8,61.6,15594.2,31518.9,15924.6,663.4,6.1,5.9,5.8,1232.4,569.0
2022-01,8943.6,15870.3,6926.7,10172.6,1229.1,3435.1,2206.0,65.2,61.2,57.3,19305.4,9132.7,10860.9,20630.7,9769.8,69.6,65.4,61.3,15614.0,31559.4,15945.4,688.3,6.3,6.4,6.5,1325.4,637.1
2022-02,9013.4,16030.5,7017.0,10301.5,1288.1,3598.6,2310.4,65.9,62.1,58.4,19629.0,9327.5,10932.3,20764.7,9832.4,69.9,65.7,61.6,15634.0,31600.5,15966.5,630.8,5.8,5.5,5.1,1135.6,504.9
2022-03,9036.2,16037.3,7001.1,10334.2,1298.0,3610.5,2312.5,66.0,62.1,58.3,19647.8,9313.6,10907.0,20762.7,9855.7,69.7,65.6,61.6,15654.7,31642.1,15987.4,572.8,5.3,5.4,5.5,1114.9,542.1
2022-04,9046.9,16084.2,7037.4,10359.3,1312.4,3625.4,2313.0,66.1,62.2,58.4,19709.7,9350.4,10968.5,20826.2,9857.7,70.0,65.7,61.6,15675.3,31683.5,16008.2,609.2,5.6,5.4,5.1,1116.5,507.4
2022-05,9074.3,16210.3,7136.0,10343.6,1269.3,3553.1,2283.8,65.9,62.3,58.8,19763.4,9419.8,10944.7,20847.5,9902.8,69.7,65.7,61.8,15700.3,31733.2,16032.9,601.1,5.5,5.2,4.9,1084.2,483.1
2022-06,9078.9,16212.3,7133.4,10345.0,1266.2,3538.5,2272.4,65.8,62.1,58.6,19750.8,9405.8,10903.0,20778.2,9875.1,69.3,65.4,61.5,15725.0,31781.7,16056.7,558.0,5.1,4.9,4.8,1027.4,469.4
2022-07,9127.3,16246.6,7119.3,10382.2,1254.9,3540.9,2286.0,65.9,62.2,58.5,19787.5,9405.3,10930.7,20794.5,9863.9,69.4,65.3,61.3,15751.5,31834.3,16082.8,548.5,5.0,4.8,4.6,1007.1,458.6
2022-08,9115.7,16217.1,7101.3,10399.2,1283.5,3564.1,2280.7,65.9,62.0,58.2,19781.2,9382.0,10980.9,20865.1,9884.3,69.6,65.4,61.3,15781.9,31894.0,16112.2,581.7,5.3,5.2,5.1,1083.9,502.2
2022-09,9115.6,16212.3,7096.7,10397.4,1281.8,3583.8,2302.0,65.8,62.0,58.2,19796.1,9398.7,10972.9,20862.7,9889.8,69.4,65.3,61.3,15809.7,31948.3,16138.6,575.5,5.2,5.1,5.0,1066.6,491.1
2022-10,9168.2,16269.8,7101.6,10442.0,1273.8,3613.1,2339.2,65.9,62.1,58.4,19882.8,9440.8,11000.2,20955.3,9955.1,69.4,65.5,61.6,15839.2,32005.2,16166.0,558.2,5.1,5.1,5.2,1072.5,514.3
2022-11,9199.7,16345.9,7146.2,10457.3,1257.7,3577.9,2320.2,65.9,62.1,58.5,19923.8,9466.4,11041.3,20982.5,9941.2,69.6,65.5,61.4,15867.3,32058.7,16191.3,584.0,5.3,5.0,4.8,1058.7,474.8
2022-12,9187.5,16426.8,7239.3,10499.4,1311.9,3571.7,2259.8,66.1,62.3,58.6,19998.5,9499.1,11073.2,21049.6,9976.4,69.7,65.6,61.5,15895.6,32111.8,16216.3,573.8,5.2,5.0,4.8,1051.1,477.3
2023-01,9239.2,16523.6,7284.5,10557.1,1317.9,3589.9,2272.0,66.2,62.5,58.8,20113.5,9556.4,11145.2,21193.4,10048.2,69.9,65.8,61.8,15935.3,32187.9,16252.6,588.2,5.3,5.1,4.9,1079.9,491.8
2023-02,9244.2,16560.5,7316.3,10571.5,1327.3,3592.8,2265.5,66.2,62.5,58.8,20153.3,9581.8,11155.7,21240.6,10084.8,69.8,65.8,61.9,15978.9,32270.6,16291.7,584.2,5.2,5.1,5.0,1087.2,503.1
2023-03,9292.5,16614.7,7322.1,10612.8,1320.3,3599.5,2279.2,66.2,62.5,58.8,20214.1,9601.3,11190.1,21284.2,10094.1,69.8,65.8,61.8,16023.8,32355.3,16331.4,577.3,5.2,5.0,4.9,1070.1,492.8
2023-04,9295.5,16621.7,7326.1,10640.8,1345.3,3636.1,2290.8,66.2,62.5,58.8,20257.8,9617.0,11235.8,21337.7,10102.0,69.9,65.8,61.7,16064.8,32432.5,16367.7,594.9,5.3,5.1,4.8,1080.0,485.0
2023-05,9293.9,16604.6,7310.8,10647.9,1354.0,3642.1,2288.1,66.1,62.3,58.5,20246.7,9598.8,11239.0,21358.5,10119.5,69.7,65.7,61.7,16113.6,32524.6,16411.0,591.1,5.3,5.2,5.1,1111.8,520.7
2023-06,9350.0,16718.2,7368.2,10720.3,1370.4,3614.7,2244.4,66.3,62.3,58.4,20332.9,9612.6,11334.2,21486.3,10152.1,70.1,65.9,61.7,16163.0,32617.0,16454.0,613.9,5.4,5.4,5.3,1153.4,539.5
2023-07,9341.3,16724.2,7382.9,10714.8,1373.6,3627.9,2254.3,66.1,62.2,58.4,20352.1,9637.3,11334.1,21527.4,10193.3,69.9,65.8,61.8,16212.8,32710.3,16497.5,619.3,5.5,5.5,5.5,1175.3,556.0
2023-08,9397.9,16798.8,7400.9,10745.8,1347.9,3613.3,2265.4,66.1,62.2,58.4,20412.1,9666.3,11374.5,21589.5,10215.0,69.9,65.8,61.7,16264.9,32808.3,16543.4,628.7,5.5,5.5,5.4,1177.3,548.7
2023-09,9393.2,16791.4,7398.2,10771.8,1378.6,3673.8,2295.3,66.0,62.2,58.5,20465.3,9693.5,11423.2,21657.2,10234.0,70.0,65.8,61.7,16312.3,32896.0,16583.7,651.4,5.7,5.5,5.3,1191.9,540.5
2023-10,9405.7,16817.4,7411.8,10803.8,1398.1,3676.5,2278.4,66.0,62.1,58.3,20493.9,9690.2,11487.7,21734.6,10246.8,70.2,65.9,61.6,16362.0,32987.7,16625.7,684.0,6.0,5.7,5.4,1240.6,556.7
2023-11,9403.9,16839.6,7435.7,10819.4,1415.6,3678.9,2263.4,65.9,62.0,58.2,20518.5,9699.1,11506.3,21763.6,10257.3,70.1,65.8,61.5,16411.0,33077.9,16666.9,686.9,6.0,5.7,5.4,1245.1,558.2
2023-12,9439.2,16853.6,7414.4,10829.5,1390.3,3679.3,2289.0,65.8,61.9,58.1,20532.8,9703.3,11519.7,21797.4,10277.7,70.0,65.7,61.5,16460.1,33168.3,16708.2,690.2,6.0,5.8,5.6,1264.6,574.4
2024-01,9416.8,16840.8,7423.9,10857.7,1440.9,3736.3,2295.4,65.7,61.8,58.0,20577.1,9719.4,11520.6,21817.2,10296.5,69.7,65.6,61.4,16517.9,33276.5,16758.5,662.9,5.8,5.7,5.6,1240.1,577.1
2024-02,9470.5,16902.6,7432.2,10876.6,1406.1,3705.1,2298.9,65.6,61.7,57.9,20607.7,9731.1,11589.3,21894.8,10305.6,69.9,65.6,61.3,16570.2,33373.5,16803.3,712.7,6.1,5.9,5.6,1287.1,574.5
2024-03,9457.9,16896.9,7439.0,10867.5,1409.7,3717.7,2308.0,65.4,61.6,57.9,20614.5,9747.0,11621.4,21956.9,10335.4,69.9,65.6,61.3,16622.2,33469.5,16847.4,753.9,6.5,6.1,5.7,1342.3,588.4
2024-04,9545.9,16953.9,7408.0,10944.0,1398.1,3746.6,2348.5,65.6,61.6,57.7,20700.5,9756.5,11681.8,22060.1,10378.4,70.0,65.7,61.4,16681.0,33578.9,16897.9,737.8,6.3,6.2,6.0,1359.6,621.9
2024-05,9488.2,16909.0,7420.8,10921.6,1433.4,3789.3,2355.9,65.2,61.4,57.7,20698.3,9776.7,11681.4,22081.9,10400.5,69.8,65.6,61.4,16738.5,33685.5,16947.0,759.8,6.5,6.3,6.0,1383.7,623.8
2024-06,9509.1,16919.7,7410.7,10917.3,1408.2,3796.2,2388.0,65.0,61.3,57.7,20715.9,9798.6,11707.7,22140.4,10432.8,69.7,65.5,61.4,16794.1,33788.3,16994.2,790.4,6.8,6.4,6.1,1424.5,634.1
2024-07,9528.0,16978.1,7450.1,10923.9,1395.9,3734.8,2338.9,64.8,61.1,57.4,20712.9,9789.0,11718.1,22138.2,10420.1,69.5,65.3,61.1,16853.4,33899.8,17046.4,794.2,6.8,6.4,6.1,1425.3,631.1
2024-08,9500.8,16940.1,7439.3,10932.8,1432.0,3802.5,2370.5,64.7,61.0,57.4,20742.6,9809.8,11773.1,22220.9,10447.8,69.6,65.4,61.1,16904.5,33995.1,17090.7,840.3,7.1,6.7,6.1,1478.3,638.0
2024-09,9531.9,17032.1,7500.1,10950.4,1418.5,3747.2,2328.7,64.6,61.0,57.4,20779.3,9828.9,11785.6,22237.6,10452.0,69.5,65.2,61.0,16953.2,34089.8,17136.6,835.2,7.1,6.6,6.0,1458.3,623.1
2024-10,9548.7,17038.7,7490.0,10964.1,1415.5,3743.9,2328.5,64.5,60.8,57.2,20782.6,9818.5,11798.9,22259.0,10460.0,69.4,65.2,60.9,16991.4,34163.7,17172.3,834.8,7.1,6.6,6.1,1476.3,641.5
2024-11,9595.2,17091.6,7496.4,10998.7,1403.5,3734.8,2331.3,64.6,60.9,57.1,20826.4,9827.7,11859.5,22367.0,10507.6,69.7,65.4,61.1,17023.0,34225.2,17202.2,860.8,7.3,6.9,6.5,1540.6,679.8
2024-12,9646.0,17150.7,7504.7,11059.3,1413.3,3766.6,2353.3,64.9,61.0,57.2,20917.4,9858.0,11886.3,22422.8,10536.6,69.7,65.4,61.1,17053.5,34285.1,17231.5,827.0,7.0,6.7,6.4,1505.5,678.5
2025-01,9679.9,17185.9,7506.1,11091.2,1411.4,3807.5,2396.1,64.9,61.1,57.4,20993.4,9902.2,11901.5,22484.0,10582.5,69.7,65.5,61.3,17081.4,34340.8,17259.4,810.2,6.8,6.6,6.4,1490.6,680.3
2025-02,9658.5,17166.2,7507.7,11093.2,1434.7,3828.3,2393.6,64.9,61.1,57.3,20994.5,9901.4,11913.7,22467.2,10553.5,69.6,65.3,61.1,17105.1,34388.2,17283.1,820.5,6.9,6.6,6.2,1472.7,652.2
2025-03,9608.8,17104.2,7495.4,11046.0,1437.2,3857.8,2420.5,64.5,60.9,57.3,20961.9,9915.9,11880.1,22470.7,10590.6,69.3,65.2,61.2,17131.0,34440.0,17309.0,834.1,7.0,6.7,6.4,1508.8,674.7
2025-04,9627.5,17135.7,7508.2,11089.7,1462.2,3833.6,2371.4,64.6,60.8,57.0,20969.3,9879.6,11939.9,22517.4,10577.5,69.6,65.3,61.0,17157.2,34493.6,17336.4,850.2,7.1,6.9,6.6,1548.1,697.9
2025-05,9656.0,17193.4,7537.3,11080.8,1424.7,3784.8,2360.0,64.5,60.8,57.0,20978.1,9897.4,11956.1,22552.7,10596.6,69.6,65.3,61.1,17175.2,34530.6,17355.4,875.4,7.3,7.0,6.6,1574.6,699.2
2025-06,9665.1,17206.9,7541.8,11130.4,1465.3,3854.3,2389.0,64.7,60.9,57.1,21061.2,9930.8,11991.6,22613.7,10622.1,69.7,65.4,61.1,17197.6,34577.2,17379.6,861.1,7.2,6.9,6.5,1552.5,691.3
2025-07,9619.2,17155.9,7536.6,11097.7,1478.5,3864.6,2386.1,64.5,60.7,57.0,21020.4,9922.7,11987.5,22580.7,10593.2,69.6,65.2,60.9,17215.4,34614.8,17399.4,889.7,7.4,6.9,6.3,1560.2,670.5
2025-08,9599.7,17149.9,7550.3,11052.8,1453.1,3804.9,2351.8,64.2,60.5,56.9,20954.9,9902.1,11962.5,22549.5,10587.0,69.4,65.1,60.8,17228.9,34644.2,17415.3,909.7,7.6,7.1,6.5,1594.6,684.9
2025-09,9692.3,17256.0,7563.7,11103.6,1411.3,3759.3,2348.0,64.4,60.6,56.9,21015.3,9911.7,11985.0,22621.8,10636.8,69.5,65.2,61.0,17241.8,34671.9,17430.1,881.4,7.4,7.1,6.8,1606.5,725.1
2025-10,9646.9,17237.5,7590.6,11125.2,1478.3,3844.4,2366.1,64.5,60.8,57.1,21081.9,9956.7,11979.9,22639.1,10659.3,69.4,65.3,61.1,17252.7,34695.4,17442.7,854.7,7.1,6.9,6.6,1557.3,702.6
2025-11,9629.9,17228.1,7598.2,11163.0,1533.1,3907.4,2374.3,64.7,60.9,57.1,21135.5,9972.5,11962.0,22613.4,10651.4,69.3,65.1,61.0,17260.3,34713.1,17452.8,799.0,6.7,6.5,6.4,1477.8,678.9
2025-12,9694.4,17278.3,7583.9,11172.5,1478.1,3865.4,2387.3,64.7,60.9,57.1,21143.7,9971.2,12014.7,22694.4,10679.7,69.6,65.4,61.2,17264.2,34723.0,17458.7,842.3,7.0,6.8,6.6,1550.7,708.5
