ref_date,qCgov,qChh,qChhDurable,qChhGoods,qChhNondurable,qChhSemidurable,qChhService,qCnpish,qCtotal,qExpGS,qExpGoods,qExpServices,qFDD,qGDP,qImpGS,qImpGoods,qImpServices,qInvbus,qInvbusIPP,qInvbusME,qInvbusNRS,qInvbusNRSME,qInvbusRS,qInvgov,qInvint,qInvintBus,qInvintFarm,qInvintNonfarm,qInvnpish,qInvtotal,qdiscrepancy,vCgov,vChh,vChhDurable,vChhGoods,vChhNondurable,vChhSemidurable,vChhService,vCnpish,vCtotal,vExpGS,vExpGoods,vExpServices,vFDD,vGDP,vImpGS,vImpGoods,vImpServices,vInvbus,vInvbusIPP,vInvbusME,vInvbusNRS,vInvbusNRSME,vInvbusRS,vInvgov,vInvint,vInvintBus,vInvintFarm,vInvintNonfarm,vInvnpish,vInvtotal,vdiscrepancy
1961-01-01,89485.0,182300.0,7346.0,81917.0,81802.0,10174.0,104868.0,2796.0,273818.0,44862.0,35810.0,9621.0,330186.0,342687.0,36821.0,26522.0,12052.0,44499.0,1465.0,4970.0,23411.0,20676.0,25355.0,13287.0,742.0,742.0,-2266.0,2321.0,300.0,57964.0,-3376.0,6444.0,25196.0,2828.0,15260.0,9312.0,3120.0,9936.0,344.0,31984.0,7080.0,6068.0,1012.0,41080.0,40600.0,7296.0,5844.0,1452.0,6916.0,224.0,2132.0,2424.0,4556.0,2136.0,2128.0,136.0,168.0,-420.0,588.0,52.0,9096.0,-400.0
1961-04-01,89859.0,185701.0,7769.0,84173.0,84303.0,10087.0,105402.0,2924.0,278206.0,44367.0,35398.0,9544.0,336181.0,351364.0,36710.0,26470.0,11954.0,44649.0,1487.0,4793.0,23761.0,20494.0,26070.0,14649.0,1176.0,1098.0,-1708.0,2320.0,277.0,59451.0,-1727.0,6540.0,25684.0,2984.0,15664.0,9572.0,3108.0,10020.0,364.0,32588.0,7032.0,6016.0,1016.0,41740.0,41496.0,7316.0,5848.0,1468.0,6904.0,228.0,2032.0,2452.0,4484.0,2192.0,2200.0,244.0,236.0,-364.0,600.0,48.0,9152.0,-204.0
1961-07-01,93551.0,190235.0,8474.0,86512.0,85310.0,10253.0,107430.0,3020.0,285943.0,45757.0,36457.0,9922.0,345962.0,359914.0,37045.0,26451.0,12538.0,46122.0,1478.0,4956.0,24534.0,21176.0,27018.0,15157.0,-1808.0,-1870.0,-2348.0,-32.0,301.0,61456.0,1284.0,6856.0,26328.0,3212.0,16064.0,9684.0,3168.0,10264.0,376.0,33560.0,7432.0,6384.0,1048.0,43012.0,42604.0,7568.0,6004.0,1564.0,7112.0,228.0,2088.0,2532.0,4620.0,2264.0,2288.0,-424.0,-464.0,-420.0,-44.0,52.0,9452.0,152.0
1961-10-01,92959.0,190957.0,8275.0,86200.0,84588.0,10578.0,109077.0,3048.0,286460.0,46728.0,37198.0,10187.0,346540.0,364811.0,39724.0,28490.0,13221.0,45804.0,1461.0,4972.0,24805.0,21329.0,26070.0,15532.0,1884.0,1931.0,-1810.0,3245.0,322.0,61529.0,773.0,6872.0,26520.0,3160.0,16060.0,9648.0,3252.0,10460.0,384.0,33776.0,7696.0,6628.0,1068.0,43264.0,43404.0,8132.0,6476.0,1656.0,7064.0,224.0,2092.0,2552.0,4644.0,2196.0,2368.0,484.0,468.0,-392.0,860.0,56.0,9488.0,92.0
1962-01-01,93810.0,195357.0,9009.0,89920.0,87533.0,10831.0,108234.0,3144.0,292281.0,47173.0,37472.0,10417.0,353170.0,374518.0,39756.0,29094.0,12178.0,45590.0,1412.0,5225.0,23603.0,21253.0,25961.0,16686.0,2569.0,2654.0,808.0,1925.0,324.0,62447.0,1636.0,7004.0,27204.0,3404.0,16768.0,10016.0,3348.0,10436.0,396.0,34604.0,7812.0,6712.0,1100.0,44204.0,44624.0,8236.0,6696.0,1540.0,7064.0,220.0,2204.0,2444.0,4648.0,2196.0,2480.0,649.0,677.0,293.0,384.0,56.0,9600.0,195.0
1962-04-01,97340.0,196473.0,8992.0,90311.0,87422.0,11130.0,109083.0,3300.0,296000.0,47335.0,37198.0,11143.0,356287.0,377495.0,38699.0,27933.0,12555.0,45735.0,1434.0,5279.0,23252.0,21193.0,26342.0,16215.0,1135.0,1080.0,208.0,880.0,325.0,62124.0,2442.0,7284.0,27516.0,3408.0,16896.0,10040.0,3448.0,10620.0,416.0,35216.0,7908.0,6732.0,1176.0,44880.0,45132.0,8192.0,6568.0,1624.0,7092.0,224.0,2240.0,2416.0,4656.0,2212.0,2516.0,244.0,244.0,28.0,216.0,56.0,9664.0,292.0
1962-07-01,95907.0,195639.0,8727.0,89634.0,87526.0,11002.0,109188.0,3460.0,294279.0,46567.0,36663.0,10842.0,357144.0,382323.0,38305.0,28004.0,11779.0,47753.0,1478.0,5558.0,23794.0,21985.0,27911.0,16234.0,4017.0,4003.0,1442.0,2713.0,303.0,64134.0,299.0,7232.0,27540.0,3312.0,16844.0,10104.0,3428.0,10696.0,440.0,35212.0,7848.0,6692.0,1156.0,45240.0,46068.0,8156.0,6616.0,1540.0,7436.0,232.0,2376.0,2468.0,4844.0,2360.0,2540.0,1100.0,1092.0,332.0,760.0,52.0,10028.0,36.0
1962-10-01,97397.0,199205.0,9337.0,92000.0,89034.0,11130.0,109775.0,3588.0,299519.0,49065.0,38929.0,10919.0,361447.0,389825.0,37029.0,26951.0,11610.0,47240.0,1474.0,5556.0,23702.0,21935.0,27119.0,16224.0,2740.0,2738.0,1639.0,1348.0,302.0,63611.0,-124.0,7404.0,28240.0,3548.0,17380.0,10316.0,3516.0,10860.0,460.0,36104.0,8236.0,7056.0,1180.0,46108.0,47132.0,7884.0,6360.0,1524.0,7396.0,232.0,2396.0,2464.0,4860.0,2304.0,2556.0,687.0,679.0,295.0,384.0,52.0,10004.0,-15.0
1963-01-01,99286.0,200555.0,9374.0,92606.0,90104.0,11056.0,110565.0,3624.0,302368.0,49485.0,39203.0,11108.0,363529.0,392297.0,37212.0,27149.0,11550.0,46667.0,1439.0,5542.0,23662.0,21898.0,26225.0,16280.0,2886.0,2894.0,1525.0,1592.0,318.0,63120.0,-569.0,7572.0,28532.0,3564.0,17536.0,10472.0,3500.0,10996.0,464.0,36568.0,8316.0,7116.0,1200.0,46580.0,47584.0,7996.0,6488.0,1508.0,7392.0,228.0,2412.0,2496.0,4908.0,2256.0,2564.0,753.0,749.0,361.0,388.0,56.0,10012.0,-69.0
1963-04-01,99206.0,204195.0,9955.0,94594.0,90625.0,11362.0,111981.0,3720.0,306697.0,50597.0,40130.0,11297.0,369296.0,398002.0,38245.0,27862.0,11943.0,47999.0,1487.0,5643.0,24290.0,22385.0,27305.0,16344.0,2194.0,2241.0,2341.0,322.0,295.0,64475.0,1016.0,7656.0,29252.0,3772.0,17960.0,10580.0,3608.0,11292.0,488.0,37396.0,8544.0,7300.0,1244.0,47664.0,48556.0,8244.0,6680.0,1564.0,7624.0,236.0,2476.0,2564.0,5040.0,2348.0,2592.0,468.0,488.0,412.0,76.0,52.0,10268.0,124.0
1963-07-01,101313.0,205380.0,9673.0,94836.0,91757.0,11426.0,113199.0,3724.0,309400.0,50946.0,40380.0,11409.0,373237.0,401027.0,39828.0,29165.0,12151.0,49258.0,1509.0,6039.0,24429.0,23223.0,27398.0,16150.0,2982.0,2951.0,2105.0,1192.0,340.0,65593.0,780.0,7888.0,29604.0,3680.0,18100.0,10772.0,3648.0,11504.0,488.0,37980.0,8588.0,7324.0,1264.0,48560.0,49352.0,8696.0,7076.0,1620.0,7912.0,244.0,2668.0,2628.0,5296.0,2372.0,2608.0,804.0,808.0,412.0,396.0,60.0,10580.0,96.0
1963-10-01,101899.0,208914.0,10584.0,96964.0,92132.0,11470.0,114214.0,3756.0,313958.0,55841.0,44652.0,11858.0,381135.0,413577.0,41427.0,30524.0,12315.0,51789.0,1575.0,6140.0,25360.0,23859.0,30304.0,16515.0,3476.0,3521.0,-408.0,3721.0,361.0,68499.0,201.0,8076.0,30288.0,4024.0,18560.0,10840.0,3696.0,11728.0,496.0,38860.0,9472.0,8152.0,1320.0,49944.0,51360.0,8948.0,7308.0,1640.0,8344.0,256.0,2728.0,2728.0,5456.0,2632.0,2676.0,867.0,895.0,-73.0,968.0,64.0,11084.0,25.0
1964-01-01,107577.0,212841.0,10944.0,99026.0,93584.0,11743.0,115926.0,3756.0,322194.0,56757.0,45530.0,11816.0,392675.0,423930.0,43034.0,31633.0,12921.0,55216.0,1642.0,6664.0,27006.0,25644.0,31834.0,16178.0,4271.0,4225.0,277.0,3860.0,333.0,71540.0,-1838.0,8436.0,30888.0,4136.0,18944.0,11012.0,3796.0,11944.0,508.0,39832.0,9700.0,8356.0,1344.0,51488.0,52576.0,9416.0,7664.0,1752.0,8984.0,268.0,2976.0,2912.0,5888.0,2828.0,2612.0,1032.0,1036.0,92.0,944.0,60.0,11656.0,-228.0
1964-04-01,105688.0,213447.0,10871.0,99013.0,94605.0,11449.0,116815.0,3756.0,321707.0,60438.0,48879.0,11934.0,393348.0,425518.0,44593.0,33078.0,12850.0,55857.0,1659.0,6933.0,27719.0,26505.0,30746.0,16400.0,2210.0,2310.0,-1604.0,3493.0,376.0,72454.0,1091.0,8416.0,31120.0,4096.0,19004.0,11192.0,3716.0,12116.0,508.0,40044.0,10364.0,9012.0,1352.0,51984.0,53420.0,9724.0,8008.0,1716.0,9196.0,276.0,3116.0,3036.0,6152.0,2768.0,2676.0,659.0,715.0,-245.0,960.0,68.0,11940.0,137.0
1964-07-01,104944.0,217667.0,11365.0,101414.0,95668.0,11912.0,118284.0,3820.0,326224.0,59518.0,47933.0,12094.0,399031.0,430060.0,43919.0,32309.0,13139.0,56652.0,1765.0,6857.0,28466.0,26711.0,31492.0,16732.0,2259.0,2341.0,-1555.0,3465.0,399.0,73605.0,221.0,8500.0,31888.0,4256.0,19472.0,11324.0,3892.0,12416.0,516.0,40904.0,10332.0,8952.0,1380.0,53112.0,54580.0,9540.0,7772.0,1768.0,9388.0,296.0,3108.0,3140.0,6248.0,2844.0,2748.0,648.0,748.0,-240.0,988.0,72.0,12208.0,28.0
1964-10-01,107955.0,219213.0,11027.0,102166.0,97196.0,12183.0,119074.0,3984.0,330119.0,58269.0,46501.0,12530.0,408639.0,432217.0,45012.0,32988.0,13691.0,60611.0,1844.0,7414.0,29682.0,28367.0,34312.0,17559.0,160.0,83.0,-205.0,231.0,395.0,78383.0,305.0,8868.0,32420.0,4144.0,19676.0,11544.0,3988.0,12744.0,548.0,41836.0,10152.0,8688.0,1464.0,54912.0,55324.0,9800.0,7928.0,1872.0,10132.0,312.0,3396.0,3284.0,6680.0,3140.0,2872.0,21.0,81.0,1.0,80.0,72.0,13076.0,39.0
1965-01-01,109578.0,221211.0,11608.0,103173.0,97648.0,11945.0,120036.0,4048.0,333609.0,58754.0,46962.0,12507.0,412040.0,445966.0,47508.0,35508.0,13237.0,59888.0,1858.0,7320.0,29464.0,28082.0,33706.0,18427.0,7636.0,7497.0,1382.0,6156.0,364.0,78465.0,-1269.0,9032.0,32756.0,4380.0,19924.0,11636.0,3908.0,12832.0,564.0,42352.0,10232.0,8772.0,1460.0,55744.0,57268.0,10340.0,8516.0,1824.0,10232.0,320.0,3388.0,3364.0,6752.0,3160.0,3092.0,1795.0,1783.0,263.0,1520.0,68.0,13392.0,-163.0
1965-04-01,110051.0,226542.0,12459.0,105982.0,98940.0,12157.0,122347.0,4052.0,340123.0,59589.0,47584.0,12755.0,419482.0,450049.0,48696.0,36274.0,13778.0,61179.0,1955.0,7750.0,29953.0,29135.0,33155.0,18155.0,5636.0,5699.0,1884.0,4033.0,406.0,79524.0,-284.0,9224.0,33860.0,4688.0,20664.0,11972.0,4004.0,13196.0,576.0,43660.0,10424.0,8920.0,1504.0,57440.0,58656.0,10616.0,8700.0,1916.0,10536.0,340.0,3620.0,3440.0,7060.0,3136.0,3168.0,1445.0,1465.0,325.0,1140.0,76.0,13780.0,-37.0
1965-07-01,111470.0,230235.0,12626.0,108111.0,100364.0,12701.0,123605.0,4116.0,345422.0,61961.0,49527.0,13192.0,429747.0,456330.0,50243.0,37633.0,13871.0,64392.0,2043.0,8556.0,30931.0,31155.0,33683.0,19106.0,2933.0,2923.0,-1057.0,3625.0,424.0,83707.0,84.0,9548.0,34556.0,4768.0,21112.0,12140.0,4204.0,13444.0,608.0,44712.0,10920.0,9340.0,1580.0,59304.0,60064.0,11032.0,9076.0,1956.0,11188.0,360.0,4024.0,3592.0,7616.0,3212.0,3324.0,861.0,877.0,-99.0,976.0,80.0,14592.0,11.0
1965-10-01,113878.0,234938.0,12967.0,110467.0,102622.0,12880.0,125858.0,4244.0,352577.0,65339.0,52945.0,12796.0,439877.0,467514.0,53788.0,40795.0,13986.0,66696.0,2078.0,9202.0,32226.0,33010.0,33077.0,19531.0,3708.0,3708.0,-1529.0,4742.0,416.0,86417.0,849.0,9808.0,35608.0,4892.0,21768.0,12576.0,4300.0,13840.0,620.0,46036.0,11528.0,9972.0,1556.0,61352.0,62216.0,11848.0,9852.0,1996.0,11740.0,368.0,4344.0,3808.0,8152.0,3220.0,3496.0,1071.0,1087.0,-253.0,1340.0,80.0,15316.0,113.0
1966-01-01,116277.0,236469.0,13528.0,111180.0,101469.0,13095.0,126701.0,4336.0,356079.0,66376.0,53357.0,13646.0,446663.0,476611.0,54582.0,41314.0,14341.0,68923.0,2092.0,9444.0,34347.0,34497.0,33310.0,20113.0,4879.0,4863.0,907.0,3978.0,386.0,89172.0,467.0,10344.0,36264.0,5084.0,22168.0,12668.0,4416.0,14096.0,648.0,47256.0,11832.0,10116.0,1716.0,63352.0,64320.0,12100.0,10064.0,2036.0,12320.0,376.0,4468.0,4172.0,8640.0,3304.0,3700.0,1173.0,1181.0,177.0,1004.0,76.0,16096.0,63.0
1966-04-01,119729.0,237686.0,12561.0,111184.0,103678.0,13356.0,128367.0,4336.0,359815.0,67564.0,54651.0,13392.0,453604.0,486899.0,55491.0,41956.0,14646.0,71050.0,2162.0,9802.0,35318.0,35640.0,34133.0,20644.0,7691.0,7652.0,1753.0,5994.0,440.0,91886.0,-2468.0,10828.0,36880.0,4756.0,22364.0,13072.0,4536.0,14516.0,664.0,48372.0,12168.0,10448.0,1720.0,65092.0,66488.0,12408.0,10272.0,2136.0,12816.0,392.0,4644.0,4336.0,8980.0,3444.0,3816.0,1973.0,1961.0,285.0,1676.0,88.0,16720.0,-337.0
1966-07-01,122627.0,242080.0,13606.0,113664.0,105609.0,12949.0,129980.0,4464.0,366988.0,71671.0,58231.0,13817.0,459299.0,486666.0,57413.0,43349.0,15263.0,70132.0,2246.0,10134.0,35615.0,36408.0,30436.0,20746.0,3761.0,3785.0,766.0,3042.0,435.0,91072.0,-3265.0,11320.0,37824.0,5160.0,22972.0,13372.0,4440.0,14852.0,696.0,49840.0,13116.0,11320.0,1796.0,66500.0,67364.0,12876.0,10644.0,2232.0,12756.0,412.0,4812.0,4400.0,9212.0,3132.0,3816.0,1076.0,1076.0,224.0,852.0,88.0,16660.0,-452.0
1966-10-01,126434.0,242165.0,13781.0,113444.0,105359.0,12714.0,130494.0,4492.0,369702.0,72282.0,58830.0,13782.0,463273.0,492697.0,59507.0,45189.0,15384.0,70760.0,2295.0,10463.0,35708.0,37074.0,29830.0,21235.0,3655.0,3655.0,864.0,2835.0,452.0,92200.0,1220.0,11828.0,38316.0,5276.0,23080.0,13372.0,4432.0,15236.0,716.0,50860.0,13196.0,11364.0,1832.0,67796.0,68648.0,13412.0,11156.0,2256.0,12932.0,424.0,4984.0,4444.0,9428.0,3080.0,3912.0,898.0,898.0,166.0,732.0,92.0,16936.0,170.0
1967-01-01,126609.0,244424.0,13494.0,115010.0,107673.0,13103.0,130843.0,4364.0,372269.0,73542.0,59732.0,14195.0,465939.0,491587.0,59610.0,45223.0,15482.0,71278.0,2246.0,10740.0,34532.0,37014.0,30956.0,20935.0,863.0,834.0,-1224.0,1822.0,445.0,92409.0,962.0,12060.0,38928.0,5188.0,23436.0,13628.0,4620.0,15492.0,708.0,51696.0,13600.0,11616.0,1984.0,68976.0,69484.0,13480.0,11164.0,2316.0,13228.0,424.0,5132.0,4408.0,9540.0,3264.0,3960.0,252.0,236.0,-176.0,412.0,92.0,17280.0,136.0
1967-04-01,132109.0,248909.0,14535.0,118641.0,109368.0,13455.0,130626.0,4460.0,381310.0,78225.0,61345.0,18197.0,473977.0,501828.0,60280.0,45813.0,15526.0,70346.0,2339.0,10490.0,33488.0,36024.0,31578.0,21480.0,159.0,138.0,-876.0,857.0,460.0,92045.0,-532.0,12836.0,40168.0,5656.0,24448.0,13976.0,4816.0,15720.0,732.0,53736.0,14368.0,11900.0,2468.0,71032.0,71744.0,13740.0,11372.0,2368.0,13184.0,444.0,5024.0,4292.0,9316.0,3424.0,4016.0,160.0,132.0,-172.0,304.0,96.0,17296.0,-76.0
1967-07-01,132832.0,248601.0,14236.0,118466.0,110410.0,13307.0,130520.0,4396.0,381398.0,77866.0,59109.0,20888.0,472446.0,503410.0,60216.0,45813.0,15427.0,69214.0,2405.0,9702.0,32787.0,34222.0,33799.0,21365.0,1869.0,1863.0,783.0,1152.0,423.0,90759.0,-410.0,13092.0,40596.0,5588.0,24648.0,14248.0,4812.0,15948.0,744.0,54432.0,14292.0,11412.0,2880.0,71524.0,72380.0,13720.0,11372.0,2348.0,12996.0,460.0,4652.0,4208.0,8860.0,3676.0,4008.0,343.0,311.0,63.0,248.0,88.0,17092.0,-59.0
1967-10-01,134257.0,253591.0,14056.0,119648.0,110861.0,14020.0,135157.0,4332.0,387977.0,78088.0,63332.0,15269.0,477055.0,505603.0,59710.0,45044.0,15913.0,67769.0,2480.0,9115.0,32635.0,33056.0,33939.0,21508.0,-221.0,-229.0,1017.0,-1094.0,423.0,89468.0,-474.0,13412.0,41816.0,5548.0,25032.0,14396.0,5088.0,16784.0,732.0,55960.0,14400.0,12276.0,2124.0,72820.0,73640.0,13576.0,11120.0,2456.0,12720.0,476.0,4372.0,4168.0,8540.0,3704.0,4052.0,65.0,29.0,257.0,-228.0,88.0,16860.0,-69.0
1968-01-01,135560.0,256291.0,14639.0,120488.0,111389.0,13690.0,137317.0,4208.0,391819.0,82169.0,68226.0,13864.0,482967.0,509913.0,64894.0,49815.0,15913.0,69401.0,2506.0,9518.0,33091.0,34030.0,34398.0,21734.0,152.0,175.0,-230.0,372.0,422.0,91318.0,298.0,13744.0,42836.0,5788.0,25516.0,14692.0,5036.0,17320.0,720.0,57300.0,15408.0,13452.0,1956.0,74520.0,75316.0,15016.0,12540.0,2476.0,13040.0,484.0,4568.0,4244.0,8812.0,3744.0,4092.0,360.0,336.0,172.0,164.0,88.0,17220.0,44.0
1968-04-01,138314.0,257476.0,14950.0,121130.0,110486.0,14051.0,137811.0,4084.0,394939.0,85102.0,70747.0,14242.0,486023.0,523621.0,62740.0,48027.0,15597.0,69710.0,2502.0,8979.0,33058.0,33020.0,37334.0,21475.0,2294.0,2299.0,415.0,1889.0,443.0,91386.0,74.0,14152.0,43436.0,5928.0,25808.0,14684.0,5196.0,17628.0,720.0,58308.0,15924.0,13880.0,2044.0,75684.0,77652.0,14644.0,12164.0,2480.0,13164.0,488.0,4320.0,4248.0,8568.0,4108.0,4120.0,677.0,657.0,185.0,472.0,92.0,17376.0,11.0
1968-07-01,142081.0,262413.0,15439.0,123408.0,112522.0,14104.0,140524.0,4148.0,403286.0,87312.0,72845.0,14254.0,493999.0,530914.0,65201.0,49848.0,16312.0,69773.0,2533.0,9156.0,32992.0,33311.0,36689.0,21443.0,3251.0,3226.0,1235.0,2087.0,462.0,91441.0,-1637.0,14972.0,44664.0,6140.0,26476.0,15088.0,5248.0,18188.0,728.0,60364.0,16328.0,14252.0,2076.0,77772.0,79448.0,15216.0,12580.0,2636.0,13248.0,500.0,4428.0,4252.0,8680.0,4068.0,4064.0,809.0,773.0,189.0,584.0,96.0,17408.0,-245.0
1968-10-01,144624.0,266101.0,15865.0,124938.0,113668.0,14122.0,142843.0,3984.0,409108.0,90949.0,76886.0,13516.0,502215.0,538265.0,71677.0,55460.0,16907.0,71678.0,2520.0,9288.0,32715.0,33421.0,39726.0,21729.0,3986.0,3978.0,1559.0,2549.0,494.0,93655.0,1414.0,15664.0,45752.0,6344.0,27048.0,15428.0,5276.0,18704.0,732.0,62148.0,17000.0,15008.0,1992.0,80112.0,81480.0,16932.0,14152.0,2780.0,13740.0,504.0,4532.0,4268.0,8800.0,4436.0,4120.0,1086.0,1046.0,374.0,672.0,104.0,17964.0,214.0
1969-01-01,144364.0,272191.0,16689.0,128706.0,115488.0,14759.0,144621.0,4044.0,415870.0,91985.0,76842.0,14885.0,509802.0,545634.0,74484.0,57192.0,18256.0,73487.0,2467.0,9805.0,32457.0,34245.0,40985.0,20926.0,4504.0,4548.0,1270.0,3358.0,448.0,94614.0,2995.0,15788.0,47088.0,6680.0,27932.0,15704.0,5548.0,19156.0,752.0,63628.0,17480.0,15264.0,2216.0,82276.0,83796.0,17652.0,14656.0,2996.0,14424.0,504.0,4836.0,4356.0,9192.0,4728.0,4128.0,1232.0,1216.0,308.0,908.0,96.0,18648.0,460.0
1969-04-01,147234.0,270963.0,16249.0,127950.0,115523.0,14774.0,144259.0,4104.0,416574.0,91029.0,75523.0,15428.0,512368.0,547879.0,74779.0,56225.0,20178.0,74650.0,2520.0,9836.0,32186.0,34172.0,43043.0,21318.0,4878.0,4888.0,2335.0,2773.0,460.0,96178.0,3660.0,16268.0,47596.0,6532.0,28116.0,15980.0,5604.0,19480.0,784.0,64648.0,17468.0,15148.0,2320.0,83736.0,85476.0,17860.0,14504.0,3356.0,14836.0,524.0,4912.0,4392.0,9304.0,5008.0,4152.0,1561.0,1549.0,593.0,956.0,100.0,19088.0,571.0
1969-07-01,147389.0,273525.0,16314.0,129120.0,116690.0,14961.0,145675.0,4268.0,419805.0,92238.0,76612.0,15523.0,516415.0,553957.0,74037.0,56244.0,19092.0,75382.0,2683.0,10018.0,32992.0,34898.0,42290.0,21351.0,5584.0,5582.0,2499.0,3341.0,496.0,96978.0,1754.0,16956.0,48508.0,6556.0,28500.0,16232.0,5712.0,20008.0,828.0,66292.0,17604.0,15208.0,2396.0,85652.0,87140.0,17836.0,14604.0,3232.0,15040.0,560.0,5068.0,4512.0,9580.0,4900.0,4212.0,1444.0,1432.0,620.0,812.0,108.0,19360.0,276.0
1969-10-01,149803.0,276915.0,16674.0,131318.0,119399.0,14866.0,146524.0,4236.0,425298.0,97877.0,82036.0,15523.0,522488.0,561785.0,76637.0,58924.0,18687.0,76204.0,2815.0,10206.0,33864.0,35686.0,41599.0,21221.0,6262.0,6313.0,2128.0,4384.0,505.0,97683.0,-774.0,17460.0,49640.0,6776.0,29220.0,16764.0,5680.0,20420.0,836.0,67936.0,18736.0,16300.0,2436.0,87628.0,89308.0,18616.0,15404.0,3212.0,15376.0,592.0,5232.0,4696.0,9928.0,4856.0,4204.0,1683.0,1699.0,399.0,1300.0,112.0,19692.0,-123.0
1970-01-01,155337.0,274285.0,15546.0,129744.0,119233.0,15206.0,145648.0,4304.0,426514.0,101498.0,84645.0,16633.0,523830.0,565257.0,74300.0,55885.0,19998.0,76995.0,2890.0,10270.0,35688.0,36709.0,40379.0,20561.0,2282.0,2255.0,-8.0,2190.0,519.0,97833.0,297.0,18512.0,49716.0,6324.0,29048.0,16900.0,5824.0,20668.0,864.0,69092.0,19996.0,17356.0,2640.0,89040.0,91376.0,18344.0,14856.0,3488.0,15668.0,612.0,5332.0,4996.0,10328.0,4728.0,4164.0,636.0,636.0,-72.0,708.0,116.0,19948.0,48.0
1970-04-01,161165.0,276262.0,15685.0,130091.0,120184.0,14912.0,147631.0,4368.0,433088.0,101457.0,85081.0,16036.0,525950.0,565304.0,75034.0,56244.0,20495.0,73800.0,2992.0,10105.0,35358.0,36242.0,35772.0,20335.0,2619.0,2619.0,610.0,2040.0,496.0,94391.0,-1250.0,19520.0,50348.0,6392.0,29168.0,17028.0,5748.0,21180.0,888.0,70756.0,20228.0,17596.0,2632.0,90292.0,92224.0,18548.0,14956.0,3592.0,15272.0,644.0,5308.0,5052.0,10360.0,4268.0,4152.0,456.0,456.0,-60.0,516.0,112.0,19536.0,-204.0
1970-07-01,157480.0,281571.0,16341.0,133912.0,123297.0,15295.0,148414.0,4340.0,436213.0,102433.0,86283.0,15712.0,531990.0,571154.0,75182.0,56386.0,20495.0,75795.0,3023.0,10297.0,36276.0,37050.0,37248.0,20870.0,3413.0,3391.0,-1823.0,4738.0,493.0,96919.0,-4248.0,19392.0,51440.0,6660.0,29924.0,17348.0,5916.0,21516.0,900.0,71732.0,20144.0,17544.0,2600.0,91968.0,94096.0,18244.0,14676.0,3568.0,15820.0,656.0,5468.0,5208.0,10676.0,4488.0,4304.0,928.0,916.0,-224.0,1140.0,112.0,20236.0,-700.0
1970-10-01,160793.0,284175.0,15750.0,136709.0,128535.0,15633.0,147387.0,4436.0,441747.0,101968.0,85106.0,16615.0,539137.0,572021.0,71047.0,53011.0,19763.0,76591.0,2912.0,9850.0,36587.0,36388.0,40402.0,21651.0,-3762.0,-3626.0,-502.0,-3100.0,502.0,98492.0,-4531.0,19940.0,52124.0,6460.0,30540.0,17996.0,6084.0,21584.0,928.0,72992.0,20152.0,17412.0,2740.0,93856.0,94916.0,17288.0,13808.0,3480.0,16240.0,644.0,5280.0,5360.0,10640.0,4956.0,4508.0,-1052.0,-988.0,-132.0,-856.0,116.0,20864.0,-752.0
1971-01-01,158241.0,282331.0,16171.0,135284.0,125360.0,15515.0,147262.0,4344.0,437682.0,103870.0,87646.0,15741.0,536126.0,569078.0,72211.0,55172.0,18191.0,76418.0,2723.0,9758.0,36897.0,36375.0,40472.0,22519.0,-2543.0,-2588.0,1335.0,-3651.0,508.0,99184.0,-3463.0,19840.0,52244.0,6648.0,30360.0,17692.0,6020.0,21884.0,912.0,72996.0,20160.0,17588.0,2572.0,94170.0,96288.0,17852.0,14580.0,3272.0,16272.0,608.0,5272.0,5436.0,10708.0,4956.0,4784.0,396.0,436.0,308.0,128.0,118.0,21174.0,-586.0
1971-04-01,163974.0,292045.0,17432.0,140354.0,128549.0,15955.0,151701.0,4564.0,453026.0,105422.0,88666.0,16326.0,555675.0,585694.0,77762.0,59279.0,19785.0,79422.0,2656.0,10082.0,37459.0,37252.0,43704.0,23595.0,69.0,40.0,-71.0,101.0,506.0,103244.0,-2242.0,21216.0,54692.0,7164.0,31792.0,18404.0,6224.0,22900.0,980.0,76888.0,20736.0,17996.0,2740.0,99416.0,100312.0,19396.0,15780.0,3616.0,17316.0,600.0,5552.0,5680.0,11232.0,5484.0,5088.0,-60.0,-36.0,24.0,-60.0,124.0,22528.0,-384.0
1971-07-01,166687.0,298513.0,18507.0,144316.0,130403.0,16445.0,153782.0,4728.0,462449.0,110656.0,93546.0,16562.0,567598.0,601880.0,81893.0,62161.0,21227.0,81304.0,2634.0,10264.0,38047.0,37878.0,45498.0,24173.0,2966.0,3071.0,-490.0,3396.0,499.0,105694.0,-3525.0,21552.0,56416.0,7612.0,32924.0,18852.0,6460.0,23492.0,1036.0,79004.0,22128.0,19280.0,2848.0,102542.0,103624.0,20764.0,16840.0,3924.0,18152.0,600.0,5728.0,5804.0,11532.0,6020.0,5260.0,325.0,409.0,-199.0,608.0,126.0,23538.0,-607.0
1971-10-01,169038.0,304991.0,19973.0,149430.0,132495.0,17120.0,154164.0,4636.0,471260.0,107243.0,90280.0,16503.0,578358.0,608458.0,84046.0,63729.0,21882.0,83413.0,2648.0,10785.0,38232.0,38925.0,46625.0,24002.0,3868.0,3741.0,-314.0,3901.0,516.0,107654.0,-2852.0,22344.0,58292.0,8228.0,34416.0,19444.0,6744.0,23876.0,1040.0,81676.0,21448.0,18572.0,2876.0,105884.0,106436.0,21212.0,17176.0,4036.0,18792.0,608.0,6072.0,5876.0,11948.0,6236.0,5284.0,815.0,827.0,-49.0,876.0,132.0,24208.0,-499.0
1972-01-01,165707.0,306053.0,19577.0,149786.0,134044.0,17164.0,154948.0,4932.0,470274.0,108563.0,93080.0,14714.0,577734.0,606422.0,84118.0,65309.0,19681.0,84203.0,2648.0,11041.0,37750.0,39153.0,47433.0,23471.0,111.0,48.0,-939.0,834.0,511.0,107922.0,174.0,22360.0,59084.0,8132.0,34828.0,19896.0,6800.0,24256.0,1120.0,82564.0,21836.0,19256.0,2580.0,106956.0,108148.0,21512.0,17812.0,3700.0,19036.0,620.0,6252.0,5876.0,12128.0,6288.0,5228.0,837.0,813.0,-95.0,908.0,128.0,24392.0,31.0
1972-04-01,168294.0,313674.0,20773.0,154271.0,135155.0,18127.0,157694.0,4912.0,480630.0,117322.0,100372.0,16154.0,589201.0,623614.0,89274.0,69419.0,20730.0,85408.0,2714.0,11249.0,37862.0,39587.0,48349.0,23595.0,2296.0,2270.0,-1427.0,3438.0,542.0,109281.0,-1172.0,22984.0,61160.0,8648.0,36028.0,20192.0,7188.0,25132.0,1148.0,85292.0,23812.0,20944.0,2868.0,110536.0,112264.0,22756.0,18884.0,3872.0,19752.0,644.0,6396.0,5984.0,12380.0,6728.0,5352.0,883.0,843.0,-325.0,1168.0,140.0,25244.0,-211.0
1972-07-01,172063.0,316119.0,21115.0,155168.0,134683.0,18475.0,159367.0,5076.0,486423.0,113878.0,96885.0,16326.0,593626.0,625464.0,91630.0,71062.0,21555.0,84990.0,2811.0,11163.0,37248.0,39124.0,48528.0,23166.0,3773.0,3829.0,-2026.0,5595.0,525.0,108427.0,694.0,24044.0,62664.0,8852.0,36804.0,20580.0,7372.0,25860.0,1216.0,87924.0,23496.0,20588.0,2908.0,113516.0,114384.0,23576.0,19524.0,4052.0,20104.0,676.0,6372.0,6004.0,12376.0,7052.0,5348.0,821.0,813.0,-591.0,1404.0,140.0,25592.0,127.0
1972-10-01,174932.0,323309.0,22815.0,160598.0,138087.0,18625.0,160230.0,5204.0,496703.0,124275.0,106252.0,17193.0,601982.0,640155.0,95949.0,74463.0,22494.0,84599.0,2824.0,11199.0,37036.0,39077.0,47961.0,22441.0,2917.0,2943.0,-378.0,3277.0,518.0,107313.0,2753.0,25244.0,64832.0,9516.0,38416.0,21404.0,7496.0,26416.0,1268.0,91344.0,26164.0,23060.0,3104.0,116896.0,119288.0,24864.0,20564.0,4300.0,20192.0,692.0,6424.0,6100.0,12524.0,6976.0,5220.0,579.0,587.0,-129.0,716.0,140.0,25552.0,513.0
1973-01-01,174592.0,332008.0,24704.0,165576.0,139073.0,19262.0,163588.0,5020.0,505668.0,129338.0,110803.0,17618.0,617556.0,656585.0,100913.0,78883.0,22843.0,90880.0,2771.0,12558.0,38880.0,42452.0,50936.0,21923.0,3168.0,3175.0,-995.0,4166.0,509.0,113087.0,2931.0,25676.0,67576.0,10296.0,40192.0,22092.0,7804.0,27384.0,1244.0,94496.0,28084.0,24856.0,3228.0,121932.0,124756.0,26568.0,22084.0,4484.0,22064.0,692.0,7256.0,6520.0,13776.0,7596.0,5232.0,751.0,763.0,-233.0,996.0,140.0,27436.0,557.0
1973-04-01,176492.0,334325.0,24504.0,166921.0,141303.0,19395.0,164451.0,5004.0,509674.0,130395.0,111686.0,17789.0,624420.0,662849.0,101922.0,79962.0,22658.0,93248.0,2780.0,13095.0,39574.0,43764.0,51930.0,21983.0,2421.0,2477.0,-138.0,2629.0,560.0,115578.0,3252.0,26084.0,69532.0,10360.0,41436.0,23072.0,8004.0,28096.0,1260.0,96876.0,29472.0,26128.0,3344.0,126136.0,130040.0,27424.0,22940.0,4484.0,23684.0,716.0,7648.0,6892.0,14540.0,8428.0,5412.0,1218.0,1266.0,262.0,1004.0,164.0,29260.0,638.0
1973-07-01,177429.0,336786.0,24784.0,168117.0,141630.0,19701.0,165709.0,5220.0,513363.0,123830.0,105188.0,18008.0,630698.0,665931.0,102927.0,80306.0,23526.0,95198.0,2815.0,13747.0,40955.0,45635.0,51122.0,22247.0,6941.0,6866.0,550.0,6326.0,576.0,117806.0,1881.0,26928.0,71744.0,10560.0,42756.0,23948.0,8248.0,28988.0,1320.0,99992.0,29412.0,25960.0,3452.0,130824.0,134524.0,28588.0,23832.0,4756.0,24940.0,744.0,8156.0,7344.0,15500.0,8696.0,5716.0,2496.0,2496.0,116.0,2380.0,176.0,30832.0,380.0
1973-10-01,184422.0,342748.0,25715.0,171934.0,143408.0,20358.0,167415.0,5480.0,525659.0,127244.0,108626.0,17789.0,647553.0,678214.0,109578.0,85562.0,24946.0,99629.0,2815.0,14747.0,42540.0,48212.0,52808.0,22007.0,7366.0,7364.0,560.0,6858.0,559.0,121989.0,918.0,28848.0,74508.0,11084.0,44768.0,24900.0,8784.0,29740.0,1400.0,104756.0,32628.0,29096.0,3532.0,137996.0,142544.0,31272.0,26132.0,5140.0,27184.0,772.0,8936.0,7952.0,16888.0,9524.0,5876.0,2999.0,2999.0,567.0,2432.0,180.0,33240.0,193.0
1974-01-01,183263.0,352240.0,27030.0,178332.0,148042.0,21040.0,169654.0,5536.0,535181.0,123092.0,102957.0,20203.0,662516.0,683827.0,112585.0,87085.0,26901.0,104378.0,2740.0,15218.0,43637.0,49613.0,57384.0,21983.0,5262.0,5281.0,-2056.0,7933.0,574.0,126731.0,3238.0,29776.0,78400.0,11908.0,47472.0,26324.0,9240.0,30928.0,1456.0,109632.0,35072.0,30944.0,4128.0,145568.0,149300.0,33908.0,28360.0,5548.0,29556.0,784.0,9468.0,8568.0,18036.0,10736.0,6188.0,1861.0,1873.0,-895.0,2768.0,192.0,35936.0,707.0
1974-04-01,188237.0,353940.0,27305.0,178820.0,147021.0,21477.0,171017.0,5992.0,541543.0,121762.0,102334.0,19259.0,662889.0,690841.0,113606.0,88366.0,26349.0,100015.0,2793.0,15011.0,42217.0,48486.0,52917.0,22048.0,11068.0,11010.0,1685.0,9263.0,590.0,122462.0,3357.0,31504.0,81336.0,12416.0,49280.0,27188.0,9676.0,32056.0,1616.0,114456.0,37024.0,32908.0,4116.0,151012.0,155960.0,36440.0,30864.0,5576.0,29732.0,832.0,9636.0,8732.0,18368.0,10532.0,6616.0,3606.0,3578.0,198.0,3380.0,208.0,36556.0,758.0
1974-07-01,191000.0,355566.0,27268.0,179901.0,148299.0,21651.0,171426.0,5716.0,545174.0,123765.0,104099.0,19448.0,666362.0,690974.0,115424.0,90162.0,26131.0,98893.0,2868.0,15213.0,42739.0,49112.0,49911.0,23272.0,9778.0,9759.0,-1271.0,11529.0,571.0,122548.0,4365.0,33948.0,84220.0,12792.0,50868.0,28076.0,10000.0,33352.0,1612.0,119780.0,39520.0,35260.0,4260.0,157556.0,162244.0,39748.0,33980.0,5768.0,30368.0,884.0,10132.0,9176.0,19308.0,10176.0,7200.0,3891.0,3847.0,-29.0,3876.0,208.0,37776.0,1025.0
1974-10-01,193589.0,351331.0,25117.0,175183.0,147445.0,21299.0,173125.0,5756.0,542718.0,119142.0,99617.0,19649.0,663301.0,687374.0,114591.0,88952.0,26912.0,98256.0,2952.0,15376.0,43928.0,50040.0,46990.0,23281.0,13431.0,13433.0,-1030.0,14854.0,570.0,121926.0,4218.0,35456.0,86060.0,12172.0,51160.0,28948.0,10040.0,34900.0,1660.0,123176.0,39456.0,35008.0,4448.0,161700.0,165200.0,41588.0,35524.0,6064.0,30880.0,936.0,10652.0,9708.0,20360.0,9584.0,7432.0,4618.0,4574.0,-234.0,4808.0,212.0,38524.0,1014.0
1975-01-01,195196.0,359063.0,26755.0,179941.0,149070.0,21891.0,175641.0,5792.0,552441.0,111106.0,92447.0,19017.0,673788.0,683629.0,111955.0,85249.0,29238.0,99583.0,2987.0,15768.0,45778.0,51712.0,45615.0,23133.0,8420.0,8492.0,3143.0,5096.0,540.0,123062.0,2923.0,36496.0,90072.0,13064.0,53440.0,29956.0,10420.0,36632.0,1744.0,128312.0,37748.0,33264.0,4484.0,168024.0,167444.0,41820.0,35048.0,6772.0,32004.0,972.0,11336.0,10368.0,21704.0,9328.0,7504.0,2776.0,2784.0,1244.0,1540.0,204.0,39712.0,716.0
1975-04-01,201814.0,363495.0,27594.0,182962.0,150765.0,22203.0,176675.0,5880.0,562686.0,112442.0,94012.0,18551.0,687732.0,692399.0,109339.0,83311.0,28457.0,102478.0,3076.0,15876.0,48071.0,53133.0,47114.0,23572.0,2258.0,2205.0,1024.0,1089.0,601.0,126458.0,1523.0,39056.0,92932.0,13640.0,55304.0,31032.0,10632.0,37628.0,1832.0,133820.0,38740.0,34296.0,4444.0,175736.0,173624.0,41816.0,35000.0,6816.0,33884.0,1024.0,11772.0,11096.0,22868.0,9992.0,7800.0,582.0,550.0,646.0,-96.0,232.0,41916.0,382.0
1975-07-01,204150.0,369989.0,29220.0,186704.0,150522.0,23008.0,179151.0,6048.0,571762.0,112072.0,93634.0,18598.0,702677.0,705683.0,109084.0,82956.0,28670.0,107910.0,3137.0,16155.0,49505.0,54378.0,52971.0,23133.0,851.0,842.0,-884.0,1808.0,628.0,131469.0,1952.0,41440.0,97192.0,14604.0,57920.0,32156.0,11160.0,39272.0,1932.0,140564.0,39268.0,34660.0,4608.0,185152.0,182216.0,42468.0,35368.0,7100.0,36488.0,1076.0,12244.0,11728.0,23972.0,11440.0,7856.0,-240.0,-280.0,-356.0,76.0,244.0,44588.0,504.0
1975-10-01,203965.0,376319.0,31167.0,191101.0,151821.0,23243.0,180534.0,6084.0,578453.0,111723.0,93237.0,18698.0,711717.0,713849.0,110898.0,83938.0,29833.0,109914.0,3142.0,15466.0,52016.0,54547.0,55729.0,23272.0,1873.0,1846.0,-445.0,2325.0,662.0,133647.0,1311.0,41492.0,101048.0,15808.0,60240.0,33052.0,11380.0,40808.0,2016.0,144556.0,40088.0,35284.0,4804.0,191116.0,188428.0,43480.0,36032.0,7448.0,38120.0,1108.0,11880.0,12552.0,24432.0,12580.0,8176.0,358.0,298.0,-410.0,708.0,264.0,46560.0,346.0
1976-01-01,203117.0,376079.0,28627.0,188212.0,152627.0,23660.0,184242.0,6232.0,577689.0,115228.0,95654.0,20032.0,712808.0,726289.0,115301.0,87123.0,31270.0,111200.0,3676.0,15949.0,49670.0,54110.0,57718.0,23397.0,7914.0,7914.0,1169.0,6727.0,649.0,135033.0,5143.0,42580.0,102924.0,14756.0,60024.0,33428.0,11840.0,42900.0,2132.0,147636.0,41816.0,36640.0,5176.0,195330.0,196248.0,45116.0,37332.0,7784.0,39224.0,1412.0,12360.0,12096.0,24456.0,13356.0,8208.0,2828.0,2764.0,512.0,2252.0,262.0,47694.0,1390.0
1976-04-01,205459.0,385820.0,30810.0,194236.0,153982.0,24662.0,187449.0,6416.0,590249.0,121807.0,102628.0,18964.0,730370.0,741951.0,119599.0,90184.0,32755.0,115763.0,3720.0,16751.0,49214.0,55243.0,62410.0,23346.0,5703.0,5741.0,1039.0,4676.0,689.0,139589.0,2989.0,45856.0,107296.0,16008.0,62468.0,33948.0,12512.0,44828.0,2252.0,155404.0,44360.0,39320.0,5040.0,204970.0,206252.0,46384.0,38256.0,8128.0,41036.0,1456.0,13092.0,12156.0,25248.0,14332.0,8252.0,2475.0,2439.0,235.0,2204.0,278.0,49566.0,831.0
1976-07-01,204395.0,387271.0,29976.0,193906.0,155427.0,24675.0,189570.0,6468.0,590977.0,124640.0,104992.0,19436.0,726613.0,745377.0,116876.0,88026.0,32187.0,112977.0,3874.0,16292.0,45573.0,52487.0,63334.0,22621.0,7200.0,7210.0,1566.0,5615.0,693.0,136088.0,-136.0,44668.0,109468.0,15716.0,62900.0,34484.0,12700.0,46568.0,2304.0,156440.0,45992.0,40712.0,5280.0,205270.0,208448.0,46076.0,37976.0,8100.0,40428.0,1532.0,12888.0,11352.0,24240.0,14656.0,8120.0,3300.0,3272.0,676.0,2596.0,282.0,48830.0,-38.0
1976-10-01,206656.0,395211.0,31795.0,199081.0,157685.0,25117.0,191875.0,6596.0,601510.0,120685.0,101799.0,18622.0,737478.0,746581.0,116836.0,87728.0,32635.0,113718.0,4029.0,17261.0,45395.0,54054.0,61105.0,22750.0,2878.0,2869.0,636.0,2230.0,641.0,136897.0,1658.0,48144.0,113316.0,16748.0,65300.0,35508.0,13044.0,48016.0,2380.0,163840.0,45084.0,39940.0,5144.0,213754.0,212996.0,47032.0,38580.0,8452.0,41416.0,1604.0,13884.0,11360.0,25244.0,14568.0,8232.0,717.0,681.0,61.0,620.0,266.0,49914.0,473.0
1977-01-01,210451.0,393760.0,31765.0,196738.0,154447.0,25073.0,193278.0,6616.0,603173.0,125691.0,106409.0,18840.0,741636.0,758032.0,116967.0,88344.0,31794.0,115431.0,4051.0,17154.0,47675.0,55090.0,61648.0,23046.0,5548.0,5523.0,995.0,4525.0,669.0,138930.0,-955.0,49400.0,115916.0,16988.0,66004.0,35776.0,13240.0,49912.0,2392.0,167708.0,48544.0,43252.0,5292.0,218915.0,219912.0,49736.0,41028.0,8708.0,42484.0,1644.0,14068.0,12104.0,26172.0,14668.0,8444.0,2466.0,2410.0,518.0,1892.0,279.0,51207.0,-277.0
1977-04-01,214799.0,392777.0,30613.0,195436.0,156247.0,24616.0,193844.0,6744.0,605981.0,128174.0,108155.0,19725.0,745572.0,761900.0,118969.0,90401.0,31412.0,115718.0,4223.0,16122.0,50747.0,54951.0,62076.0,23752.0,5399.0,5425.0,-369.0,5794.0,718.0,139980.0,-1576.0,51308.0,117992.0,16628.0,67048.0,37200.0,13220.0,50944.0,2472.0,171772.0,50940.0,45216.0,5724.0,224335.0,224808.0,52224.0,43340.0,8884.0,43324.0,1736.0,13492.0,13120.0,26612.0,14976.0,8936.0,2222.0,2186.0,-6.0,2192.0,303.0,52563.0,-465.0
1977-07-01,213233.0,398904.0,30949.0,199051.0,159241.0,25257.0,196143.0,6596.0,610992.0,128958.0,108999.0,19584.0,752229.0,766378.0,116609.0,87847.0,32083.0,116936.0,4395.0,16391.0,51018.0,55561.0,62464.0,24094.0,1983.0,1988.0,-50.0,2041.0,713.0,141535.0,-4003.0,51560.0,122720.0,16996.0,69416.0,38672.0,13748.0,53304.0,2468.0,176748.0,51876.0,46256.0,5620.0,230747.0,229724.0,52884.0,43532.0,9352.0,44480.0,1832.0,13992.0,13452.0,27444.0,15204.0,9216.0,1185.0,1153.0,169.0,984.0,303.0,53999.0,-1200.0
1977-10-01,214842.0,402651.0,31598.0,201733.0,160978.0,25549.0,196940.0,6576.0,616273.0,130723.0,110583.0,19714.0,755942.0,778522.0,113554.0,85727.0,30931.0,115563.0,4523.0,15734.0,51613.0,54739.0,61765.0,24427.0,2442.0,2423.0,-1197.0,3665.0,707.0,140494.0,-3886.0,52576.0,126056.0,17516.0,71676.0,40088.0,14072.0,54380.0,2488.0,181120.0,53692.0,47928.0,5764.0,235291.0,235960.0,53408.0,43988.0,9420.0,44416.0,1904.0,13692.0,13716.0,27408.0,15104.0,9452.0,1563.0,1515.0,-457.0,1972.0,303.0,54171.0,-1178.0
1978-01-01,214369.0,405568.0,31510.0,202546.0,161936.0,25727.0,199192.0,6672.0,619111.0,136170.0,115271.0,20416.0,757968.0,785245.0,113239.0,85652.0,30571.0,115654.0,4435.0,15874.0,50873.0,54590.0,62363.0,23831.0,-984.0,-1002.0,935.0,-2038.0,690.0,139966.0,-3126.0,53484.0,129652.0,17728.0,72864.0,40844.0,14292.0,56788.0,2548.0,185684.0,56888.0,50784.0,6104.0,240620.0,241320.0,54768.0,45208.0,9560.0,45304.0,1932.0,14088.0,13796.0,27884.0,15488.0,9332.0,-459.0,-523.0,357.0,-880.0,300.0,54936.0,-961.0
1978-04-01,215774.0,408284.0,32731.0,204520.0,161429.0,26016.0,199745.0,6724.0,623258.0,140479.0,118660.0,21455.0,765989.0,790590.0,120704.0,91719.0,31892.0,118817.0,4576.0,16675.0,51811.0,56481.0,63225.0,23937.0,-1124.0,-1105.0,1768.0,-3212.0,752.0,143294.0,-114.0,54720.0,132820.0,18480.0,74840.0,41996.0,14364.0,57980.0,2612.0,190152.0,59928.0,53504.0,6424.0,247640.0,248684.0,59268.0,49004.0,10264.0,47524.0,2024.0,15120.0,14320.0,29440.0,16060.0,9632.0,420.0,372.0,820.0,-448.0,332.0,57488.0,-36.0
1978-07-01,216111.0,410197.0,33202.0,205215.0,160241.0,26555.0,201016.0,6944.0,625860.0,142714.0,120508.0,21850.0,768288.0,797965.0,120867.0,92208.0,31341.0,119181.0,4739.0,17208.0,51058.0,57011.0,62410.0,23471.0,1399.0,1432.0,162.0,1274.0,732.0,143172.0,-1741.0,55940.0,136596.0,19108.0,76960.0,42896.0,14956.0,59636.0,2744.0,195280.0,62368.0,55672.0,6696.0,253832.0,255204.0,61588.0,51080.0,10508.0,48612.0,2136.0,15992.0,14408.0,30400.0,16076.0,9612.0,1149.0,1129.0,189.0,940.0,328.0,58552.0,-557.0
1978-10-01,216486.0,411345.0,32723.0,206169.0,162124.0,26791.0,201102.0,7112.0,627570.0,145551.0,122509.0,22883.0,772212.0,805531.0,126920.0,97711.0,31439.0,120717.0,4889.0,17810.0,51111.0,58088.0,62355.0,23794.0,4527.0,4441.0,138.0,4410.0,719.0,145013.0,2320.0,57496.0,140316.0,19444.0,78880.0,43888.0,15548.0,61436.0,2824.0,200636.0,66356.0,59192.0,7164.0,261012.0,263092.0,67740.0,56796.0,10944.0,50240.0,2240.0,17004.0,14680.0,31684.0,16316.0,9808.0,2706.0,2606.0,226.0,2380.0,328.0,60376.0,758.0
1979-01-01,215987.0,417074.0,33839.0,210215.0,164437.0,27240.0,202419.0,7368.0,633597.0,148924.0,125270.0,23538.0,779994.0,811958.0,128133.0,99768.0,29861.0,122690.0,4902.0,18188.0,52862.0,59671.0,62169.0,23517.0,5434.0,5474.0,-371.0,6215.0,725.0,146713.0,-2970.0,59016.0,144964.0,20520.0,82348.0,45704.0,16124.0,62616.0,2984.0,206964.0,70632.0,63192.0,7440.0,269617.0,271400.0,70608.0,59904.0,10704.0,52384.0,2316.0,17832.0,15460.0,33292.0,16776.0,9932.0,2752.0,2688.0,-412.0,3100.0,337.0,62653.0,-993.0
1979-04-01,218995.0,417084.0,33696.0,209823.0,163923.0,27371.0,202933.0,7752.0,636605.0,142947.0,118880.0,24813.0,784581.0,822729.0,126908.0,98536.0,30041.0,124430.0,5163.0,18136.0,56053.0,61254.0,61198.0,23124.0,14774.0,14802.0,1058.0,14063.0,789.0,148132.0,-3060.0,60748.0,148488.0,21060.0,84352.0,46724.0,16568.0,64136.0,3232.0,212468.0,71372.0,63384.0,7988.0,277197.0,284172.0,70440.0,59696.0,10744.0,54324.0,2488.0,18216.0,16824.0,35040.0,16796.0,10032.0,7100.0,7064.0,528.0,6536.0,373.0,64729.0,-1057.0
1979-07-01,217181.0,418243.0,34333.0,210865.0,163576.0,27568.0,202913.0,7568.0,636088.0,147943.0,123495.0,24908.0,793693.0,828760.0,129552.0,101000.0,29970.0,132098.0,5485.0,19609.0,60408.0,66122.0,62658.0,23189.0,6393.0,6445.0,-923.0,7986.0,825.0,155898.0,2713.0,61732.0,152048.0,21696.0,86624.0,47768.0,17160.0,65424.0,3228.0,217008.0,77664.0,69480.0,8184.0,286489.0,292920.0,75608.0,64516.0,11092.0,58788.0,2696.0,20096.0,18592.0,38688.0,17404.0,10296.0,3416.0,3432.0,44.0,3388.0,397.0,69481.0,959.0
1979-10-01,218626.0,419295.0,33790.0,210100.0,163736.0,27537.0,205073.0,7752.0,638649.0,146659.0,122107.0,25232.0,797094.0,834320.0,130637.0,101560.0,30718.0,132979.0,5781.0,19883.0,60553.0,66679.0,62371.0,23120.0,11355.0,11189.0,772.0,10657.0,815.0,156698.0,1235.0,63252.0,155928.0,21784.0,88396.0,49024.0,17588.0,67532.0,3356.0,222536.0,81208.0,72652.0,8556.0,293793.0,301940.0,79432.0,67712.0,11720.0,60364.0,2908.0,20704.0,19264.0,39968.0,17488.0,10492.0,5924.0,5768.0,512.0,5256.0,401.0,71257.0,447.0
1980-01-01,220022.0,422032.0,33491.0,210311.0,165132.0,27327.0,207892.0,7908.0,642914.0,150891.0,125555.0,26100.0,803546.0,840113.0,128659.0,99357.0,31428.0,134043.0,5970.0,19771.0,63427.0,68020.0,60895.0,24025.0,3250.0,3337.0,-735.0,4440.0,806.0,158653.0,2145.0,65396.0,160552.0,22280.0,90472.0,50408.0,17784.0,70080.0,3492.0,229440.0,87060.0,78104.0,8956.0,303219.0,309784.0,81460.0,69180.0,12280.0,62212.0,3100.0,20856.0,20772.0,41628.0,17484.0,11160.0,174.0,106.0,-134.0,240.0,407.0,73779.0,791.0
1980-04-01,222813.0,420390.0,31411.0,207981.0,166202.0,27417.0,209018.0,7808.0,643361.0,144595.0,119792.0,25952.0,799143.0,839746.0,123746.0,95295.0,30713.0,129693.0,6266.0,19686.0,62344.0,67288.0,54890.0,24399.0,8900.0,8938.0,-694.0,10191.0,837.0,154725.0,-16.0,67988.0,164212.0,21576.0,92008.0,52176.0,18256.0,72204.0,3560.0,235760.0,85060.0,75876.0,9184.0,309303.0,317228.0,81660.0,69276.0,12384.0,61484.0,3320.0,21008.0,21060.0,42068.0,16096.0,11624.0,4531.0,4503.0,-441.0,4944.0,435.0,73543.0,-6.0
1980-07-01,225985.0,427591.0,33525.0,212633.0,167140.0,27892.0,211198.0,7892.0,653788.0,145435.0,120523.0,26047.0,816961.0,839048.0,119511.0,90830.0,31848.0,135706.0,6619.0,20932.0,63302.0,69928.0,58339.0,24861.0,-8977.0,-8916.0,-1040.0,-7911.0,857.0,161208.0,-3107.0,70736.0,171584.0,23576.0,96920.0,54376.0,18968.0,74664.0,3690.0,246010.0,87716.0,78244.0,9472.0,324301.0,324764.0,80604.0,67564.0,13040.0,65772.0,3576.0,22604.0,21956.0,44560.0,17636.0,12064.0,-5446.0,-5406.0,-682.0,-4724.0,455.0,78291.0,-1203.0
1980-10-01,225065.0,430014.0,34014.0,213838.0,167119.0,28214.0,212397.0,8332.0,656161.0,151903.0,126894.0,25415.0,824754.0,850657.0,127207.0,97987.0,31521.0,140051.0,6831.0,21537.0,64584.0,71650.0,61283.0,25055.0,-4200.0,-4431.0,-368.0,-4116.0,875.0,165750.0,-2541.0,72312.0,177904.0,24208.0,100616.0,56860.0,19548.0,77288.0,3958.0,254174.0,93656.0,84088.0,9568.0,336653.0,339352.0,87960.0,74628.0,13332.0,69456.0,3768.0,23576.0,23020.0,46596.0,19092.0,12548.0,-1983.0,-2203.0,-647.0,-1556.0,475.0,82479.0,-1014.0
1981-01-01,226086.0,430710.0,34758.0,215069.0,166299.0,28692.0,211600.0,8660.0,658323.0,149177.0,123446.0,26991.0,836493.0,868983.0,126079.0,95859.0,33525.0,148082.0,6822.0,23218.0,67980.0,76343.0,64305.0,24990.0,3201.0,3669.0,1698.0,1724.0,899.0,173711.0,-3359.0,74628.0,183864.0,25188.0,104100.0,58620.0,20292.0,79764.0,4296.0,262788.0,94812.0,84100.0,10712.0,351040.0,355992.0,91972.0,77128.0,14844.0,74892.0,3732.0,25688.0,24724.0,50412.0,20748.0,12868.0,3488.0,4532.0,1116.0,3416.0,492.0,88252.0,-1376.0
1981-04-01,225644.0,430309.0,34520.0,213145.0,164713.0,28410.0,213616.0,8479.0,657303.0,153307.0,127348.0,26910.0,841396.0,878750.0,134000.0,103211.0,33218.0,152359.0,7044.0,24202.0,68232.0,78123.0,66978.0,25512.0,10708.0,9554.0,1148.0,8432.0,959.0,178563.0,-2092.0,77100.0,188152.0,25524.0,105704.0,59672.0,20508.0,82448.0,4256.0,269508.0,98960.0,88040.0,10920.0,362588.0,367992.0,98952.0,84024.0,14928.0,79104.0,3900.0,27048.0,25572.0,52620.0,22584.0,13432.0,6272.0,6020.0,724.0,5296.0,544.0,93080.0,-876.0
1981-07-01,228400.0,428039.0,32493.0,211478.0,166670.0,28350.0,213190.0,8314.0,656993.0,149663.0,123955.0,26890.0,835936.0,870861.0,127911.0,98641.0,31493.0,147683.0,7216.0,23564.0,68295.0,77101.0,61519.0,25830.0,2158.0,2468.0,553.0,1875.0,1015.0,174290.0,1000.0,81060.0,191908.0,24620.0,107984.0,62580.0,20784.0,83924.0,4264.0,277232.0,96960.0,85872.0,11088.0,370452.0,372820.0,95820.0,81336.0,14484.0,78612.0,4072.0,26984.0,26468.0,53452.0,21088.0,14012.0,800.0,904.0,360.0,544.0,596.0,93220.0,428.0
1981-10-01,229023.0,429061.0,33030.0,213024.0,167496.0,28450.0,212354.0,8157.0,658411.0,150775.0,125310.0,26368.0,835104.0,866874.0,123095.0,94611.0,30873.0,145418.0,7329.0,23614.0,69771.0,78012.0,55924.0,26185.0,-7484.0,-7672.0,67.0,-7885.0,1097.0,172483.0,773.0,82556.0,195984.0,25208.0,110416.0,64060.0,21148.0,85568.0,4308.0,282848.0,98028.0,86936.0,11092.0,376944.0,376628.0,92192.0,77924.0,14268.0,79128.0,4236.0,27588.0,28024.0,55612.0,19280.0,14300.0,-6488.0,-6604.0,-20.0,-6584.0,668.0,94096.0,336.0
1982-01-01,227096.0,422690.0,30143.0,206648.0,166806.0,27307.0,213340.0,7859.0,649659.0,147553.0,122908.0,25354.0,820004.0,856676.0,113578.0,85001.0,32574.0,139918.0,7263.0,21974.0,68208.0,74435.0,54759.0,26065.0,-10258.0,-10287.0,929.0,-11473.0,1081.0,166867.0,-2147.0,85060.0,197408.0,23324.0,109700.0,65716.0,20660.0,87708.0,4340.0,286808.0,95600.0,84716.0,10884.0,379356.0,383004.0,86492.0,71160.0,15332.0,77112.0,4372.0,26408.0,27624.0,54032.0,18708.0,14772.0,-4500.0,-4656.0,660.0,-5316.0,664.0,92548.0,-960.0
1982-04-01,229417.0,419347.0,29975.0,205219.0,165198.0,27315.0,211388.0,7718.0,647902.0,150291.0,125673.0,25055.0,804823.0,846763.0,107493.0,81189.0,29521.0,128517.0,7034.0,20151.0,63645.0,68869.0,48584.0,26146.0,-18195.0,-18215.0,-304.0,-18132.0,1008.0,155537.0,-386.0,87748.0,201820.0,23460.0,111928.0,67424.0,21044.0,89892.0,4424.0,293992.0,98916.0,87796.0,11120.0,381272.0,386516.0,83548.0,69188.0,14360.0,71712.0,4308.0,24660.0,26140.0,50800.0,16604.0,14952.0,-9948.0,-10132.0,-160.0,-9972.0,616.0,87280.0,-176.0
1982-07-01,231372.0,417718.0,29667.0,204286.0,164653.0,27255.0,210741.0,7749.0,647861.0,154870.0,130294.0,24584.0,796662.0,839341.0,107104.0,81187.0,28905.0,121576.0,6677.0,19223.0,57916.0,64139.0,48103.0,26246.0,-21563.0,-21553.0,-378.0,-21400.0,923.0,148647.0,-2310.0,90460.0,205872.0,23420.0,113436.0,68776.0,21240.0,92436.0,4572.0,300904.0,102576.0,91388.0,11188.0,385188.0,389560.0,83944.0,69620.0,14324.0,68500.0,4136.0,23712.0,24080.0,47792.0,16572.0,15216.0,-13188.0,-13364.0,-364.0,-13000.0,568.0,84284.0,-1072.0
1982-10-01,232030.0,416226.0,30315.0,202905.0,161629.0,27241.0,210807.0,7757.0,646843.0,141889.0,118630.0,23649.0,799762.0,831597.0,101766.0,76134.0,29183.0,124233.0,6708.0,18827.0,58823.0,63984.0,52698.0,27096.0,-21037.0,-20725.0,-418.0,-20496.0,923.0,152156.0,-4318.0,93072.0,209644.0,24092.0,114428.0,68804.0,21532.0,95216.0,4664.0,307380.0,94080.0,83000.0,11080.0,393696.0,393644.0,78660.0,64100.0,14560.0,70072.0,4188.0,23316.0,24188.0,47504.0,18380.0,15676.0,-13428.0,-13228.0,-388.0,-12840.0,568.0,86316.0,-2044.0
1983-01-01,228008.0,422142.0,31601.0,206240.0,162411.0,27905.0,213242.0,7749.0,649730.0,145884.0,122960.0,22842.0,801715.0,845508.0,107460.0,81707.0,28607.0,123973.0,6668.0,18344.0,57337.0,62354.0,55801.0,26569.0,-8837.0,-9060.0,-2445.0,-6538.0,984.0,151428.0,-4244.0,91564.0,215060.0,25304.0,117108.0,69528.0,22276.0,97952.0,4704.0,311328.0,96852.0,86088.0,10764.0,397196.0,403236.0,83128.0,68772.0,14356.0,69912.0,4064.0,22924.0,23268.0,46192.0,19656.0,15348.0,-5660.0,-5728.0,-1488.0,-4240.0,608.0,85868.0,-2024.0
1983-04-01,232247.0,427407.0,33484.0,209231.0,163001.0,27834.0,215384.0,7615.0,658714.0,155794.0,130576.0,25483.0,813934.0,862126.0,112418.0,85036.0,30658.0,127137.0,6746.0,18345.0,56222.0,61746.0,61977.0,26454.0,-11736.0,-11620.0,-1029.0,-10617.0,1039.0,154515.0,-2753.0,95044.0,220216.0,26928.0,120224.0,70792.0,22504.0,99992.0,4700.0,319960.0,103728.0,91584.0,12144.0,408196.0,415804.0,86692.0,71116.0,15576.0,72156.0,4192.0,22928.0,22864.0,45792.0,22172.0,15440.0,-8100.0,-8028.0,-640.0,-7388.0,640.0,88236.0,-1328.0
1983-07-01,234691.0,432555.0,34945.0,212523.0,163627.0,28392.0,217024.0,7600.0,666215.0,157920.0,132361.0,25826.0,823008.0,871768.0,121697.0,92842.0,31897.0,128422.0,6984.0,18917.0,55676.0,62411.0,62226.0,26762.0,-3193.0,-3111.0,-1100.0,-1986.0,1035.0,156102.0,-1122.0,97044.0,227116.0,28376.0,124340.0,72864.0,23100.0,102776.0,4796.0,328956.0,106040.0,93476.0,12564.0,418740.0,428960.0,94436.0,78064.0,16372.0,73380.0,4356.0,23772.0,22756.0,46528.0,22496.0,15764.0,-832.0,-660.0,-212.0,-448.0,640.0,89784.0,-552.0
1983-10-01,234951.0,437255.0,36034.0,215499.0,164993.0,28699.0,218560.0,7608.0,671440.0,169395.0,143273.0,25829.0,829353.0,882754.0,131813.0,101988.0,32222.0,129491.0,7394.0,19536.0,56969.0,64163.0,59592.0,26824.0,178.0,8.0,-243.0,263.0,1038.0,157229.0,-638.0,98352.0,232220.0,29548.0,127436.0,74436.0,23452.0,104784.0,4948.0,335520.0,113432.0,100844.0,12588.0,425932.0,437264.0,102860.0,86040.0,16820.0,73824.0,4592.0,24444.0,23316.0,47760.0,21472.0,15948.0,1076.0,1040.0,40.0,1000.0,640.0,90412.0,-316.0
1984-01-01,235525.0,441559.0,37899.0,217652.0,163622.0,29157.0,220671.0,7129.0,675861.0,177715.0,150410.0,26953.0,834062.0,897940.0,136862.0,106322.0,32766.0,129320.0,7695.0,19552.0,56046.0,63681.0,59792.0,27354.0,5958.0,6061.0,-651.0,6816.0,1026.0,157594.0,-898.0,99508.0,237300.0,31132.0,130352.0,75280.0,23940.0,106948.0,4844.0,341652.0,120968.0,107640.0,13328.0,433568.0,447840.0,109204.0,91712.0,17492.0,74864.0,4912.0,24528.0,23376.0,47904.0,22048.0,16412.0,2956.0,3048.0,-632.0,3680.0,640.0,91916.0,-448.0
1984-04-01,235617.0,446141.0,38369.0,221267.0,166065.0,29954.0,221290.0,7223.0,680933.0,183446.0,156236.0,26403.0,838791.0,915503.0,138527.0,108260.0,32130.0,128834.0,7918.0,19441.0,55415.0,63145.0,59738.0,27591.0,11403.0,11298.0,-965.0,12440.0,1077.0,157412.0,-263.0,100588.0,241292.0,31692.0,133024.0,76552.0,24780.0,108268.0,5048.0,346928.0,127636.0,114396.0,13240.0,439236.0,459552.0,112448.0,94852.0,17596.0,74856.0,5036.0,24340.0,23296.0,47636.0,22184.0,16788.0,5260.0,5220.0,-1140.0,6360.0,664.0,92308.0,-132.0
1984-07-01,238350.0,446624.0,38881.0,220926.0,164862.0,29867.0,222242.0,7262.0,683788.0,193873.0,166062.0,26529.0,843089.0,919353.0,143096.0,113084.0,31188.0,129541.0,8062.0,19189.0,55838.0,62963.0,60970.0,28200.0,6470.0,6378.0,-3371.0,10022.0,1103.0,158770.0,-2158.0,102512.0,244116.0,32232.0,133936.0,76880.0,24824.0,110180.0,5160.0,351788.0,135060.0,121640.0,13420.0,445388.0,465180.0,118108.0,100696.0,17412.0,75696.0,5212.0,24168.0,23680.0,47848.0,22636.0,17224.0,3932.0,3776.0,-2344.0,6120.0,680.0,93600.0,-1092.0
1984-10-01,241401.0,454380.0,40233.0,224519.0,166571.0,30182.0,226400.0,7411.0,694784.0,191085.0,163415.0,26522.0,854050.0,933920.0,137191.0,108120.0,30374.0,129271.0,7936.0,19757.0,53623.0,62656.0,61393.0,28665.0,3723.0,3832.0,-1259.0,5170.0,1116.0,159000.0,-1509.0,104592.0,250072.0,33568.0,137496.0,78632.0,25296.0,112576.0,5252.0,359916.0,132588.0,119172.0,13416.0,454632.0,475372.0,113728.0,96584.0,17144.0,76176.0,5248.0,24680.0,23124.0,47804.0,23124.0,17860.0,2648.0,2628.0,-1344.0,3972.0,680.0,94716.0,-768.0
1985-01-01,245043.0,459695.0,41268.0,227589.0,168379.0,30377.0,228502.0,7953.0,704209.0,192487.0,164179.0,27340.0,867432.0,948110.0,142982.0,111855.0,32948.0,132308.0,8260.0,20469.0,55291.0,64764.0,61300.0,29438.0,7723.0,7808.0,452.0,7374.0,1070.0,162766.0,1514.0,107964.0,256064.0,34744.0,140916.0,80520.0,25652.0,115148.0,5540.0,369568.0,134396.0,120304.0,14092.0,466984.0,486096.0,118840.0,99780.0,19060.0,78500.0,5444.0,25928.0,23960.0,49888.0,23168.0,18260.0,2780.0,2868.0,192.0,2676.0,656.0,97416.0,776.0
1985-04-01,247146.0,463876.0,43521.0,230212.0,167059.0,30813.0,229904.0,8039.0,710527.0,194155.0,165443.0,27800.0,882098.0,951132.0,150120.0,118792.0,32523.0,138631.0,8682.0,21315.0,59628.0,68596.0,62685.0,30790.0,5702.0,5654.0,1309.0,4351.0,1068.0,170434.0,945.0,109656.0,261648.0,36628.0,143580.0,80804.0,26148.0,118068.0,5560.0,376864.0,137744.0,123120.0,14624.0,479288.0,495352.0,125620.0,106456.0,19164.0,82592.0,5792.0,26940.0,25996.0,52936.0,23864.0,19160.0,3448.0,3476.0,644.0,2832.0,672.0,102424.0,492.0
1985-07-01,245224.0,473078.0,45005.0,235412.0,170034.0,31467.0,233695.0,7843.0,718450.0,195111.0,165959.0,28356.0,895780.0,963199.0,153817.0,122092.0,32756.0,143161.0,8858.0,22041.0,59217.0,69553.0,67521.0,31608.0,10021.0,9993.0,1809.0,8207.0,1109.0,175814.0,-2019.0,109776.0,269032.0,38176.0,148064.0,83028.0,26860.0,120968.0,5436.0,384244.0,137956.0,122920.0,15036.0,490560.0,503872.0,129680.0,110204.0,19476.0,85988.0,6032.0,28008.0,25980.0,53988.0,25968.0,19636.0,6092.0,6084.0,864.0,5220.0,692.0,106316.0,-1056.0
1985-10-01,251311.0,477946.0,46528.0,238482.0,170358.0,32035.0,235311.0,7977.0,728899.0,197821.0,168169.0,28883.0,907754.0,977982.0,154662.0,122919.0,32701.0,145050.0,8795.0,22284.0,57450.0,68952.0,71779.0,31343.0,7419.0,7504.0,335.0,7145.0,1109.0,177416.0,1109.0,113716.0,273612.0,39580.0,151420.0,84236.0,27604.0,122192.0,5572.0,392900.0,140872.0,125276.0,15596.0,500896.0,514788.0,131788.0,111928.0,19860.0,87508.0,5980.0,28340.0,25264.0,53604.0,27924.0,19776.0,4224.0,4324.0,36.0,4288.0,712.0,107996.0,584.0
1986-01-01,251448.0,477242.0,46671.0,236366.0,167749.0,31834.0,237111.0,8117.0,728446.0,199020.0,169478.0,28666.0,909257.0,977688.0,157796.0,125414.0,33356.0,147185.0,9190.0,22267.0,60530.0,70657.0,71005.0,31013.0,10899.0,10833.0,1560.0,9302.0,1103.0,179185.0,-1787.0,114500.0,278316.0,40176.0,152156.0,84396.0,27584.0,126160.0,5736.0,398552.0,140096.0,124256.0,15840.0,508292.0,518612.0,136580.0,115596.0,20984.0,89436.0,6180.0,28676.0,26504.0,55180.0,28076.0,19600.0,7752.0,7768.0,672.0,7096.0,704.0,109740.0,-948.0
1986-04-01,249805.0,482968.0,45990.0,238466.0,170123.0,32710.0,240845.0,7965.0,732977.0,200877.0,169852.0,30530.0,913170.0,983246.0,156738.0,123809.0,34249.0,147190.0,8962.0,23418.0,55245.0,69589.0,73480.0,30570.0,8791.0,8779.0,1579.0,7255.0,1078.0,178710.0,-2470.0,114848.0,282992.0,40768.0,153880.0,84620.0,28492.0,129112.0,5756.0,403596.0,139580.0,122804.0,16776.0,514056.0,523844.0,133976.0,112592.0,21384.0,90500.0,6028.0,30232.0,24356.0,54588.0,29884.0,19252.0,5500.0,5500.0,872.0,4628.0,708.0,110460.0,-1316.0
1986-07-01,252281.0,489669.0,47940.0,243388.0,172266.0,33148.0,242247.0,8090.0,742339.0,207643.0,174733.0,32659.0,921044.0,984487.0,163347.0,129724.0,34682.0,146651.0,8766.0,23799.0,52157.0,68467.0,75125.0,29968.0,1905.0,1993.0,2280.0,-61.0,1055.0,177538.0,460.0,117448.0,290144.0,42900.0,158504.0,86464.0,29140.0,131640.0,5996.0,413588.0,144308.0,126248.0,18060.0,524248.0,530220.0,139468.0,117716.0,21752.0,91108.0,5880.0,30508.0,23264.0,53772.0,31456.0,18852.0,884.0,1000.0,1400.0,-400.0,700.0,110660.0,248.0
1986-10-01,251338.0,489913.0,46551.0,240749.0,171170.0,33234.0,245681.0,7883.0,741533.0,207109.0,176340.0,29897.0,920898.0,977378.0,163232.0,129245.0,35217.0,147486.0,9021.0,23737.0,51609.0,68056.0,76718.0,29730.0,-1288.0,-1406.0,155.0,-1523.0,1048.0,178125.0,-2417.0,118596.0,293620.0,42156.0,158780.0,87124.0,29500.0,134840.0,6032.0,418248.0,144516.0,127784.0,16732.0,530528.0,533844.0,139304.0,117104.0,22200.0,92856.0,6120.0,30488.0,23356.0,53844.0,32892.0,18724.0,-576.0,-616.0,-92.0,-524.0,700.0,112280.0,-1320.0
1987-01-01,253441.0,494896.0,47906.0,240597.0,168882.0,33059.0,251303.0,7616.0,748217.0,209048.0,177942.0,30241.0,932403.0,999928.0,161584.0,127880.0,34949.0,151441.0,8992.0,24123.0,51804.0,68792.0,81172.0,30354.0,1410.0,1462.0,1109.0,471.0,1011.0,182659.0,-347.0,120944.0,299812.0,43348.0,160268.0,87180.0,29740.0,139544.0,6068.0,426824.0,145464.0,128420.0,17044.0,543264.0,552484.0,136120.0,114296.0,21824.0,96540.0,6076.0,30768.0,23724.0,54492.0,35972.0,19208.0,68.0,96.0,16.0,80.0,692.0,116440.0,-192.0
1987-04-01,255383.0,502956.0,50008.0,246142.0,171686.0,33451.0,253442.0,7665.0,758466.0,206170.0,174850.0,30649.0,951495.0,1012843.0,163928.0,129182.0,36246.0,159464.0,9323.0,25217.0,56425.0,73228.0,84295.0,30575.0,-691.0,-683.0,-969.0,182.0,1046.0,190938.0,2235.0,123648.0,307308.0,45068.0,165592.0,90172.0,30352.0,141716.0,6272.0,437228.0,145908.0,128420.0,17488.0,560200.0,567420.0,138248.0,115480.0,22768.0,102672.0,6468.0,32012.0,26000.0,58012.0,38192.0,19576.0,-1692.0,-1652.0,-908.0,-744.0,724.0,122972.0,1252.0
1987-07-01,253618.0,507406.0,50234.0,247480.0,172707.0,33628.0,256696.0,7523.0,761500.0,209422.0,177273.0,31564.0,965262.0,1028259.0,168328.0,132866.0,36909.0,168913.0,9770.0,27603.0,58830.0,78441.0,87935.0,30989.0,1713.0,1746.0,-937.0,2553.0,1065.0,200818.0,2942.0,123368.0,312276.0,45644.0,168036.0,91572.0,30820.0,144240.0,6252.0,441896.0,150292.0,132008.0,18284.0,571628.0,581680.0,142864.0,119700.0,23164.0,109176.0,6796.0,34596.0,27392.0,61988.0,40392.0,19804.0,960.0,1044.0,-588.0,1632.0,752.0,129732.0,1664.0
1987-10-01,256790.0,512895.0,51395.0,249635.0,172505.0,34187.0,260104.0,8014.0,770681.0,216022.0,183634.0,31561.0,977751.0,1041543.0,181898.0,145066.0,37752.0,172048.0,9889.0,28897.0,60507.0,81477.0,86939.0,31037.0,12280.0,12180.0,-1025.0,12842.0,1080.0,204020.0,2517.0,126096.0,318784.0,47444.0,171276.0,92172.0,31660.0,147508.0,6652.0,451532.0,155724.0,137448.0,18276.0,584588.0,595760.0,153956.0,130252.0,23704.0,112344.0,7048.0,36320.0,28736.0,65056.0,40240.0,19948.0,7964.0,7912.0,-468.0,8380.0,764.0,133056.0,1440.0
1988-01-01,259827.0,516028.0,52476.0,251705.0,174396.0,33556.0,261036.0,8286.0,776933.0,227727.0,192032.0,35258.0,988222.0,1056728.0,188925.0,150369.0,39644.0,175202.0,10179.0,31053.0,59616.0,84319.0,86062.0,31895.0,12674.0,12686.0,-1984.0,14056.0,1058.0,208001.0,2062.0,129104.0,323548.0,48736.0,173692.0,93444.0,31512.0,149856.0,6788.0,459440.0,161392.0,140928.0,20464.0,596708.0,610948.0,157320.0,133164.0,24156.0,115628.0,7220.0,38792.0,28888.0,67680.0,40728.0,20880.0,8976.0,8940.0,-496.0,9436.0,760.0,137268.0,1192.0
1988-04-01,262243.0,523449.0,52984.0,252938.0,174715.0,33778.0,267659.0,8276.0,786820.0,231498.0,198000.0,32349.0,1000265.0,1066087.0,188949.0,149207.0,41372.0,176724.0,10627.0,30323.0,61742.0,84472.0,87251.0,32544.0,6136.0,6142.0,-3437.0,8957.0,1053.0,210160.0,1730.0,131268.0,331616.0,49592.0,176372.0,94576.0,32204.0,155244.0,6752.0,469636.0,163008.0,144060.0,18948.0,609160.0,621168.0,156108.0,131212.0,24896.0,117500.0,7524.0,37768.0,30128.0,67896.0,42080.0,21264.0,4100.0,4072.0,-1032.0,5104.0,760.0,139524.0,1008.0
1988-07-01,263429.0,526742.0,53224.0,255248.0,176590.0,34167.0,268481.0,8286.0,791323.0,226082.0,192388.0,32822.0,1012299.0,1066184.0,193585.0,152778.0,42519.0,183219.0,11004.0,33026.0,64047.0,90043.0,86411.0,33044.0,6543.0,6521.0,-2872.0,9021.0,1063.0,217167.0,1250.0,133752.0,337720.0,50404.0,179792.0,96528.0,32860.0,157928.0,6788.0,478260.0,162240.0,142948.0,19292.0,623004.0,631392.0,159624.0,134084.0,25540.0,122212.0,7912.0,40248.0,31640.0,71888.0,42412.0,21748.0,5032.0,4972.0,-1016.0,5988.0,784.0,144744.0,740.0
1988-10-01,263507.0,533377.0,53842.0,257800.0,178180.0,34524.0,272654.0,8581.0,798824.0,231910.0,197334.0,33687.0,1016471.0,1073620.0,195676.0,153885.0,43773.0,180452.0,11049.0,30423.0,65266.0,86782.0,87929.0,32872.0,4714.0,4622.0,-828.0,5330.0,1079.0,214244.0,1960.0,135512.0,345500.0,51676.0,182976.0,97652.0,33648.0,162524.0,7124.0,488136.0,166656.0,146648.0,20008.0,634032.0,644068.0,161688.0,135356.0,26332.0,123172.0,7876.0,38724.0,32756.0,71480.0,43816.0,21912.0,3892.0,3700.0,236.0,3464.0,812.0,145896.0,1176.0
1989-01-01,264498.0,537195.0,52913.0,256433.0,178915.0,34032.0,278444.0,8690.0,803854.0,235998.0,200167.0,35087.0,1031301.0,1085867.0,200826.0,157281.0,45885.0,188572.0,10962.0,32611.0,66737.0,91046.0,92121.0,33838.0,1452.0,1475.0,891.0,648.0,1067.0,223315.0,4673.0,137460.0,350084.0,51412.0,183700.0,98672.0,33616.0,166384.0,7384.0,494928.0,172084.0,150952.0,21132.0,648096.0,656160.0,166248.0,138792.0,27456.0,129712.0,7776.0,40856.0,33932.0,74788.0,47148.0,22640.0,-596.0,-756.0,716.0,-1472.0,816.0,153168.0,2824.0
1989-04-01,268144.0,544116.0,55071.0,260111.0,178800.0,34653.0,281582.0,8919.0,814573.0,226863.0,191968.0,34292.0,1039853.0,1090017.0,202180.0,158471.0,46004.0,186565.0,10790.0,33890.0,64614.0,91675.0,88653.0,34055.0,11665.0,11779.0,2644.0,9251.0,1053.0,221498.0,957.0,143328.0,360504.0,54120.0,189680.0,101168.0,34392.0,170824.0,7672.0,511504.0,166784.0,145916.0,20868.0,663876.0,669792.0,168876.0,141032.0,27844.0,128696.0,7704.0,42384.0,33124.0,75508.0,45484.0,22860.0,7420.0,7420.0,1424.0,5996.0,816.0,152372.0,588.0
1989-07-01,271279.0,542312.0,52476.0,256583.0,178955.0,34535.0,283857.0,9126.0,815611.0,228148.0,193043.0,34502.0,1039823.0,1093917.0,200882.0,156973.0,46409.0,184763.0,10664.0,32278.0,65777.0,89947.0,89180.0,34925.0,14034.0,13981.0,2154.0,11871.0,1033.0,220521.0,-1128.0,145640.0,363644.0,51984.0,189584.0,102968.0,34632.0,174060.0,7876.0,517160.0,165624.0,144500.0,21124.0,670168.0,679132.0,165896.0,137792.0,28104.0,128412.0,7588.0,40812.0,33908.0,74720.0,46104.0,23784.0,9936.0,9860.0,608.0,9252.0,812.0,153008.0,-700.0
1989-10-01,270901.0,545852.0,52837.0,257453.0,179882.0,34287.0,286677.0,9181.0,819105.0,234084.0,198573.0,34783.0,1051216.0,1091582.0,207817.0,161891.0,48740.0,190678.0,10985.0,33582.0,67252.0,92844.0,92035.0,36375.0,1399.0,1580.0,614.0,1010.0,1088.0,227932.0,1551.0,147604.0,368656.0,52468.0,191172.0,104220.0,34484.0,177484.0,7844.0,524104.0,168332.0,146972.0,21360.0,682372.0,681232.0,171104.0,141604.0,29500.0,132592.0,7876.0,42004.0,34792.0,76796.0,47920.0,24824.0,664.0,848.0,-508.0,1356.0,852.0,158268.0,968.0
1990-01-01,276173.0,554046.0,54274.0,259465.0,178889.0,34936.0,293203.0,9666.0,832886.0,237663.0,202297.0,34488.0,1061199.0,1101873.0,209149.0,162071.0,50290.0,186966.0,11342.0,32619.0,66687.0,91034.0,89459.0,36721.0,-28.0,-218.0,734.0,-867.0,1103.0,224572.0,739.0,152412.0,377640.0,53892.0,194456.0,105276.0,35288.0,183184.0,8104.0,538156.0,171120.0,149768.0,21352.0,696088.0,691928.0,174796.0,143860.0,30936.0,131660.0,8232.0,41384.0,35088.0,76472.0,46956.0,25392.0,-948.0,-1036.0,-396.0,-640.0,880.0,157932.0,464.0
1990-04-01,272898.0,547349.0,52031.0,255854.0,179194.0,34272.0,290227.0,10058.0,823523.0,246283.0,209061.0,36417.0,1046144.0,1097310.0,209701.0,162237.0,50797.0,181609.0,11591.0,31654.0,67014.0,89785.0,83905.0,36613.0,1038.0,1006.0,1030.0,82.0,1110.0,219115.0,1357.0,154264.0,376564.0,51532.0,193200.0,106876.0,34792.0,183364.0,8316.0,539144.0,175284.0,152616.0,22668.0,692952.0,695624.0,173640.0,142168.0,31472.0,127368.0,8256.0,40204.0,35564.0,75768.0,43344.0,25556.0,168.0,32.0,-48.0,80.0,884.0,153808.0,860.0
1990-07-01,278930.0,547376.0,51363.0,254926.0,179603.0,33991.0,291362.0,10309.0,829071.0,244849.0,208379.0,35575.0,1045314.0,1089546.0,205669.0,157695.0,51836.0,174954.0,12281.0,30179.0,66238.0,87076.0,78314.0,37291.0,-7879.0,-7832.0,3754.0,-10985.0,1089.0,213115.0,637.0,159228.0,381124.0,51096.0,194216.0,108264.0,34856.0,186908.0,8424.0,548776.0,176784.0,154508.0,22276.0,697792.0,697684.0,171656.0,139392.0,32264.0,122244.0,8868.0,38352.0,35160.0,73512.0,39864.0,25908.0,-5644.0,-5712.0,1756.0,-7468.0,864.0,149016.0,408.0
1990-10-01,282035.0,545467.0,50631.0,251793.0,177580.0,33562.0,293020.0,10418.0,829875.0,238350.0,202236.0,35353.0,1038175.0,1079836.0,202931.0,155485.0,51302.0,167445.0,12197.0,29490.0,64023.0,84645.0,72130.0,37219.0,-6736.0,-6716.0,2552.0,-8785.0,1038.0,205484.0,843.0,163336.0,384916.0,50304.0,195012.0,109800.0,34908.0,189904.0,8428.0,556680.0,174380.0,151884.0,22496.0,699748.0,696768.0,173188.0,140720.0,32468.0,116432.0,9096.0,36980.0,34168.0,71148.0,36188.0,25804.0,-4716.0,-4756.0,1128.0,-5884.0,832.0,143068.0,544.0
1991-01-01,280573.0,534089.0,48131.0,245060.0,176720.0,31456.0,288670.0,10669.0,816927.0,233450.0,197721.0,35034.0,1026968.0,1064426.0,203261.0,156643.0,50112.0,168423.0,12763.0,31477.0,64796.0,88087.0,67098.0,37895.0,-3449.0,-3401.0,2047.0,-5083.0,1076.0,207171.0,-417.0,164576.0,384944.0,47744.0,193100.0,111084.0,34272.0,191844.0,8572.0,558092.0,166236.0,143472.0,22764.0,699848.0,694008.0,169464.0,137760.0,31704.0,115660.0,9108.0,37584.0,33804.0,71388.0,35164.0,25276.0,-2340.0,-2312.0,800.0,-3112.0,820.0,141756.0,-272.0
1991-04-01,285842.0,543037.0,51971.0,250904.0,176880.0,32118.0,291444.0,10881.0,831142.0,243734.0,207986.0,34862.0,1038838.0,1069389.0,207269.0,158646.0,52602.0,165299.0,11875.0,30058.0,64154.0,85575.0,68101.0,38698.0,-15639.0,-15715.0,1053.0,-16312.0,1080.0,204822.0,-726.0,168600.0,394100.0,51244.0,199256.0,112744.0,35268.0,194844.0,8696.0,571396.0,169500.0,146936.0,22564.0,713580.0,701572.0,170380.0,137344.0,33036.0,115160.0,8768.0,36532.0,33560.0,70092.0,36300.0,26192.0,-10652.0,-10732.0,440.0,-11172.0,832.0,142184.0,-476.0
1991-07-01,283773.0,542556.0,51330.0,249439.0,176740.0,31715.0,292659.0,11105.0,829116.0,253034.0,216529.0,35535.0,1037450.0,1070821.0,216805.0,167235.0,53248.0,166016.0,11636.0,30430.0,62914.0,85337.0,69735.0,38512.0,-9942.0,-9900.0,545.0,-10135.0,1170.0,205461.0,-1987.0,169060.0,396708.0,50668.0,199216.0,113444.0,35104.0,197492.0,8820.0,574588.0,174472.0,151356.0,23116.0,716572.0,704796.0,178248.0,144656.0,33592.0,115208.0,8592.0,36820.0,32684.0,69504.0,37112.0,25880.0,-6692.0,-6712.0,-16.0,-6696.0,896.0,141984.0,-1308.0
1991-10-01,285992.0,545614.0,49261.0,247976.0,177602.0,32014.0,297688.0,11274.0,834445.0,252616.0,214535.0,37232.0,1045673.0,1072797.0,220900.0,168662.0,56616.0,168051.0,11641.0,30836.0,62757.0,85836.0,71615.0,39272.0,-10772.0,-10650.0,393.0,-10700.0,1257.0,208340.0,-2071.0,171936.0,397192.0,48628.0,196244.0,112316.0,35300.0,200948.0,8888.0,578016.0,173412.0,149272.0,24140.0,720912.0,706716.0,180036.0,144316.0,35720.0,115680.0,8460.0,36620.0,32628.0,69248.0,37972.0,26268.0,-6208.0,-6056.0,60.0,-6116.0,948.0,142896.0,-1364.0
1992-01-01,286448.0,545600.0,49893.0,248571.0,177903.0,31701.0,296979.0,11450.0,835026.0,254736.0,217872.0,35883.0,1044816.0,1073579.0,220508.0,169821.0,54555.0,167304.0,11543.0,31589.0,58013.0,83898.0,73727.0,38605.0,-11027.0,-11248.0,-1645.0,-9655.0,1215.0,206893.0,-2873.0,173332.0,399628.0,49528.0,196932.0,112600.0,34804.0,202696.0,9020.0,581980.0,177888.0,154568.0,23320.0,724892.0,710008.0,183220.0,147628.0,35592.0,115836.0,8316.0,37924.0,30200.0,68124.0,39396.0,26172.0,-7652.0,-7812.0,-1056.0,-6756.0,904.0,142912.0,-1900.0
1992-04-01,284842.0,547725.0,49849.0,249159.0,178599.0,31764.0,298576.0,11633.0,836066.0,261973.0,223210.0,37838.0,1037342.0,1074890.0,222848.0,171551.0,55229.0,159046.0,11608.0,29200.0,53214.0,77290.0,72995.0,38364.0,-8217.0,-7976.0,-273.0,-7562.0,1188.0,198347.0,-1384.0,174136.0,402796.0,49636.0,198308.0,113656.0,35016.0,204488.0,9140.0,586072.0,185064.0,160464.0,24600.0,724228.0,714744.0,188264.0,151720.0,36544.0,111096.0,8476.0,35868.0,27648.0,63516.0,39104.0,26160.0,-5364.0,-5180.0,-112.0,-5068.0,900.0,138156.0,-920.0
1992-07-01,284780.0,550621.0,50595.0,250327.0,178107.0,32221.0,300328.0,11715.0,839140.0,265963.0,227085.0,37887.0,1044393.0,1080662.0,226548.0,176359.0,53518.0,163320.0,12065.0,30134.0,53707.0,78999.0,75322.0,38075.0,-8921.0,-8997.0,-2278.0,-6925.0,1176.0,202337.0,-1611.0,175828.0,407892.0,50352.0,200304.0,114316.0,35636.0,207588.0,9208.0,592928.0,189716.0,164940.0,24776.0,733156.0,721660.0,193568.0,157964.0,35604.0,113472.0,8836.0,36708.0,27688.0,64396.0,40240.0,25860.0,-6568.0,-6492.0,-1248.0,-5244.0,896.0,140228.0,-1076.0
1992-10-01,289354.0,552618.0,50870.0,252723.0,179926.0,32650.0,299703.0,11786.0,845308.0,273228.0,232532.0,39771.0,1042294.0,1086810.0,221829.0,173285.0,51598.0,155975.0,12417.0,27701.0,49758.0,72864.0,74674.0,37021.0,-13846.0,-13904.0,-131.0,-13565.0,1183.0,193948.0,-2110.0,179180.0,411256.0,50588.0,202196.0,115592.0,36016.0,209060.0,9280.0,599716.0,200228.0,174036.0,26192.0,735504.0,727332.0,197608.0,161656.0,35952.0,109488.0,9044.0,34552.0,25776.0,60328.0,40116.0,25392.0,-9380.0,-9388.0,-212.0,-9176.0,908.0,135788.0,-1412.0
1993-01-01,286590.0,555603.0,50424.0,253884.0,181808.0,32801.0,301556.0,11806.0,846058.0,283144.0,242091.0,39950.0,1040937.0,1093765.0,231889.0,181270.0,53771.0,152646.0,13436.0,26413.0,50383.0,71317.0,71379.0,38235.0,-6525.0,-6525.0,1625.0,-7883.0,1222.0,191824.0,715.0,176804.0,414924.0,50428.0,203564.0,116852.0,36284.0,211360.0,9356.0,601084.0,208692.0,181924.0,26768.0,736140.0,733952.0,205812.0,167672.0,38140.0,108212.0,9436.0,33080.0,26372.0,59452.0,39324.0,25916.0,-5548.0,-5556.0,932.0,-6488.0,928.0,135056.0,480.0
1993-04-01,287809.0,557725.0,50633.0,254163.0,181318.0,33099.0,303496.0,11771.0,849308.0,291245.0,249683.0,40346.0,1048719.0,1103723.0,239177.0,187232.0,55115.0,156865.0,14516.0,27126.0,52947.0,73999.0,71381.0,38513.0,-3988.0,-3959.0,2052.0,-5736.0,1254.0,196378.0,480.0,179324.0,418744.0,50812.0,204400.0,116948.0,36640.0,214344.0,9404.0,607472.0,215708.0,188576.0,27132.0,745060.0,745360.0,213840.0,174400.0,39440.0,110868.0,10088.0,33788.0,27600.0,61388.0,39392.0,25768.0,-1892.0,-1856.0,948.0,-2804.0,952.0,137588.0,324.0
1993-07-01,284483.0,561534.0,51188.0,254872.0,181228.0,33163.0,306739.0,11715.0,850339.0,293470.0,250697.0,41664.0,1053924.0,1114242.0,240549.0,187554.0,56406.0,161034.0,15099.0,28822.0,53500.0,76891.0,71629.0,38505.0,2358.0,2288.0,1610.0,818.0,1285.0,200611.0,-2151.0,178744.0,423136.0,51688.0,205896.0,117344.0,36864.0,217240.0,9460.0,611340.0,218432.0,190592.0,27840.0,751984.0,750068.0,220608.0,178964.0,41644.0,113928.0,10572.0,36012.0,28104.0,64116.0,39240.0,25744.0,1708.0,1640.0,1036.0,604.0,972.0,140644.0,-1448.0
1993-10-01,284253.0,563122.0,51143.0,255233.0,181830.0,33115.0,308015.0,11588.0,851661.0,302028.0,258643.0,42156.0,1058004.0,1119052.0,246846.0,194387.0,55404.0,164138.0,16352.0,29012.0,55185.0,78235.0,71999.0,38098.0,1024.0,1062.0,2083.0,-846.0,1330.0,203403.0,-1062.0,178880.0,428144.0,52040.0,206864.0,117936.0,36888.0,221280.0,9504.0,616528.0,227992.0,199404.0,28588.0,760728.0,758768.0,229536.0,187856.0,41680.0,117368.0,11436.0,36788.0,29204.0,65992.0,39940.0,25820.0,304.0,292.0,716.0,-424.0,1012.0,144200.0,-720.0
1994-01-01,280111.0,572744.0,52419.0,261157.0,186422.0,33589.0,311521.0,11359.0,857884.0,303992.0,257929.0,45179.0,1066873.0,1135542.0,246717.0,193567.0,56296.0,166216.0,17071.0,28802.0,54232.0,77322.0,75151.0,38713.0,2874.0,2858.0,3305.0,-176.0,1282.0,206035.0,1811.0,176840.0,433604.0,53788.0,209984.0,118628.0,37568.0,223620.0,9480.0,619924.0,233308.0,202648.0,30660.0,768420.0,772656.0,231028.0,188112.0,42916.0,121044.0,12392.0,37200.0,29056.0,66256.0,42396.0,26472.0,724.0,688.0,1012.0,-324.0,980.0,148496.0,1232.0
1994-04-01,283659.0,573588.0,52678.0,261513.0,185816.0,33949.0,312011.0,11420.0,861942.0,325608.0,276710.0,47880.0,1077411.0,1152136.0,258060.0,204406.0,56405.0,172426.0,18152.0,30545.0,55461.0,80717.0,76625.0,38883.0,2545.0,2543.0,1767.0,931.0,1306.0,212492.0,-1023.0,180244.0,435024.0,54416.0,209224.0,116872.0,37936.0,225800.0,9640.0,624908.0,253592.0,220816.0,32776.0,778984.0,783660.0,249260.0,205080.0,44180.0,126152.0,12976.0,39732.0,30020.0,69752.0,43424.0,26916.0,1040.0,1000.0,228.0,772.0,1008.0,154076.0,-696.0
1994-07-01,283926.0,576082.0,52343.0,262802.0,186500.0,34799.0,313201.0,11486.0,864864.0,338383.0,292860.0,43562.0,1080489.0,1166865.0,260430.0,210701.0,51255.0,171438.0,18688.0,29959.0,56621.0,80559.0,74906.0,40064.0,1370.0,1402.0,-797.0,2091.0,1322.0,212640.0,326.0,180724.0,439308.0,54412.0,211160.0,117944.0,38804.0,228148.0,9744.0,629776.0,267964.0,237864.0,30100.0,784984.0,800784.0,252952.0,212680.0,40272.0,126280.0,13508.0,39440.0,30916.0,70356.0,42416.0,27896.0,564.0,572.0,-1108.0,1680.0,1032.0,155208.0,224.0
1994-10-01,282456.0,582772.0,54848.0,267376.0,186992.0,35475.0,315165.0,11654.0,870778.0,351831.0,303403.0,46589.0,1087905.0,1175379.0,272774.0,221780.0,52278.0,172184.0,18856.0,31185.0,58037.0,83292.0,71457.0,40819.0,2900.0,2897.0,80.0,2796.0,1330.0,214122.0,1084.0,180604.0,445936.0,57348.0,214816.0,118088.0,39380.0,231120.0,9868.0,636408.0,283620.0,251200.0,32420.0,793016.0,810788.0,268128.0,226660.0,41468.0,127076.0,13628.0,41092.0,31656.0,72748.0,40700.0,28496.0,1532.0,1536.0,-688.0,2224.0,1036.0,156608.0,748.0
1995-01-01,282129.0,582490.0,52800.0,265619.0,187324.0,35949.0,316798.0,11715.0,870267.0,361591.0,311736.0,47983.0,1082052.0,1186304.0,272778.0,222233.0,51704.0,168297.0,18845.0,30835.0,58849.0,83269.0,66457.0,39289.0,9421.0,9304.0,1240.0,8087.0,1398.0,208810.0,-1077.0,181208.0,447164.0,55656.0,214348.0,118960.0,39732.0,232816.0,9852.0,638224.0,301912.0,267972.0,33940.0,792332.0,823972.0,276584.0,233880.0,42704.0,125248.0,13556.0,41412.0,32316.0,73728.0,37964.0,27760.0,7060.0,6876.0,452.0,6424.0,1100.0,154108.0,-748.0
1995-04-01,281299.0,586815.0,52660.0,266723.0,188577.0,36167.0,320104.0,11944.0,874333.0,353778.0,304214.0,47902.0,1085630.0,1186783.0,274980.0,223027.0,53395.0,168014.0,18384.0,33404.0,56724.0,85827.0,62717.0,39080.0,15835.0,15972.0,2033.0,13962.0,1391.0,208315.0,745.0,180864.0,452588.0,55536.0,216624.0,121212.0,39876.0,235964.0,9972.0,643424.0,295200.0,261328.0,33872.0,796268.0,828856.0,275232.0,231644.0,43588.0,124008.0,13200.0,44044.0,31088.0,75132.0,35676.0,27740.0,12100.0,12136.0,536.0,11600.0,1096.0,152844.0,520.0
1995-07-01,279023.0,593048.0,54300.0,269767.0,189524.0,36286.0,323273.0,12244.0,879218.0,354042.0,303212.0,49425.0,1090034.0,1188347.0,273680.0,220921.0,54473.0,167131.0,18779.0,33094.0,56500.0,85220.0,62010.0,39464.0,12269.0,12257.0,1429.0,10828.0,1403.0,207812.0,-205.0,179352.0,458104.0,57448.0,219096.0,121652.0,39996.0,239008.0,10104.0,647560.0,296160.0,260876.0,35284.0,798940.0,832976.0,271356.0,226844.0,44512.0,122576.0,13312.0,43176.0,31040.0,74216.0,35048.0,27712.0,9376.0,9392.0,572.0,8820.0,1092.0,151380.0,-144.0
1995-10-01,276474.0,593009.0,54248.0,268913.0,189813.0,35541.0,324169.0,12482.0,877213.0,367421.0,314708.0,51248.0,1089016.0,1193217.0,276572.0,223100.0,55241.0,167735.0,19271.0,33660.0,55067.0,85165.0,62265.0,39865.0,6423.0,6378.0,-288.0,6548.0,1414.0,208817.0,539.0,179044.0,459084.0,57588.0,218688.0,121724.0,39376.0,240396.0,10192.0,648320.0,307524.0,271036.0,36488.0,800308.0,840680.0,273360.0,227996.0,45364.0,123112.0,13600.0,44060.0,30348.0,74408.0,35104.0,27788.0,5828.0,5772.0,-204.0,5976.0,1088.0,151988.0,380.0
1996-01-01,276675.0,600893.0,54471.0,271421.0,191678.0,36090.0,329646.0,12869.0,886078.0,367630.0,313999.0,52344.0,1102475.0,1194038.0,282488.0,228950.0,55089.0,172717.0,20572.0,34894.0,55100.0,87033.0,64241.0,39382.0,2088.0,2105.0,-461.0,2493.0,1446.0,213405.0,373.0,178948.0,466832.0,57992.0,220860.0,123132.0,39736.0,245972.0,10368.0,656148.0,308828.0,271096.0,37732.0,811760.0,844208.0,279508.0,233852.0,45656.0,126768.0,14156.0,45828.0,30580.0,76408.0,36204.0,27748.0,2864.0,2836.0,-444.0,3280.0,1096.0,155612.0,264.0
1996-04-01,276650.0,601632.0,54866.0,272336.0,191856.0,36282.0,329417.0,13296.0,887290.0,381818.0,327008.0,53302.0,1103770.0,1202352.0,282142.0,227907.0,55957.0,173644.0,20140.0,33629.0,56353.0,85942.0,67682.0,38427.0,-6533.0,-6556.0,3813.0,-9988.0,1502.0,213481.0,158.0,179872.0,471220.0,58636.0,223832.0,125248.0,39948.0,247388.0,10484.0,661576.0,318600.0,280056.0,38544.0,818296.0,852904.0,277788.0,231372.0,46416.0,128720.0,14096.0,44376.0,31840.0,76216.0,38408.0,26872.0,-6316.0,-6380.0,1740.0,-8120.0,1128.0,156720.0,112.0
1996-07-01,272432.0,603551.0,55502.0,272377.0,190716.0,36369.0,331371.0,13967.0,886329.0,390025.0,333785.0,54748.0,1111422.0,1212740.0,293038.0,237523.0,57125.0,182288.0,20463.0,35877.0,57974.0,90313.0,71750.0,38422.0,1910.0,2054.0,3389.0,-1087.0,1492.0,222193.0,-1369.0,177400.0,474864.0,59672.0,224272.0,124388.0,40212.0,250592.0,10640.0,662904.0,328348.0,288580.0,39768.0,826160.0,864544.0,290360.0,242328.0,48032.0,135176.0,14488.0,47096.0,33044.0,80140.0,40548.0,26928.0,1372.0,1544.0,1940.0,-396.0,1152.0,163256.0,-976.0
1996-10-01,271820.0,613979.0,58775.0,278112.0,192020.0,36699.0,335974.0,14832.0,897631.0,379595.0,323564.0,54817.0,1133275.0,1222507.0,299217.0,242256.0,58663.0,193551.0,20757.0,39695.0,61113.0,97968.0,74181.0,37686.0,8826.0,8634.0,596.0,7988.0,1449.0,232804.0,-1527.0,177804.0,485368.0,63104.0,230448.0,126756.0,40588.0,254920.0,10844.0,674016.0,320164.0,279908.0,40256.0,845256.0,877680.0,292884.0,244040.0,48844.0,143512.0,15184.0,51304.0,34896.0,86200.0,42128.0,26588.0,6240.0,6100.0,-444.0,6544.0,1140.0,171240.0,-1096.0
1997-01-01,274021.0,623617.0,60178.0,281677.0,193168.0,37325.0,342123.0,16092.0,910899.0,400857.0,344582.0,54500.0,1150887.0,1238634.0,317411.0,260504.0,58015.0,199057.0,20825.0,40893.0,65662.0,102675.0,73991.0,36199.0,4626.0,4716.0,1926.0,2978.0,1636.0,237115.0,761.0,179692.0,494624.0,64796.0,234388.0,128304.0,41288.0,260236.0,11244.0,685560.0,337696.0,297288.0,40408.0,861476.0,891748.0,311508.0,262284.0,49224.0,148788.0,15028.0,53524.0,37568.0,91092.0,42668.0,25940.0,3536.0,3544.0,652.0,2892.0,1188.0,175916.0,548.0
1997-04-01,271988.0,628444.0,61917.0,285642.0,195277.0,37349.0,342822.0,16781.0,914847.0,405962.0,347570.0,56811.0,1161234.0,1252626.0,324441.0,267822.0,57466.0,205757.0,21064.0,43164.0,68017.0,107540.0,74899.0,35964.0,9951.0,9924.0,-905.0,10540.0,1539.0,243536.0,1721.0,179012.0,500624.0,66864.0,238324.0,129684.0,41776.0,262300.0,11404.0,691040.0,340304.0,297860.0,42444.0,873596.0,899412.0,323148.0,273536.0,49612.0,155168.0,15672.0,56424.0,39616.0,96040.0,43456.0,26196.0,7424.0,7388.0,-676.0,8064.0,1192.0,182556.0,1236.0
1997-07-01,272550.0,636756.0,63513.0,289708.0,196221.0,38285.0,347042.0,16892.0,924196.0,417648.0,357709.0,58293.0,1177948.0,1267450.0,338112.0,279648.0,59247.0,212732.0,21577.0,45476.0,70778.0,112725.0,75307.0,36377.0,12721.0,12701.0,-2716.0,14888.0,1488.0,250898.0,1039.0,180576.0,507948.0,68400.0,241956.0,130952.0,42604.0,265992.0,11420.0,699944.0,348368.0,305008.0,43360.0,887520.0,912564.0,334872.0,283856.0,51016.0,159804.0,16084.0,59744.0,40976.0,100720.0,43000.0,26580.0,10800.0,10732.0,-1932.0,12664.0,1192.0,187576.0,748.0
1997-10-01,272490.0,641220.0,67064.0,293132.0,195183.0,38049.0,347966.0,16898.0,928854.0,425183.0,364254.0,59241.0,1185048.0,1279723.0,343044.0,284947.0,58680.0,215233.0,22352.0,46793.0,69758.0,114000.0,75592.0,36447.0,13565.0,13599.0,-3124.0,16119.0,1353.0,253335.0,2836.0,180916.0,514376.0,71896.0,244648.0,130020.0,42732.0,269728.0,11600.0,706892.0,356936.0,312632.0,44304.0,897248.0,923980.0,343788.0,292324.0,51464.0,162872.0,16700.0,61960.0,40764.0,102724.0,43448.0,26364.0,11536.0,11524.0,-2052.0,13576.0,1120.0,190356.0,2048.0
1998-01-01,279818.0,641880.0,63168.0,291341.0,196836.0,39464.0,350578.0,16641.0,935702.0,439029.0,373940.0,63651.0,1191397.0,1297798.0,347366.0,288527.0,59431.0,214632.0,23617.0,47259.0,68323.0,113755.0,73561.0,36723.0,16250.0,16259.0,191.0,15814.0,1177.0,252804.0,1261.0,185940.0,515676.0,68080.0,243652.0,131224.0,44348.0,272024.0,11852.0,713468.0,362796.0,315404.0,47392.0,905320.0,934612.0,348652.0,295400.0,53252.0,164104.0,17480.0,63340.0,40472.0,103812.0,42812.0,26796.0,14240.0,14240.0,-712.0,14952.0,952.0,191852.0,908.0
1998-04-01,276951.0,650067.0,66758.0,297876.0,199064.0,39564.0,352018.0,16425.0,941611.0,443948.0,376658.0,66025.0,1197888.0,1298491.0,349216.0,289672.0,60193.0,215365.0,24480.0,48080.0,67373.0,114346.0,72495.0,36689.0,7838.0,7835.0,2195.0,5824.0,1041.0,253365.0,1605.0,185756.0,523380.0,71824.0,249100.0,132968.0,44308.0,274280.0,11968.0,721104.0,367864.0,318348.0,49516.0,913552.0,935212.0,352692.0,298196.0,54496.0,164964.0,18228.0,64704.0,39908.0,104612.0,42124.0,26636.0,5332.0,5328.0,404.0,4924.0,848.0,192448.0,1156.0
1998-07-01,278004.0,653632.0,67218.0,300124.0,200431.0,39986.0,353291.0,16641.0,946486.0,452927.0,385085.0,66446.0,1203290.0,1310310.0,341361.0,284411.0,57422.0,216130.0,25103.0,48994.0,66192.0,114923.0,71794.0,36500.0,-3206.0,-3208.0,438.0,-3505.0,963.0,253873.0,-1429.0,187616.0,528316.0,72472.0,251040.0,133892.0,44676.0,277276.0,12232.0,728164.0,378928.0,328904.0,50024.0,921164.0,938872.0,356144.0,301828.0,54316.0,165716.0,18800.0,65800.0,39364.0,105164.0,41752.0,26524.0,-4052.0,-4060.0,-356.0,-3704.0,760.0,193000.0,-1024.0
1998-10-01,277260.0,655070.0,66943.0,299170.0,200080.0,39747.0,355789.0,17213.0,947892.0,470743.0,401565.0,67545.0,1207508.0,1328139.0,355155.0,297794.0,57631.0,218509.0,25775.0,50259.0,66215.0,116791.0,71130.0,36939.0,5144.0,5166.0,-387.0,5369.0,965.0,256696.0,1621.0,186972.0,531536.0,71984.0,251068.0,134168.0,44916.0,280468.0,12604.0,731112.0,396372.0,345380.0,50992.0,927120.0,953496.0,374088.0,318632.0,55456.0,168128.0,19464.0,67260.0,39688.0,106948.0,41716.0,27108.0,2928.0,2956.0,-508.0,3464.0,772.0,196008.0,1164.0
1999-01-01,280344.0,664192.0,69324.0,304722.0,202117.0,40395.0,359266.0,17949.0,960876.0,488010.0,417640.0,68505.0,1223383.0,1352229.0,361939.0,303351.0,58878.0,219058.0,24268.0,49953.0,68249.0,117684.0,72399.0,39214.0,1728.0,1709.0,1264.0,625.0,1071.0,259541.0,2268.0,190920.0,540372.0,74892.0,256644.0,135916.0,45836.0,283728.0,12936.0,744228.0,405188.0,353324.0,51864.0,942104.0,975240.0,374012.0,317716.0,56296.0,168432.0,18384.0,66176.0,41180.0,107356.0,42692.0,28588.0,324.0,320.0,44.0,276.0,856.0,197876.0,1636.0
1999-04-01,282139.0,670392.0,69728.0,307230.0,203872.0,40832.0,362979.0,18696.0,969659.0,488756.0,418918.0,67897.0,1238776.0,1363541.0,368675.0,308316.0,60717.0,223789.0,24051.0,51091.0,69475.0,120144.0,75037.0,40997.0,5388.0,5367.0,2309.0,3335.0,1219.0,266175.0,1322.0,192712.0,548376.0,75672.0,261252.0,139000.0,46580.0,287124.0,13340.0,754428.0,406992.0,355184.0,51808.0,957192.0,994172.0,374648.0,317436.0,57212.0,171712.0,18492.0,66184.0,42148.0,108332.0,44888.0,30072.0,3672.0,3632.0,1000.0,2632.0,980.0,202764.0,964.0
1999-07-01,286621.0,678376.0,72419.0,312734.0,205422.0,41453.0,365316.0,19245.0,982490.0,505803.0,434050.0,69682.0,1253812.0,1384876.0,377640.0,316163.0,61812.0,225298.0,24560.0,50551.0,70944.0,120358.0,75997.0,41572.0,3659.0,3713.0,496.0,3221.0,1285.0,268319.0,1275.0,197172.0,558312.0,78876.0,267988.0,141720.0,47392.0,290324.0,13668.0,769152.0,430700.0,377092.0,53608.0,973624.0,1021308.0,387708.0,328948.0,58760.0,172840.0,18840.0,65444.0,43008.0,108452.0,45548.0,30596.0,3752.0,3804.0,80.0,3724.0,1036.0,204472.0,940.0
1999-10-01,286996.0,684957.0,73608.0,315374.0,206819.0,41458.0,369285.0,19374.0,989857.0,519712.0,445662.0,71963.0,1267657.0,1404357.0,397062.0,332479.0,64929.0,230989.0,25278.0,52317.0,72372.0,123852.0,77114.0,42397.0,15999.0,15935.0,707.0,15027.0,1313.0,274873.0,2882.0,198144.0,566976.0,80000.0,271484.0,144132.0,47352.0,295492.0,13748.0,778868.0,444824.0,388932.0,55892.0,987764.0,1040988.0,405900.0,344364.0,61536.0,176192.0,18956.0,66864.0,43996.0,110860.0,46376.0,31632.0,12164.0,12108.0,336.0,11772.0,1072.0,208896.0,2136.0
2000-01-01,290253.0,692463.0,75200.0,319402.0,207943.0,42298.0,372716.0,19385.0,1000622.0,537425.0,461355.0,73850.0,1280943.0,1426823.0,405539.0,340407.0,65409.0,233517.0,26314.0,54010.0,71812.0,125875.0,75984.0,42330.0,16383.0,16395.0,671.0,15532.0,1314.0,277347.0,2085.0,203624.0,575536.0,81544.0,276064.0,146332.0,48188.0,299472.0,13812.0,792972.0,465564.0,407420.0,58144.0,1004720.0,1070188.0,413472.0,351452.0,62020.0,179080.0,20964.0,68284.0,44296.0,112580.0,45536.0,31600.0,11812.0,11776.0,-136.0,11912.0,1068.0,211748.0,1564.0
2000-04-01,293451.0,698483.0,76242.0,322149.0,209213.0,42610.0,375987.0,19520.0,1009895.0,545503.0,468416.0,74817.0,1292158.0,1443782.0,407832.0,342456.0,65645.0,235777.0,28445.0,54774.0,69842.0,125595.0,76513.0,41931.0,15336.0,15341.0,627.0,14552.0,1332.0,279243.0,2201.0,213560.0,583612.0,82068.0,279528.0,148928.0,48532.0,304084.0,13960.0,811132.0,484216.0,424904.0,59312.0,1026704.0,1099448.0,424808.0,360928.0,63880.0,182660.0,21980.0,70120.0,43608.0,113728.0,46952.0,31820.0,11660.0,11632.0,360.0,11272.0,1092.0,215572.0,1676.0
2000-07-01,294821.0,707365.0,78544.0,327237.0,210271.0,43663.0,379703.0,19852.0,1020682.0,549674.0,471009.0,76524.0,1306319.0,1458465.0,411630.0,346026.0,65844.0,238424.0,29640.0,54974.0,67928.0,124552.0,79891.0,42605.0,15942.0,15905.0,192.0,15503.0,1363.0,282596.0,1701.0,213492.0,595828.0,84340.0,286716.0,152584.0,49792.0,309112.0,14240.0,823560.0,494784.0,433704.0,61080.0,1042100.0,1121768.0,429760.0,365564.0,64196.0,184984.0,23192.0,70100.0,42852.0,112952.0,48840.0,32432.0,13336.0,13244.0,324.0,12920.0,1124.0,218540.0,1308.0
2000-10-01,296621.0,708579.0,75477.0,325135.0,211938.0,43869.0,383228.0,20331.0,1023987.0,550399.0,471314.0,76993.0,1310899.0,1460962.0,408073.0,342675.0,65664.0,239074.0,31098.0,53462.0,68544.0,122851.0,81390.0,43220.0,10721.0,10709.0,1076.0,9610.0,1381.0,283871.0,-609.0,214640.0,601136.0,81484.0,287472.0,155688.0,50300.0,313664.0,14624.0,830400.0,511364.0,449224.0,62140.0,1051664.0,1132880.0,437780.0,371712.0,66068.0,187104.0,24152.0,69168.0,43568.0,112736.0,50216.0,33004.0,8104.0,7992.0,676.0,7316.0,1156.0,221264.0,-472.0
2001-01-01,300418.0,714392.0,77508.0,328368.0,212150.0,44315.0,385763.0,20168.0,1033309.0,540481.0,461884.0,76723.0,1327841.0,1468700.0,396951.0,331775.0,65548.0,244277.0,33062.0,52858.0,71472.0,124013.0,83775.0,45726.0,-2564.0,-2530.0,-472.0,-2075.0,1433.0,291601.0,766.0,217784.0,606376.0,83332.0,289640.0,155392.0,50916.0,316736.0,14912.0,839072.0,509532.0,447812.0,61720.0,1067692.0,1149924.0,425212.0,358712.0,66500.0,192572.0,26396.0,69284.0,45152.0,114436.0,51740.0,34844.0,-2688.0,-2744.0,-348.0,-2396.0,1204.0,228620.0,600.0
2001-04-01,304199.0,715537.0,78510.0,330294.0,211676.0,45178.0,384866.0,20384.0,1038070.0,533141.0,454557.0,76941.0,1336415.0,1472658.0,394347.0,330583.0,64073.0,247479.0,33204.0,53177.0,72751.0,125343.0,85685.0,46355.0,-1075.0,-1059.0,-1658.0,464.0,1469.0,295469.0,-674.0,221832.0,614596.0,84872.0,296984.0,160412.0,51700.0,317612.0,15204.0,851632.0,493744.0,432008.0,61736.0,1084248.0,1152860.0,424220.0,358444.0,65776.0,196028.0,26892.0,69216.0,46176.0,115392.0,53744.0,35340.0,-384.0,-412.0,-1196.0,784.0,1248.0,232616.0,-528.0
2001-07-01,305065.0,717183.0,78103.0,328884.0,211234.0,44748.0,388108.0,20798.0,1040941.0,522088.0,445068.0,75421.0,1342814.0,1471677.0,385458.0,322796.0,62980.0,249806.0,31711.0,54070.0,73545.0,127152.0,87901.0,47588.0,-7096.0,-7153.0,-1974.0,-5263.0,1545.0,299090.0,-1235.0,225296.0,616472.0,84588.0,295052.0,159376.0,51088.0,321420.0,15608.0,857376.0,466284.0,405544.0,60740.0,1089776.0,1138804.0,410688.0,345816.0,64872.0,195076.0,25540.0,68072.0,46356.0,114428.0,55108.0,36016.0,-5612.0,-5740.0,-960.0,-4780.0,1308.0,232400.0,-956.0
2001-10-01,305484.0,725892.0,82580.0,336059.0,211490.0,45949.0,389397.0,21248.0,1050801.0,523974.0,446770.0,75589.0,1345048.0,1480637.0,376190.0,314153.0,62377.0,239565.0,30024.0,47502.0,72261.0,117032.0,91876.0,49821.0,-16445.0,-16398.0,-2400.0,-14038.0,1612.0,291023.0,563.0,228252.0,623272.0,89436.0,299236.0,157388.0,52412.0,324036.0,15848.0,867372.0,455088.0,394640.0,60448.0,1096312.0,1136584.0,401940.0,336748.0,65192.0,189732.0,24404.0,61288.0,45900.0,107188.0,58140.0,37824.0,-13308.0,-13356.0,-1264.0,-12092.0,1384.0,228940.0,432.0
2002-01-01,307604.0,736646.0,85049.0,343101.0,214634.0,47055.0,392959.0,21873.0,1064473.0,532956.0,452988.0,78476.0,1359592.0,1502613.0,378338.0,316666.0,61995.0,240815.0,29456.0,47200.0,69957.0,115015.0,97091.0,49008.0,-18252.0,-18252.0,-1143.0,-17054.0,1861.0,291761.0,1883.0,230440.0,634584.0,91912.0,306352.0,160752.0,53688.0,328232.0,16476.0,881500.0,467024.0,403768.0,63256.0,1114752.0,1158640.0,407840.0,342588.0,65252.0,193980.0,24352.0,62448.0,44712.0,107160.0,62468.0,37768.0,-16748.0,-16796.0,-1024.0,-15772.0,1504.0,233252.0,1452.0
2002-04-01,308862.0,745602.0,85736.0,345676.0,216219.0,47379.0,399447.0,22719.0,1075690.0,532103.0,451592.0,79098.0,1374753.0,1511469.0,396533.0,330743.0,66161.0,244625.0,29211.0,49156.0,69093.0,117187.0,99025.0,49170.0,-32.0,19.0,-1706.0,1568.0,1801.0,295695.0,683.0,233512.0,648388.0,93292.0,312324.0,164824.0,54208.0,336064.0,16884.0,898784.0,472636.0,408464.0,64172.0,1134556.0,1185892.0,423284.0,354400.0,68884.0,196712.0,23904.0,64148.0,44316.0,108464.0,64344.0,37504.0,1448.0,1488.0,-1244.0,2732.0,1556.0,235772.0,536.0
2002-07-01,311908.0,747115.0,85344.0,345540.0,217182.0,46997.0,401159.0,22846.0,1080134.0,544160.0,462672.0,79947.0,1383719.0,1524550.0,403965.0,337162.0,67174.0,249094.0,29591.0,50830.0,68975.0,119456.0,100849.0,49345.0,-503.0,-481.0,-2430.0,1731.0,1763.0,300323.0,1241.0,238084.0,656668.0,93312.0,316008.0,168800.0,53896.0,340660.0,17212.0,911964.0,485064.0,419576.0,65488.0,1153032.0,1204144.0,434388.0,364044.0,70344.0,200868.0,24604.0,65584.0,44544.0,110128.0,66136.0,38632.0,-544.0,-464.0,-1848.0,1384.0,1568.0,241068.0,980.0
2002-10-01,314277.0,754630.0,87773.0,351845.0,219790.0,47946.0,402154.0,22937.0,1090179.0,536520.0,453240.0,82107.0,1394679.0,1532914.0,403025.0,336481.0,66911.0,250249.0,30292.0,50196.0,68534.0,118260.0,103056.0,49003.0,4176.0,4126.0,-1953.0,5918.0,1749.0,301136.0,-90.0,242348.0,666780.0,96020.0,322720.0,172264.0,54436.0,344060.0,17420.0,926548.0,487976.0,420480.0,67496.0,1170208.0,1226100.0,436608.0,365504.0,71104.0,203644.0,25368.0,65236.0,44532.0,109768.0,68508.0,38444.0,4596.0,4588.0,-1692.0,6280.0,1572.0,243660.0,-72.0
2003-01-01,317724.0,758664.0,87785.0,353641.0,220674.0,48777.0,404396.0,22304.0,1096923.0,527886.0,448470.0,77926.0,1404119.0,1541396.0,406508.0,339596.0,67276.0,252322.0,31186.0,50387.0,70575.0,119969.0,102097.0,49654.0,13510.0,13504.0,2454.0,11122.0,1741.0,303844.0,2476.0,245536.0,672940.0,95852.0,327868.0,176824.0,55192.0,345072.0,17504.0,935980.0,487808.0,423116.0,64692.0,1181140.0,1250088.0,432304.0,361928.0,70376.0,204552.0,26052.0,63684.0,46176.0,109860.0,68640.0,39080.0,11436.0,11416.0,680.0,10736.0,1528.0,245160.0,2008.0
2003-04-01,318851.0,765296.0,88947.0,355520.0,220637.0,49218.0,409242.0,22235.0,1104771.0,517269.0,440453.0,75247.0,1414976.0,1539123.0,407276.0,339540.0,68112.0,254273.0,31254.0,51574.0,72272.0,122820.0,100527.0,50776.0,13438.0,13434.0,3420.0,10338.0,1711.0,306867.0,1607.0,247636.0,677428.0,96896.0,327480.0,175092.0,55492.0,349948.0,17404.0,942468.0,447560.0,386504.0,61056.0,1187376.0,1237720.0,409116.0,341292.0,67824.0,203848.0,26076.0,62496.0,47044.0,109540.0,68232.0,39592.0,10608.0,10580.0,1116.0,9464.0,1468.0,244908.0,1292.0
2003-07-01,319677.0,772438.0,91191.0,358736.0,221001.0,49430.0,413170.0,21926.0,1112644.0,523582.0,442602.0,79669.0,1432161.0,1544874.0,407898.0,335764.0,72534.0,263477.0,31519.0,54095.0,73917.0,127436.0,105014.0,51332.0,-2953.0,-2967.0,4988.0,-6423.0,1582.0,316518.0,54.0,251120.0,687100.0,98948.0,331796.0,177252.0,55596.0,355304.0,17332.0,955552.0,454232.0,389836.0,64396.0,1210000.0,1258296.0,402944.0,331432.0,71512.0,212744.0,26932.0,64468.0,48708.0,113176.0,72636.0,40368.0,-3036.0,-3088.0,1932.0,-5020.0,1336.0,254448.0,44.0
2003-10-01,322190.0,773882.0,87496.0,355349.0,222199.0,49360.0,418294.0,21389.0,1115942.0,540327.0,456668.0,82313.0,1442359.0,1555533.0,427142.0,350492.0,77066.0,270163.0,31840.0,56174.0,76001.0,131767.0,106864.0,52073.0,1728.0,1697.0,3874.0,-1019.0,1347.0,323717.0,210.0,254292.0,687360.0,94676.0,327136.0,176804.0,55656.0,360224.0,17272.0,958924.0,460692.0,393572.0,67120.0,1218824.0,1272884.0,410596.0,336156.0,74440.0,218340.0,26624.0,65980.0,50492.0,116472.0,75244.0,40436.0,3792.0,3688.0,1940.0,1748.0,1124.0,259900.0,172.0
2004-01-01,324271.0,784209.0,90004.0,361392.0,224098.0,50559.0,422484.0,21145.0,1128298.0,539677.0,456601.0,81699.0,1462121.0,1566737.0,430920.0,354789.0,76565.0,276809.0,32873.0,57518.0,76787.0,134138.0,110287.0,53365.0,-3315.0,-3195.0,2651.0,-4887.0,989.0,331286.0,1035.0,256820.0,700760.0,96996.0,334760.0,180888.0,56876.0,366000.0,17332.0,974912.0,471320.0,403988.0,67332.0,1243312.0,1296216.0,416056.0,341180.0,74876.0,225388.0,27708.0,66960.0,52128.0,119088.0,78592.0,42184.0,-3216.0,-3120.0,1012.0,-4132.0,828.0,268400.0,856.0
2004-04-01,323685.0,788114.0,90568.0,362738.0,224362.0,50941.0,425075.0,20778.0,1131448.0,565093.0,479261.0,84284.0,1470323.0,1585347.0,442528.0,366942.0,76059.0,281714.0,33589.0,57952.0,78324.0,135882.0,112870.0,53821.0,-5610.0,-5811.0,2367.0,-7224.0,851.0,336517.0,-33.0,257436.0,709360.0,97876.0,338944.0,183972.0,57096.0,370416.0,17672.0,984468.0,514264.0,444064.0,70200.0,1261980.0,1328148.0,443984.0,367568.0,76416.0,233664.0,28716.0,68604.0,54212.0,122816.0,82132.0,43120.0,-4084.0,-4328.0,1372.0,-5700.0,728.0,277512.0,-28.0
2004-07-01,326346.0,795440.0,91370.0,365931.0,225815.0,51769.0,429218.0,21150.0,1141823.0,563225.0,476484.0,85333.0,1485545.0,1604061.0,455247.0,379097.0,76633.0,286024.0,34506.0,59098.0,79442.0,138236.0,113787.0,54301.0,14205.0,14239.0,2179.0,12176.0,941.0,341414.0,-76.0,260168.0,717072.0,98532.0,342420.0,186276.0,57612.0,374652.0,18096.0,995336.0,512332.0,441280.0,71052.0,1277388.0,1351480.0,451500.0,375992.0,75508.0,237884.0,29440.0,68636.0,56040.0,124676.0,83768.0,43352.0,13324.0,13136.0,1508.0,11628.0,816.0,282052.0,-64.0
2004-10-01,328112.0,801861.0,92706.0,368885.0,227572.0,51656.0,432682.0,21538.0,1150460.0,557714.0,469865.0,86636.0,1499904.0,1615585.0,460378.0,381548.0,79331.0,290415.0,34864.0,60764.0,79564.0,140455.0,115617.0,55393.0,22556.0,22785.0,2782.0,19967.0,1282.0,347249.0,279.0,263032.0,724568.0,100116.0,346860.0,189248.0,57496.0,377708.0,18684.0,1006284.0,496468.0,423700.0,72768.0,1293628.0,1367080.0,444384.0,368352.0,76032.0,241376.0,30188.0,68520.0,57156.0,125676.0,85512.0,44856.0,21132.0,21332.0,1736.0,19596.0,1112.0,287344.0,236.0
2005-01-01,326357.0,813035.0,94130.0,372768.0,228418.0,52925.0,440064.0,22081.0,1160909.0,563240.0,476241.0,85654.0,1519533.0,1621176.0,475835.0,395361.0,80994.0,296888.0,36013.0,63496.0,82220.0,146030.0,114819.0,57742.0,20493.0,20390.0,1988.0,18200.0,1885.0,356674.0,-362.0,265640.0,738364.0,101736.0,351856.0,191156.0,58964.0,386508.0,19052.0,1023056.0,501152.0,428812.0,72340.0,1319028.0,1380324.0,457924.0,379380.0,78544.0,248108.0,30852.0,71592.0,59624.0,131216.0,86040.0,46228.0,18376.0,18404.0,1152.0,17252.0,1636.0,295972.0,-308.0
2005-04-01,327512.0,820058.0,95583.0,375141.0,228214.0,53691.0,444774.0,22362.0,1169485.0,561190.0,472895.0,87080.0,1536466.0,1632938.0,472288.0,392349.0,80455.0,303633.0,37089.0,64675.0,83947.0,148902.0,117667.0,59139.0,11182.0,11107.0,2008.0,9292.0,2322.0,365271.0,1153.0,269332.0,748504.0,102644.0,355484.0,193320.0,59520.0,393020.0,19456.0,1037292.0,511192.0,437244.0,73948.0,1343524.0,1399608.0,465988.0,386504.0,79484.0,256120.0,31836.0,73272.0,61704.0,134976.0,89308.0,48084.0,9892.0,9792.0,852.0,8940.0,2028.0,306232.0,988.0
2005-07-01,329367.0,825517.0,96272.0,375976.0,228324.0,53656.0,449527.0,22692.0,1177147.0,569271.0,480355.0,87620.0,1553695.0,1652719.0,480595.0,398217.0,82907.0,312176.0,38454.0,68587.0,86124.0,155531.0,117726.0,60139.0,13592.0,13647.0,1815.0,11867.0,2619.0,375143.0,1661.0,272716.0,757540.0,103388.0,359928.0,197120.0,59420.0,397612.0,19784.0,1050040.0,529084.0,454104.0,74980.0,1365396.0,1436992.0,469036.0,388692.0,80344.0,263716.0,33264.0,75728.0,64392.0,140120.0,90332.0,49372.0,10104.0,10096.0,376.0,9720.0,2268.0,315356.0,1444.0
2005-10-01,333031.0,833352.0,96019.0,377292.0,228783.0,54685.0,456229.0,23043.0,1188951.0,582575.0,491918.0,89292.0,1573338.0,1669060.0,491840.0,408427.0,83948.0,318868.0,38836.0,71746.0,88357.0,161242.0,117969.0,61282.0,10239.0,10190.0,1610.0,8676.0,2775.0,383143.0,-286.0,277024.0,765244.0,103308.0,360984.0,197724.0,59952.0,404260.0,20056.0,1062324.0,554352.0,477584.0,76768.0,1386504.0,1469436.0,477980.0,396784.0,81196.0,270816.0,33556.0,78160.0,67344.0,145504.0,91756.0,50944.0,6812.0,6720.0,404.0,6316.0,2420.0,324180.0,-252.0
2006-01-01,334368.0,845036.0,98772.0,383140.0,229386.0,56621.0,462023.0,23351.0,1202502.0,574749.0,485955.0,87380.0,1593853.0,1682596.0,496260.0,411424.0,85376.0,325742.0,37846.0,73203.0,90625.0,164921.0,122299.0,61378.0,17264.0,17281.0,-953.0,17274.0,2827.0,390194.0,-935.0,279916.0,779144.0,106356.0,367736.0,199520.0,61860.0,411408.0,20420.0,1079480.0,526872.0,451908.0,74964.0,1413496.0,1476000.0,475892.0,393836.0,82056.0,280064.0,33032.0,79640.0,70316.0,149956.0,97076.0,51464.0,12344.0,12280.0,-696.0,12976.0,2488.0,334016.0,-820.0
2006-04-01,337932.0,852667.0,100801.0,388693.0,231729.0,57642.0,463944.0,23426.0,1213737.0,572631.0,482816.0,88511.0,1608569.0,1683465.0,509392.0,424151.0,85806.0,328789.0,37538.0,74842.0,93462.0,169309.0,120944.0,61925.0,17949.0,18015.0,-1835.0,18639.0,2698.0,393658.0,867.0,287360.0,789056.0,107444.0,373420.0,203240.0,62736.0,415636.0,20732.0,1097148.0,524532.0,447888.0,76644.0,1437360.0,1490716.0,487940.0,405340.0,82600.0,285396.0,33096.0,80160.0,73848.0,154008.0,98292.0,52416.0,15996.0,16044.0,-1192.0,17236.0,2400.0,340212.0,768.0
2006-07-01,339026.0,862048.0,103624.0,394226.0,233357.0,58453.0,467708.0,23298.0,1224237.0,572306.0,481970.0,89075.0,1619099.0,1688166.0,508624.0,422002.0,87177.0,328565.0,37725.0,74840.0,96305.0,171782.0,117749.0,62301.0,12862.0,12869.0,-1185.0,13285.0,2478.0,393575.0,-870.0,290988.0,799500.0,109664.0,377228.0,204272.0,63292.0,422272.0,20904.0,1111392.0,530796.0,453112.0,77684.0,1456092.0,1504936.0,493888.0,408884.0,85004.0,289216.0,33304.0,80716.0,77420.0,158136.0,97776.0,53268.0,12712.0,12772.0,-480.0,13252.0,2216.0,344700.0,-776.0
2006-10-01,341158.0,870951.0,104617.0,395552.0,233003.0,58936.0,475431.0,23325.0,1235372.0,576651.0,485893.0,89467.0,1632460.0,1694895.0,508467.0,423274.0,85768.0,329739.0,37866.0,74561.0,97630.0,172613.0,117924.0,63614.0,39.0,39.0,-1358.0,1035.0,2210.0,395759.0,-40.0,294024.0,806868.0,110416.0,375596.0,201656.0,63524.0,431272.0,21060.0,1121952.0,537096.0,458876.0,78220.0,1473000.0,1514764.0,496788.0,411456.0,85332.0,294476.0,34496.0,81144.0,79340.0,160484.0,99496.0,54588.0,1492.0,1552.0,-504.0,2056.0,1984.0,351048.0,-36.0
2007-01-01,342521.0,878693.0,105131.0,399810.0,235198.0,60428.0,478880.0,22555.0,1243787.0,582434.0,493369.0,87533.0,1646553.0,1705736.0,519459.0,433656.0,86423.0,334437.0,37713.0,75139.0,96578.0,172370.0,123275.0,65316.0,3606.0,3587.0,-1379.0,4506.0,1586.0,401474.0,-1076.0,298700.0,821208.0,112020.0,383476.0,206604.0,64852.0,437732.0,20952.0,1140860.0,554040.0,476728.0,77312.0,1502452.0,1547276.0,510516.0,423652.0,86864.0,302668.0,33712.0,82380.0,79148.0,161528.0,107428.0,57352.0,2276.0,2304.0,-936.0,3240.0,1572.0,361592.0,-976.0
2007-04-01,344123.0,891981.0,109291.0,407646.0,238130.0,60911.0,484240.0,22739.0,1259029.0,591407.0,501073.0,88771.0,1664805.0,1722263.0,527736.0,437723.0,90563.0,336330.0,37991.0,76077.0,96369.0,173267.0,123990.0,66334.0,535.0,497.0,-1396.0,1542.0,1653.0,404443.0,-760.0,302956.0,837348.0,116220.0,393404.0,211756.0,65428.0,443944.0,21064.0,1161368.0,555276.0,476856.0,78420.0,1528140.0,1576612.0,506496.0,417556.0,88940.0,306200.0,34420.0,80784.0,80852.0,161636.0,110144.0,59032.0,388.0,348.0,-804.0,1152.0,1540.0,366772.0,-696.0
2007-07-01,348920.0,900362.0,108601.0,409638.0,239601.0,62167.0,490715.0,22868.0,1272261.0,581239.0,492074.0,87651.0,1679751.0,1729494.0,540529.0,449173.0,91950.0,337061.0,38497.0,76311.0,96738.0,173865.0,123597.0,67098.0,17185.0,17111.0,-1755.0,18007.0,1848.0,406121.0,-1316.0,304788.0,846584.0,114992.0,393420.0,212036.0,66392.0,453164.0,21484.0,1172856.0,530752.0,453460.0,77292.0,1543992.0,1582248.0,506172.0,417044.0,89128.0,309432.0,35484.0,79132.0,82956.0,162088.0,111860.0,60056.0,14880.0,14712.0,-1208.0,15920.0,1648.0,371136.0,-1204.0
2007-10-01,349041.0,916872.0,111123.0,415291.0,242241.0,62574.0,501643.0,23424.0,1289759.0,567381.0,477915.0,88101.0,1702136.0,1731459.0,551830.0,452376.0,99810.0,341623.0,39411.0,78871.0,97055.0,176973.0,124108.0,67103.0,21746.0,21877.0,-909.0,22117.0,2127.0,410981.0,-1131.0,308388.0,862976.0,115580.0,398892.0,216720.0,66592.0,464084.0,22080.0,1193444.0,520036.0,442192.0,77844.0,1566784.0,1604508.0,499620.0,406308.0,93312.0,311584.0,35824.0,78536.0,83952.0,162488.0,113272.0,59872.0,18356.0,18416.0,-852.0,19268.0,1884.0,373340.0,-1048.0
2008-01-01,352166.0,924095.0,116500.0,421997.0,242425.0,63268.0,502043.0,24169.0,1300854.0,559123.0,471078.0,86692.0,1722571.0,1732786.0,552494.0,452946.0,99905.0,347862.0,40596.0,79209.0,103490.0,183397.0,122686.0,69818.0,10406.0,10282.0,1234.0,9044.0,2597.0,420386.0,-76.0,315756.0,873300.0,118924.0,405288.0,219840.0,66524.0,468012.0,23244.0,1212300.0,546988.0,467960.0,79028.0,1597024.0,1637296.0,514020.0,419388.0,94632.0,318884.0,37648.0,79368.0,89836.0,169204.0,112032.0,63432.0,7376.0,7216.0,464.0,6752.0,2408.0,384724.0,-72.0
2008-04-01,359854.0,925145.0,116103.0,422752.0,242412.0,64358.0,502329.0,25055.0,1310237.0,564139.0,475345.0,87425.0,1729403.0,1739053.0,556434.0,459452.0,97399.0,345381.0,40577.0,78217.0,105023.0,183772.0,119828.0,69463.0,7719.0,7571.0,2149.0,5522.0,2817.0,417773.0,572.0,326812.0,880684.0,117260.0,409328.0,224724.0,67344.0,471356.0,23940.0,1231436.0,592360.0,511144.0,81216.0,1620800.0,1677448.0,544048.0,447940.0,96108.0,322120.0,37404.0,79740.0,94160.0,173900.0,110816.0,64552.0,7784.0,7352.0,1932.0,5420.0,2692.0,389364.0,552.0
2008-07-01,359725.0,925694.0,115392.0,422374.0,242260.0,64827.0,503278.0,25389.0,1311008.0,559627.0,469977.0,88554.0,1726576.0,1753314.0,541540.0,446158.0,95785.0,341949.0,39917.0,77626.0,105586.0,183666.0,117129.0,69114.0,15727.0,15788.0,4228.0,11751.0,2994.0,414173.0,-1200.0,329148.0,888472.0,115848.0,413420.0,229528.0,68044.0,475052.0,24252.0,1241872.0,600848.0,517852.0,82996.0,1636424.0,1694512.0,556240.0,458388.0,97852.0,325324.0,37264.0,81452.0,96332.0,177784.0,110276.0,66308.0,14640.0,14320.0,3808.0,10512.0,2920.0,394552.0,-1160.0
2008-10-01,364937.0,914495.0,109208.0,415667.0,242108.0,64669.0,498819.0,25462.0,1304807.0,534041.0,443853.0,89779.0,1703045.0,1732984.0,508238.0,419535.0,89076.0,323869.0,37757.0,71616.0,102990.0,174589.0,110317.0,70146.0,8212.0,8341.0,2754.0,5801.0,2955.0,397086.0,-664.0,335320.0,871580.0,108700.0,397144.0,221524.0,66920.0,474436.0,24312.0,1231212.0,539560.0,455780.0,83780.0,1618136.0,1618908.0,548368.0,450044.0,98324.0,316048.0,36176.0,82776.0,94200.0,176976.0,102896.0,67908.0,10200.0,10120.0,2648.0,7472.0,2968.0,386924.0,-620.0
2009-01-01,364979.0,911646.0,106398.0,413108.0,243700.0,63603.0,498529.0,25167.0,1301677.0,488049.0,401851.0,86053.0,1658947.0,1693824.0,459155.0,369953.0,89130.0,284618.0,33196.0,59413.0,88703.0,147764.0,103206.0,70214.0,5130.0,5004.0,-1573.0,6237.0,2255.0,357087.0,-226.0,338428.0,866320.0,104564.0,391720.0,221048.0,66108.0,474600.0,23832.0,1228580.0,460416.0,380792.0,79624.0,1575624.0,1557232.0,481660.0,383156.0,98504.0,277552.0,31948.0,70508.0,81116.0,151624.0,93980.0,67260.0,3060.0,2744.0,-1656.0,4400.0,2232.0,347044.0,-208.0
2009-04-01,367834.0,919610.0,109302.0,416138.0,243661.0,63643.0,503462.0,24349.0,1311681.0,468265.0,381837.0,86326.0,1667167.0,1675340.0,452016.0,361813.0,89978.0,280479.0,32190.0,58533.0,82810.0,141467.0,106877.0,72701.0,-8174.0,-7776.0,-2590.0,-5478.0,2249.0,355386.0,-1437.0,343588.0,873628.0,108564.0,395148.0,220508.0,66076.0,478480.0,23040.0,1240256.0,430464.0,350820.0,79644.0,1582484.0,1548488.0,454340.0,358736.0,95604.0,270740.0,30776.0,67032.0,75256.0,142288.0,97676.0,69284.0,-8792.0,-8380.0,-2436.0,-5944.0,2204.0,342228.0,-1328.0
2009-07-01,369790.0,929661.0,112943.0,420503.0,244029.0,63837.0,509147.0,23343.0,1322695.0,480789.0,395438.0,85281.0,1689397.0,1682878.0,480650.0,388429.0,92221.0,286062.0,32300.0,60347.0,81991.0,142763.0,111194.0,78348.0,-4469.0,-4664.0,1911.0,-6067.0,2213.0,366529.0,-1593.0,346384.0,886432.0,112220.0,400624.0,222352.0,66052.0,485808.0,22516.0,1255332.0,440564.0,361268.0,79296.0,1604592.0,1567924.0,467904.0,373368.0,94536.0,273468.0,30924.0,65656.0,73824.0,139480.0,103064.0,73652.0,-7844.0,-7784.0,792.0,-8576.0,2140.0,349260.0,-1484.0
2009-10-01,372821.0,936029.0,115069.0,423230.0,244406.0,63984.0,512788.0,22915.0,1331647.0,492398.0,405482.0,86850.0,1715585.0,1702503.0,499322.0,402952.0,96336.0,297652.0,33060.0,63375.0,82788.0,146832.0,118051.0,83873.0,-5061.0,-5098.0,1823.0,-6374.0,2407.0,383801.0,-414.0,352148.0,900400.0,113616.0,405384.0,225532.0,66236.0,495016.0,22484.0,1275032.0,460872.0,379524.0,81348.0,1638568.0,1611692.0,479092.0,382020.0,97072.0,283104.0,31796.0,65980.0,75036.0,141016.0,110292.0,78112.0,-8264.0,-8272.0,584.0,-8856.0,2320.0,363536.0,-392.0
2010-01-01,376161.0,946496.0,115189.0,427867.0,245800.0,66945.0,518617.0,23133.0,1345683.0,499315.0,414636.0,84602.0,1743096.0,1723041.0,521491.0,418620.0,102725.0,310583.0,34628.0,63765.0,90724.0,154799.0,121412.0,84482.0,4127.0,4037.0,-1355.0,4954.0,2366.0,397336.0,-889.0,353536.0,911508.0,114784.0,412096.0,229016.0,68296.0,499412.0,22196.0,1287240.0,473476.0,393532.0,79944.0,1665188.0,1644032.0,497576.0,396208.0,101368.0,296304.0,33536.0,65276.0,83640.0,148916.0,113852.0,79364.0,3792.0,3624.0,-308.0,3932.0,2280.0,377948.0,-848.0
2010-04-01,375733.0,954546.0,114492.0,428353.0,247530.0,66512.0,526178.0,23429.0,1353657.0,515523.0,431089.0,84374.0,1759525.0,1732057.0,536043.0,431965.0,103995.0,318116.0,36047.0,66733.0,95215.0,162264.0,119956.0,85359.0,-5067.0,-5236.0,-2373.0,-3253.0,2411.0,405802.0,-1115.0,355132.0,919440.0,115144.0,412096.0,229128.0,67824.0,507344.0,22620.0,1297192.0,480920.0,400968.0,79952.0,1686140.0,1653240.0,511464.0,409004.0,102460.0,305804.0,34792.0,68284.0,89212.0,157496.0,113516.0,80804.0,-1292.0,-1768.0,-672.0,-1096.0,2340.0,388948.0,-1064.0
2010-07-01,377064.0,962245.0,116832.0,433772.0,249110.0,67894.0,528467.0,23608.0,1362887.0,515499.0,429926.0,85493.0,1773366.0,1744332.0,546067.0,443816.0,102327.0,322749.0,36801.0,67000.0,101126.0,168253.0,117742.0,85304.0,4590.0,4278.0,-1320.0,5260.0,2428.0,410414.0,-2237.0,358884.0,930732.0,117064.0,417924.0,232748.0,68112.0,512808.0,23088.0,1312704.0,483264.0,401968.0,81296.0,1707380.0,1665372.0,529224.0,426124.0,103100.0,311592.0,35648.0,68884.0,95440.0,164324.0,111620.0,80736.0,6088.0,5036.0,-144.0,5180.0,2348.0,394676.0,-2136.0
2010-10-01,379675.0,970991.0,118760.0,436881.0,249565.0,68543.0,534100.0,24302.0,1374952.0,528009.0,441724.0,86220.0,1792651.0,1763825.0,548300.0,441903.0,106326.0,330475.0,36847.0,69201.0,107437.0,176689.0,116924.0,84638.0,-6397.0,-5895.0,-1163.0,-4786.0,2571.0,417644.0,-1493.0,363612.0,945200.0,118588.0,424940.0,237328.0,69024.0,520260.0,23692.0,1332504.0,506108.0,422948.0,83160.0,1734432.0,1701548.0,530348.0,424680.0,105668.0,318432.0,35648.0,68876.0,101556.0,170432.0,112352.0,81020.0,-7204.0,-7324.0,-208.0,-7116.0,2476.0,401928.0,-1440.0
2011-01-01,379986.0,972728.0,116545.0,434800.0,249675.0,68621.0,537924.0,24743.0,1377445.0,529014.0,443437.0,85508.0,1799553.0,1777148.0,560617.0,453601.0,106983.0,336928.0,36040.0,70085.0,111529.0,181620.0,119274.0,82775.0,10949.0,10135.0,651.0,9436.0,2400.0,422078.0,-1178.0,368512.0,952556.0,116968.0,426912.0,241228.0,68716.0,525644.0,24036.0,1345104.0,521996.0,439056.0,82940.0,1752940.0,1737952.0,544496.0,439676.0,104820.0,325860.0,35568.0,69100.0,106040.0,175140.0,115152.0,79644.0,8664.0,6988.0,392.0,6596.0,2332.0,407836.0,-1152.0
2011-04-01,381420.0,977054.0,117768.0,436110.0,249591.0,68770.0,540944.0,24983.0,1383447.0,521281.0,433100.0,88231.0,1809185.0,1780610.0,565732.0,455904.0,109777.0,343268.0,38084.0,75310.0,110684.0,186102.0,119074.0,80007.0,17630.0,18478.0,552.0,17832.0,2459.0,425721.0,-923.0,372732.0,963132.0,117480.0,432016.0,245056.0,69480.0,531116.0,24588.0,1360452.0,526240.0,440004.0,86236.0,1774796.0,1759852.0,558292.0,449160.0,109132.0,334172.0,37180.0,74156.0,106720.0,180876.0,116116.0,77764.0,18020.0,17972.0,512.0,17460.0,2408.0,414344.0,-912.0
2011-07-01,383086.0,981039.0,117678.0,438502.0,251254.0,69588.0,542532.0,25316.0,1389429.0,550239.0,460532.0,89638.0,1816871.0,1805176.0,570146.0,461646.0,108469.0,348122.0,39229.0,71360.0,115373.0,186764.0,122121.0,76842.0,10396.0,10311.0,575.0,9710.0,2464.0,427425.0,-1253.0,378820.0,970660.0,117100.0,434864.0,247692.0,70072.0,535796.0,24908.0,1374388.0,554040.0,466096.0,87944.0,1793384.0,1785748.0,568840.0,459644.0,109196.0,341512.0,38336.0,70776.0,112736.0,183512.0,119664.0,75076.0,8404.0,8188.0,652.0,7536.0,2408.0,418996.0,-1240.0
2011-10-01,383925.0,987066.0,120724.0,442076.0,250592.0,70759.0,544983.0,25308.0,1396291.0,557182.0,466246.0,90872.0,1827912.0,1819392.0,575784.0,467564.0,108189.0,354855.0,39254.0,72502.0,119714.0,192233.0,123346.0,74270.0,12083.0,12489.0,-1172.0,13578.0,2488.0,431614.0,-823.0,380500.0,981988.0,120100.0,439972.0,249116.0,70756.0,542016.0,25132.0,1387620.0,574740.0,485188.0,89552.0,1814808.0,1812700.0,586424.0,477100.0,109324.0,351084.0,38616.0,72876.0,118320.0,191196.0,121272.0,73632.0,10396.0,10988.0,-892.0,11880.0,2472.0,427188.0,-820.0
2012-01-01,384431.0,992771.0,123226.0,443771.0,249132.0,71412.0,548996.0,25284.0,1402483.0,556461.0,464718.0,91734.0,1846062.0,1820558.0,586368.0,472932.0,113446.0,364986.0,39424.0,73844.0,122927.0,196785.0,128772.0,76024.0,4482.0,-181.0,-1622.0,1485.0,2572.0,443581.0,-1509.0,380448.0,989668.0,123160.0,444196.0,249388.0,71648.0,545472.0,25336.0,1395452.0,562396.0,471524.0,90872.0,1837532.0,1815120.0,587656.0,475624.0,112032.0,363548.0,39696.0,73764.0,122704.0,196468.0,127384.0,75948.0,4352.0,2812.0,-376.0,3188.0,2584.0,442080.0,-1504.0
2012-04-01,383387.0,993919.0,120884.0,442589.0,250838.0,70868.0,551332.0,25541.0,1402851.0,556941.0,464260.0,92678.0,1851080.0,1826496.0,586529.0,474004.0,112525.0,368723.0,37599.0,74492.0,128521.0,203004.0,128122.0,76792.0,6327.0,6647.0,898.0,5748.0,2712.0,448228.0,-1193.0,382104.0,993188.0,120724.0,441824.0,249916.0,71184.0,551364.0,25428.0,1400720.0,554476.0,462296.0,92180.0,1848672.0,1818984.0,592928.0,479424.0,113504.0,368776.0,37848.0,75748.0,127148.0,202896.0,128032.0,76464.0,9952.0,9040.0,1520.0,7520.0,2712.0,447952.0,-1188.0
2012-07-01,385762.0,1000006.0,120710.0,444795.0,252183.0,71903.0,555212.0,25681.0,1411453.0,553209.0,461657.0,91559.0,1859048.0,1828984.0,592853.0,477900.0,114950.0,368565.0,38029.0,74365.0,129127.0,203480.0,127057.0,76232.0,10519.0,10465.0,1188.0,9277.0,2796.0,447594.0,-404.0,387244.0,1000460.0,120644.0,444528.0,252324.0,71560.0,555932.0,25636.0,1413340.0,546644.0,454572.0,92072.0,1861460.0,1830636.0,589516.0,474488.0,115028.0,369020.0,37912.0,74084.0,129728.0,203812.0,127296.0,76312.0,12452.0,11424.0,2392.0,9032.0,2788.0,448120.0,-404.0
2012-10-01,385500.0,1005516.0,121224.0,447377.0,254000.0,72153.0,558140.0,25706.0,1416718.0,551838.0,459921.0,91921.0,1867550.0,1832766.0,590798.0,475852.0,114939.0,372506.0,37664.0,74475.0,133393.0,207875.0,126969.0,75515.0,5960.0,6077.0,2484.0,3550.0,2812.0,450833.0,-1022.0,389284.0,1008896.0,121516.0,447984.0,254524.0,71944.0,560912.0,25812.0,1423992.0,554932.0,462164.0,92768.0,1876076.0,1844064.0,586448.0,471152.0,115296.0,373436.0,37260.0,73580.0,134388.0,207968.0,128208.0,75840.0,532.0,-268.0,-588.0,320.0,2808.0,452084.0,-1028.0
2013-01-01,381463.0,1011863.0,123803.0,450833.0,254214.0,72818.0,561035.0,26264.0,1419536.0,560597.0,469083.0,91530.0,1872842.0,1849206.0,597753.0,482748.0,115021.0,375760.0,38263.0,74951.0,136617.0,211597.0,125930.0,74687.0,15583.0,15273.0,4342.0,10893.0,2873.0,453316.0,-1387.0,391836.0,1021024.0,124284.0,452848.0,255984.0,72580.0,568176.0,26836.0,1439696.0,567500.0,473736.0,93764.0,1893000.0,1876844.0,596984.0,479880.0,117104.0,375304.0,37224.0,73380.0,137508.0,210888.0,127192.0,75068.0,14736.0,13296.0,3532.0,9764.0,2932.0,453304.0,-1408.0
2013-04-01,379767.0,1021213.0,127398.0,455691.0,255401.0,72896.0,565534.0,26428.0,1427288.0,570866.0,477891.0,92996.0,1880714.0,1859938.0,603976.0,488594.0,115420.0,379060.0,37357.0,75017.0,138764.0,213826.0,127890.0,71561.0,12447.0,12798.0,5449.0,7315.0,2822.0,453416.0,521.0,390480.0,1032568.0,127604.0,457256.0,256940.0,72712.0,575312.0,26336.0,1449384.0,576092.0,480208.0,95884.0,1905860.0,1886592.0,603272.0,484976.0,118296.0,381060.0,37672.0,74308.0,139880.0,214188.0,129200.0,72548.0,7384.0,6648.0,3824.0,2824.0,2868.0,456476.0,528.0
2013-07-01,381670.0,1028792.0,127956.0,460842.0,258253.0,74642.0,567988.0,26176.0,1436512.0,566836.0,471365.0,95441.0,1890440.0,1875096.0,601350.0,486768.0,114630.0,379799.0,37612.0,73494.0,141596.0,215169.0,127037.0,71291.0,18936.0,19476.0,7126.0,12400.0,2850.0,453908.0,1581.0,394528.0,1044832.0,128172.0,463880.0,261268.0,74440.0,580952.0,26380.0,1465740.0,580896.0,482808.0,98088.0,1928472.0,1912428.0,612204.0,491844.0,120360.0,386508.0,38432.0,73792.0,144640.0,218432.0,129644.0,73320.0,13652.0,13996.0,5276.0,8720.0,2904.0,462732.0,1612.0
2013-10-01,384018.0,1035215.0,127904.0,465008.0,261195.0,75915.0,570269.0,26040.0,1445150.0,574741.0,479931.0,94815.0,1900704.0,1894795.0,602423.0,488450.0,114053.0,382721.0,37664.0,75428.0,142771.0,218262.0,126818.0,69968.0,24252.0,23905.0,5012.0,18951.0,2894.0,455535.0,-1149.0,398548.0,1053920.0,127800.0,468016.0,265168.0,75048.0,585904.0,26164.0,1478632.0,583468.0,485320.0,98148.0,1946524.0,1933124.0,614744.0,494336.0,120408.0,392484.0,38040.0,76292.0,147752.0,224044.0,130400.0,72460.0,19048.0,18700.0,624.0,18076.0,2948.0,467892.0,-1172.0
2014-01-01,385121.0,1038695.0,128929.0,465113.0,261290.0,74887.0,573617.0,25568.0,1449264.0,572813.0,475652.0,97212.0,1905868.0,1897892.0,598906.0,484076.0,114861.0,384082.0,38291.0,74155.0,146298.0,220554.0,125265.0,69485.0,21226.0,22192.0,2268.0,19906.0,3075.0,456586.0,-1504.0,402400.0,1065680.0,129568.0,472496.0,268600.0,74328.0,593184.0,26328.0,1494408.0,612364.0,513500.0,98864.0,1966988.0,1963452.0,630872.0,507708.0,123164.0,397088.0,39496.0,76084.0,152044.0,228128.0,129464.0,72364.0,16528.0,18124.0,-1880.0,20004.0,3128.0,472580.0,-1556.0
2014-04-01,383683.0,1048213.0,133000.0,470166.0,260999.0,76249.0,578096.0,25760.0,1457471.0,607486.0,507060.0,100353.0,1918037.0,1915226.0,619152.0,500657.0,118524.0,388573.0,37721.0,75180.0,147404.0,222682.0,128194.0,68917.0,9746.0,8743.0,-963.0,9699.0,3118.0,460542.0,-212.0,403160.0,1082060.0,133724.0,480732.0,270612.0,76396.0,601328.0,26612.0,1511832.0,640380.0,537548.0,102832.0,1992948.0,1988404.0,652604.0,526576.0,126028.0,405424.0,38952.0,78064.0,154876.0,232940.0,133532.0,72492.0,7900.0,7468.0,-3364.0,10832.0,3200.0,481116.0,-220.0
2014-07-01,383860.0,1055843.0,135684.0,473964.0,261303.0,77115.0,581936.0,26132.0,1465610.0,616555.0,516269.0,100173.0,1932521.0,1933594.0,621680.0,503480.0,118264.0,394437.0,37501.0,76566.0,149191.0,225852.0,131103.0,69454.0,5469.0,5529.0,-752.0,6350.0,3038.0,466863.0,234.0,405492.0,1093188.0,136556.0,484800.0,270672.0,77572.0,608388.0,26940.0,1525620.0,644876.0,541440.0,103436.0,2016420.0,2013792.0,653896.0,527708.0,126188.0,414612.0,39188.0,79832.0,157500.0,237332.0,138092.0,73032.0,6148.0,5836.0,-3968.0,9804.0,3156.0,490800.0,244.0
2014-10-01,382696.0,1063496.0,135875.0,477111.0,263693.0,77666.0,586435.0,26588.0,1472490.0,619905.0,517436.0,102373.0,1945629.0,1946974.0,626645.0,508185.0,118516.0,400361.0,38637.0,78222.0,151962.0,230281.0,131469.0,69829.0,8130.0,8132.0,376.0,7832.0,2925.0,473052.0,-681.0,406136.0,1104084.0,137620.0,487280.0,271228.0,78432.0,616804.0,27424.0,1537644.0,634828.0,530024.0,104804.0,2039316.0,2013944.0,667332.0,538212.0,129120.0,425240.0,40752.0,84016.0,160640.0,244656.0,139832.0,73336.0,7836.0,7528.0,-2568.0,10096.0,3096.0,501672.0,-704.0
2015-01-01,387912.0,1065536.0,133366.0,476998.0,265890.0,77858.0,588551.0,26400.0,1479639.0,613634.0,510298.0,103239.0,1932498.0,1936275.0,623740.0,504566.0,119195.0,378771.0,35578.0,73726.0,136962.0,210830.0,132415.0,71660.0,13373.0,13506.0,783.0,12874.0,2769.0,453116.0,-211.0,413088.0,1105264.0,135892.0,483656.0,268956.0,78808.0,621608.0,27204.0,1545556.0,620336.0,514284.0,106052.0,2030996.0,1984300.0,674904.0,543640.0,131264.0,405660.0,38328.0,80968.0,145388.0,226356.0,140976.0,76852.0,8088.0,8056.0,-1516.0,9572.0,2928.0,485440.0,-216.0
2015-04-01,388318.0,1070760.0,135328.0,478812.0,264639.0,78954.0,591942.0,27044.0,1485881.0,621986.0,518608.0,103340.0,1925965.0,1931005.0,625307.0,502920.0,122360.0,368060.0,33404.0,71453.0,130522.0,202139.0,132599.0,69887.0,8987.0,8970.0,575.0,8492.0,2765.0,440630.0,-794.0,413388.0,1114204.0,138616.0,488232.0,269572.0,80044.0,625972.0,28192.0,1555784.0,630644.0,522136.0,108508.0,2029696.0,1984920.0,677300.0,543072.0,134228.0,395020.0,36352.0,78304.0,138440.0,216744.0,141924.0,75948.0,2696.0,2628.0,-88.0,2716.0,2944.0,473912.0,-816.0
2015-07-01,390569.0,1078753.0,139200.0,484838.0,266265.0,79475.0,594002.0,27332.0,1496399.0,634319.0,530977.0,103344.0,1930683.0,1937835.0,617785.0,497313.0,120460.0,362334.0,32677.0,69947.0,124467.0,194628.0,135122.0,69964.0,-8534.0,-8612.0,869.0,-9800.0,2790.0,435014.0,-1228.0,418240.0,1129568.0,142448.0,495888.0,272384.0,81056.0,633680.0,28756.0,1576564.0,649764.0,539956.0,109808.0,2047424.0,2000864.0,690492.0,555340.0,135152.0,391868.0,36016.0,78672.0,131524.0,210196.0,145656.0,76004.0,-4564.0,-4796.0,-340.0,-4456.0,2988.0,470860.0,-1268.0
2015-10-01,389488.0,1086341.0,141962.0,488782.0,266142.0,80780.0,597671.0,28168.0,1503684.0,629449.0,525429.0,103909.0,1934364.0,1939286.0,618082.0,497170.0,120902.0,358462.0,33021.0,69744.0,119723.0,189781.0,135736.0,70405.0,-5966.0,-5995.0,698.0,-6902.0,2736.0,431533.0,-1129.0,417528.0,1139280.0,145624.0,500012.0,272136.0,82252.0,639268.0,30148.0,1586956.0,635076.0,524880.0,110196.0,2055672.0,1991680.0,689380.0,554200.0,135180.0,389180.0,36460.0,79116.0,126376.0,205492.0,147228.0,76572.0,-8528.0,-8820.0,972.0,-9792.0,2964.0,468716.0,-1160.0
2016-01-01,392681.0,1086985.0,142690.0,490115.0,266422.0,81102.0,597031.0,29000.0,1508398.0,642847.0,534957.0,107665.0,1930309.0,1949923.0,619638.0,498588.0,121042.0,349356.0,33259.0,63449.0,114592.0,178180.0,137943.0,71553.0,-4551.0,-4227.0,461.0,-4800.0,2177.0,423015.0,1140.0,421840.0,1141184.0,147652.0,500092.0,270192.0,82248.0,641092.0,29976.0,1593000.0,635324.0,521528.0,113796.0,2056300.0,1998420.0,689740.0,552472.0,137268.0,383056.0,36564.0,72808.0,121632.0,194440.0,152052.0,77900.0,-4632.0,-4248.0,-1052.0,-3196.0,2344.0,463300.0,1168.0
2016-04-01,396863.0,1091277.0,141269.0,489652.0,268341.0,80168.0,601679.0,30024.0,1517920.0,616598.0,508047.0,107942.0,1936603.0,1940335.0,621360.0,498591.0,122718.0,347954.0,33505.0,64842.0,110201.0,175340.0,139099.0,70036.0,5671.0,5257.0,1915.0,3257.0,2021.0,419949.0,1481.0,425752.0,1147040.0,147436.0,503020.0,273760.0,81824.0,644020.0,31176.0,1603968.0,608392.0,494468.0,113924.0,2063128.0,2002152.0,673580.0,536276.0,137304.0,380780.0,36964.0,72512.0,117096.0,189608.0,154208.0,76188.0,2684.0,2212.0,1148.0,1064.0,2192.0,459160.0,1528.0
2016-07-01,396786.0,1098903.0,141449.0,490821.0,269529.0,79975.0,608041.0,30036.0,1525435.0,634400.0,523997.0,109864.0,1945303.0,1960344.0,628463.0,506135.0,122345.0,349770.0,32893.0,60215.0,117286.0,177592.0,139293.0,69495.0,6682.0,6766.0,549.0,6219.0,1955.0,421165.0,1225.0,427704.0,1156132.0,147748.0,503492.0,273984.0,81760.0,652640.0,31472.0,1615308.0,641832.0,525296.0,116536.0,2079376.0,2035420.0,692180.0,553280.0,138900.0,386080.0,35976.0,67168.0,127732.0,194900.0,155204.0,75852.0,5120.0,4820.0,-636.0,5456.0,2136.0,464068.0,1272.0
2016-10-01,397626.0,1107216.0,144608.0,495745.0,270839.0,80388.0,611480.0,29688.0,1534207.0,640701.0,528176.0,111937.0,1946861.0,1971351.0,616714.0,493572.0,123058.0,341919.0,32686.0,59192.0,109205.0,168556.0,140583.0,70422.0,-3057.0,-3404.0,-757.0,-2643.0,1979.0,414247.0,1252.0,430044.0,1170316.0,151780.0,512460.0,278476.0,82204.0,657856.0,31180.0,1631540.0,666832.0,547916.0,118916.0,2090060.0,2066148.0,687972.0,547368.0,140604.0,378868.0,36032.0,66816.0,117640.0,184456.0,158380.0,77476.0,-4084.0,-5104.0,-1468.0,-3636.0,2176.0,458520.0,1312.0
2017-01-01,401743.0,1119347.0,149665.0,503370.0,272018.0,81721.0,616070.0,29652.0,1550415.0,644134.0,530842.0,112697.0,1974633.0,1992778.0,639100.0,514237.0,124870.0,351687.0,34759.0,64544.0,109121.0,173994.0,142896.0,71963.0,14629.0,16105.0,576.0,15510.0,2018.0,425595.0,-1808.0,436032.0,1187868.0,158092.0,522872.0,281568.0,83212.0,664996.0,31448.0,1655348.0,680240.0,559456.0,120784.0,2130908.0,2107924.0,711060.0,567536.0,143524.0,393720.0,38600.0,72752.0,117300.0,190052.0,165068.0,79620.0,9748.0,11836.0,960.0,10876.0,2220.0,475560.0,-1912.0
2017-04-01,402064.0,1134136.0,153250.0,513363.0,276380.0,83763.0,621007.0,29644.0,1565408.0,649413.0,534952.0,113857.0,1993328.0,2013165.0,649470.0,525501.0,124091.0,354240.0,36029.0,65821.0,110457.0,176630.0,141655.0,73072.0,20434.0,19263.0,1323.0,17919.0,2089.0,429324.0,-170.0,442176.0,1204248.0,161412.0,530992.0,284964.0,84616.0,673256.0,31668.0,1678092.0,686604.0,564344.0,122260.0,2159144.0,2130024.0,733888.0,589120.0,144768.0,397572.0,39872.0,75476.0,118724.0,194200.0,163500.0,81152.0,18344.0,17940.0,1616.0,16324.0,2328.0,481052.0,-180.0
2017-07-01,404948.0,1144486.0,153812.0,515555.0,277287.0,84495.0,629053.0,29900.0,1578875.0,633561.0,517736.0,115094.0,2010688.0,2021658.0,648904.0,520727.0,128122.0,355362.0,37162.0,65107.0,112147.0,177562.0,140776.0,75851.0,25930.0,25982.0,370.0,25586.0,2113.0,433223.0,-982.0,444184.0,1214164.0,161272.0,532920.0,285988.0,85660.0,681244.0,32104.0,1690452.0,647336.0,524512.0,122824.0,2173932.0,2141764.0,705312.0,560680.0,144632.0,397340.0,41136.0,71732.0,121228.0,192960.0,163244.0,83796.0,26848.0,26556.0,600.0,25956.0,2344.0,483480.0,-1040.0
2017-10-01,408714.0,1151676.0,154525.0,518528.0,278854.0,85195.0,633260.0,29996.0,1589953.0,644064.0,527336.0,116025.0,2035278.0,2032130.0,663746.0,533909.0,129838.0,365410.0,36024.0,70693.0,113891.0,184966.0,144612.0,78977.0,15807.0,16035.0,2404.0,13624.0,2133.0,446403.0,-97.0,450344.0,1230332.0,163332.0,541804.0,292008.0,86464.0,688528.0,32420.0,1713096.0,679124.0,553792.0,125332.0,2216392.0,2182852.0,730756.0,582764.0,147992.0,413180.0,40140.0,78756.0,123928.0,202684.0,170356.0,87728.0,18196.0,18392.0,2576.0,15816.0,2388.0,503296.0,-104.0
2018-01-01,412730.0,1159463.0,156302.0,523136.0,280686.0,86200.0,636482.0,30224.0,1602008.0,655025.0,531219.0,122971.0,2049467.0,2049916.0,674092.0,539293.0,134683.0,366807.0,39895.0,70983.0,113011.0,184386.0,142843.0,79725.0,19267.0,19532.0,903.0,18601.0,2177.0,448586.0,457.0,455080.0,1244136.0,165456.0,549356.0,296564.0,87336.0,694780.0,33144.0,1732360.0,697548.0,564336.0,133212.0,2237768.0,2207040.0,748292.0,594096.0,154196.0,414048.0,44036.0,78944.0,123440.0,202384.0,167628.0,88928.0,19524.0,20284.0,960.0,19324.0,2432.0,505408.0,492.0
2018-04-01,416819.0,1165460.0,157398.0,525335.0,281736.0,86243.0,640262.0,30688.0,1612596.0,669793.0,545295.0,123661.0,2060914.0,2066010.0,683445.0,548628.0,134774.0,369922.0,40602.0,73557.0,113401.0,187389.0,142364.0,77560.0,19354.0,18863.0,108.0,18695.0,2133.0,449521.0,-421.0,460716.0,1256980.0,166620.0,555004.0,300612.0,87772.0,701976.0,33596.0,1751292.0,734220.0,598824.0,135396.0,2262224.0,2240084.0,773748.0,615616.0,158132.0,421332.0,44940.0,83292.0,124780.0,208072.0,168320.0,87204.0,17844.0,17564.0,20.0,17544.0,2396.0,510932.0,-456.0
2018-07-01,418296.0,1172344.0,157174.0,528569.0,284283.0,87162.0,643918.0,30548.0,1620793.0,673409.0,547987.0,124583.0,2062203.0,2080268.0,669159.0,534552.0,134461.0,364035.0,40002.0,70475.0,112692.0,183539.0,140871.0,76936.0,12573.0,12648.0,684.0,11936.0,2073.0,442947.0,133.0,463812.0,1268840.0,166968.0,560408.0,304476.0,88964.0,708432.0,33896.0,1766548.0,748676.0,610924.0,137752.0,2274020.0,2258968.0,775884.0,615280.0,160604.0,417408.0,44500.0,80748.0,124540.0,205288.0,167620.0,87716.0,12012.0,11892.0,740.0,11152.0,2348.0,507472.0,144.0
2018-10-01,421250.0,1172238.0,157504.0,527820.0,283261.0,87112.0,644533.0,30844.0,1623998.0,671399.0,544724.0,125792.0,2059395.0,2087359.0,660467.0,527230.0,133076.0,361570.0,41329.0,70839.0,111722.0,182956.0,137801.0,73716.0,15246.0,15134.0,181.0,14906.0,2001.0,437203.0,127.0,469868.0,1271828.0,167260.0,558704.0,302604.0,88840.0,713124.0,34228.0,1775924.0,710316.0,570576.0,139740.0,2279964.0,2236608.0,767136.0,606888.0,160248.0,417088.0,46092.0,82380.0,124208.0,206588.0,164408.0,84684.0,13328.0,12964.0,-636.0,13600.0,2268.0,504040.0,136.0
2019-01-01,419086.0,1178479.0,158109.0,529944.0,284228.0,87673.0,648619.0,31016.0,1628150.0,671718.0,537046.0,133502.0,2070807.0,2088836.0,680847.0,543436.0,137241.0,368700.0,42775.0,78081.0,113353.0,192020.0,134745.0,73757.0,25063.0,25102.0,1003.0,24063.0,1844.0,444226.0,1661.0,471220.0,1283608.0,168372.0,561272.0,303260.0,89640.0,722336.0,34520.0,1789348.0,733444.0,585576.0,147868.0,2303644.0,2268920.0,790824.0,623848.0,166976.0,427428.0,48112.0,91588.0,126900.0,218488.0,160828.0,84768.0,20852.0,20568.0,448.0,20120.0,2100.0,514296.0,1804.0
2019-04-01,418474.0,1180682.0,157553.0,531047.0,284976.0,88615.0,649724.0,31140.0,1629833.0,692929.0,553394.0,138323.0,2072492.0,2109476.0,675456.0,539815.0,135514.0,368754.0,41879.0,73479.0,114038.0,187960.0,139517.0,73700.0,17220.0,17276.0,457.0,16791.0,1868.0,444247.0,1335.0,473208.0,1295792.0,168296.0,567568.0,308524.0,90748.0,728224.0,35008.0,1804008.0,765396.0,612044.0,153352.0,2321164.0,2312680.0,789716.0,622800.0,166916.0,429752.0,47768.0,86272.0,128560.0,214832.0,167152.0,85268.0,14372.0,14204.0,-276.0,14480.0,2136.0,517156.0,1464.0
2019-07-01,421814.0,1185807.0,157327.0,530970.0,285338.0,88386.0,654815.0,31692.0,1638891.0,694918.0,552688.0,140980.0,2091625.0,2117366.0,674642.0,538397.0,136065.0,376648.0,41900.0,74694.0,117407.0,192532.0,142817.0,75571.0,4966.0,4964.0,1057.0,3914.0,1907.0,454048.0,-1182.0,479288.0,1303680.0,168532.0,568000.0,308624.0,90844.0,735680.0,35652.0,1818620.0,753924.0,597364.0,156560.0,2347688.0,2322472.0,780992.0,613816.0,167176.0,439432.0,48104.0,87184.0,131844.0,219028.0,172300.0,87448.0,3148.0,2976.0,420.0,2556.0,2188.0,529068.0,-1296.0
2019-10-01,425861.0,1193992.0,156394.0,531085.0,286022.0,88759.0,662719.0,32372.0,1651833.0,682411.0,542810.0,138375.0,2100426.0,2124287.0,666376.0,526417.0,139385.0,372871.0,41200.0,69903.0,119283.0,189483.0,142700.0,75513.0,6820.0,6693.0,2564.0,4164.0,1907.0,450206.0,-1312.0,488536.0,1320184.0,168392.0,572120.0,312112.0,91616.0,748064.0,36308.0,1845028.0,741236.0,587412.0,153824.0,2374116.0,2350180.0,768144.0,597124.0,171020.0,439132.0,47476.0,81716.0,135224.0,216940.0,174716.0,87776.0,4424.0,3980.0,1580.0,2400.0,2180.0,529088.0,-1452.0
2020-01-01,425704.0,1166621.0,138667.0,514377.0,294844.0,80597.0,651840.0,32640.0,1624888.0,669236.0,537427.0,130845.0,2075015.0,2079075.0,662746.0,518853.0,142931.0,371415.0,41715.0,67775.0,121165.0,189161.0,141117.0,78152.0,-2821.0,-2033.0,2450.0,-4452.0,1926.0,451374.0,-1250.0,494452.0,1290804.0,149544.0,552608.0,319268.0,83796.0,738196.0,36752.0,1822008.0,702508.0,556740.0,145768.0,2354740.0,2275768.0,777020.0,596224.0,180796.0,439400.0,48012.0,80340.0,137488.0,217828.0,173560.0,91120.0,-3092.0,-1864.0,1680.0,-3544.0,2212.0,532732.0,-1368.0
2020-04-01,409343.0,1003000.0,121457.0,475019.0,284201.0,68922.0,529605.0,30220.0,1444777.0,556322.0,439498.0,115357.0,1834752.0,1851868.0,519753.0,420361.0,100049.0,312871.0,38970.0,51161.0,102380.0,153513.0,120755.0,77048.0,-31596.0,-33923.0,1596.0,-35539.0,1815.0,391442.0,1800.0,491740.0,1100252.0,130564.0,501384.0,301244.0,69576.0,598868.0,34108.0,1626100.0,554208.0,427556.0,126652.0,2085332.0,2004264.0,597756.0,470000.0,127756.0,368724.0,44708.0,61208.0,115084.0,176292.0,147724.0,88400.0,-39468.0,-43180.0,988.0,-44168.0,2108.0,459232.0,1948.0
2020-07-01,432037.0,1133590.0,167221.0,554846.0,297198.0,89983.0,581695.0,31472.0,1597839.0,631770.0,514607.0,116723.0,2044108.0,2018868.0,622934.0,521588.0,104089.0,365711.0,41062.0,63409.0,100608.0,164453.0,159027.0,79752.0,-43861.0,-41718.0,-5097.0,-36607.0,1950.0,447349.0,-502.0,509128.0,1254552.0,182468.0,594148.0,319648.0,92032.0,660404.0,35600.0,1799280.0,670772.0,541892.0,128880.0,2332320.0,2238124.0,714232.0,584724.0,129508.0,438980.0,47172.0,74704.0,113384.0,188088.0,203720.0,91796.0,-50180.0,-49332.0,-5280.0,-44052.0,2264.0,533040.0,-556.0
2020-10-01,439951.0,1136735.0,166825.0,553899.0,298792.0,87737.0,585661.0,32464.0,1610203.0,641872.0,522207.0,119195.0,2068844.0,2061880.0,639894.0,534644.0,107963.0,377430.0,42021.0,67163.0,99138.0,166856.0,166964.0,79863.0,-15695.0,-16389.0,-1229.0,-15187.0,2014.0,459330.0,-1269.0,520480.0,1265980.0,183680.0,598692.0,324716.0,90296.0,667288.0,37060.0,1823520.0,695920.0,563388.0,132532.0,2377448.0,2320568.0,732408.0,599660.0,132748.0,458916.0,49048.0,78408.0,111836.0,190244.0,219624.0,92648.0,-18964.0,-19604.0,-2496.0,-17108.0,2364.0,553928.0,-1428.0
2021-01-01,449278.0,1142579.0,165061.0,556290.0,301164.0,89643.0,589108.0,31672.0,1624927.0,649575.0,531216.0,117891.0,2101034.0,2088868.0,653290.0,543426.0,112438.0,393989.0,43463.0,63013.0,103217.0,166758.0,180959.0,79819.0,-17690.0,-19557.0,-9526.0,-9577.0,2125.0,476102.0,-1952.0,541064.0,1280320.0,184284.0,607516.0,331236.0,91996.0,672804.0,36392.0,1857776.0,744720.0,612132.0,132588.0,2446576.0,2423028.0,742768.0,607064.0,135704.0,492000.0,51136.0,71840.0,120220.0,192060.0,248804.0,94252.0,-23236.0,-28000.0,-8684.0,-19316.0,2548.0,588800.0,-2264.0
2021-04-01,452926.0,1136728.0,160702.0,541658.0,294699.0,85728.0,597389.0,31752.0,1623089.0,616204.0,498585.0,117426.0,2098036.0,2076573.0,653984.0,541379.0,115008.0,393811.0,43286.0,69438.0,105698.0,175521.0,173692.0,78799.0,4659.0,6699.0,-6236.0,13675.0,2159.0,474983.0,789.0,542808.0,1284516.0,181520.0,598272.0,329168.0,87584.0,686244.0,36944.0,1864268.0,743288.0,609096.0,134192.0,2465876.0,2462792.0,749396.0,611416.0,137980.0,504088.0,50784.0,77140.0,128000.0,205140.0,248164.0,94844.0,2088.0,1920.0,-5420.0,7340.0,2676.0,601608.0,936.0
2021-07-01,455362.0,1191441.0,159769.0,555035.0,296795.0,99026.0,638416.0,32400.0,1680135.0,621740.0,500462.0,121303.0,2135756.0,2106286.0,648976.0,530493.0,120549.0,377230.0,42208.0,69767.0,107037.0,177223.0,158304.0,79187.0,-11680.0,-11444.0,-10046.0,51.0,2020.0,458442.0,-686.0,550224.0,1361180.0,182944.0,623392.0,339180.0,101268.0,737788.0,37736.0,1949140.0,777320.0,636556.0,140764.0,2544556.0,2530476.0,779336.0,630752.0,148584.0,496100.0,50128.0,79620.0,134452.0,214072.0,231900.0,96744.0,-11240.0,-10860.0,-10896.0,36.0,2572.0,595416.0,-824.0
2021-10-01,458519.0,1195266.0,159282.0,552478.0,294725.0,99083.0,644714.0,33052.0,1687843.0,645565.0,518367.0,127366.0,2154999.0,2141494.0,679773.0,553297.0,128594.0,387172.0,41432.0,72083.0,110873.0,183401.0,162753.0,79936.0,8120.0,6892.0,974.0,5877.0,1971.0,469173.0,-3.0,560376.0,1384524.0,186012.0,634248.0,346260.0,101976.0,750276.0,39008.0,1983908.0,837964.0,687812.0,150152.0,2608232.0,2622176.0,835952.0,677580.0,158372.0,522860.0,49500.0,82564.0,141976.0,224540.0,248820.0,98928.0,11936.0,9372.0,-2768.0,12140.0,2536.0,624324.0,-4.0
2022-01-01,462068.0,1201060.0,161031.0,555139.0,297047.0,97402.0,647857.0,33348.0,1697545.0,631904.0,507543.0,124507.0,2173182.0,2155250.0,683089.0,556368.0,128851.0,393600.0,43074.0,73199.0,111911.0,185530.0,165444.0,81466.0,20069.0,20586.0,2944.0,17493.0,1981.0,477129.0,803.0,579992.0,1414220.0,191260.0,651788.0,359216.0,101312.0,762432.0,39784.0,2033996.0,883388.0,733360.0,150028.0,2685368.0,2715276.0,864268.0,701332.0,162936.0,545180.0,52144.0,84692.0,145608.0,230300.0,262736.0,103580.0,9776.0,8452.0,-824.0,9276.0,2612.0,651372.0,1012.0
2022-04-01,459111.0,1227276.0,154805.0,555343.0,298542.0,103005.0,673960.0,33828.0,1720778.0,644364.0,516984.0,127666.0,2183773.0,2174582.0,728037.0,592425.0,137885.0,383213.0,43527.0,76857.0,114521.0,191673.0,151154.0,81061.0,60213.0,60187.0,7325.0,52753.0,2063.0,466308.0,1130.0,576720.0,1473568.0,186508.0,669396.0,375008.0,107880.0,804172.0,40560.0,2090848.0,972608.0,813224.0,159384.0,2735464.0,2824176.0,954284.0,775712.0,178572.0,535708.0,53324.0,90204.0,151776.0,241980.0,240404.0,106128.0,68920.0,67536.0,8032.0,59504.0,2780.0,644616.0,1468.0
2022-07-01,464446.0,1228166.0,154617.0,549843.0,296544.0,99292.0,680392.0,34072.0,1727406.0,661797.0,531365.0,130630.0,2178853.0,2186724.0,723830.0,586674.0,139423.0,374186.0,42448.0,75320.0,116345.0,192130.0,143667.0,79965.0,53320.0,53524.0,7683.0,45485.0,1966.0,456045.0,1428.0,585480.0,1485408.0,186672.0,665220.0,373940.0,104608.0,820188.0,41036.0,2111924.0,955720.0,791664.0,164056.0,2749444.0,2806140.0,968764.0,781976.0,186788.0,529148.0,52564.0,91956.0,154668.0,246624.0,229960.0,105700.0,67908.0,67064.0,5648.0,61416.0,2672.0,637520.0,1832.0
2022-10-01,467115.0,1231439.0,159614.0,553056.0,295606.0,98408.0,680451.0,34216.0,1733537.0,665426.0,531119.0,135049.0,2179795.0,2185910.0,699941.0,566930.0,135198.0,367854.0,42572.0,69235.0,119581.0,189622.0,139982.0,82005.0,24264.0,24840.0,2998.0,21820.0,1936.0,451535.0,1290.0,594636.0,1505484.0,192892.0,676560.0,379428.0,104240.0,828924.0,41256.0,2141376.0,949832.0,778616.0,171216.0,2779180.0,2784988.0,957672.0,770308.0,187364.0,525952.0,53292.0,87696.0,160208.0,247904.0,224756.0,109200.0,12004.0,12676.0,-4748.0,17424.0,2652.0,637804.0,1644.0
2023-01-01,462718.0,1245808.0,162533.0,559644.0,295709.0,102549.0,688256.0,34984.0,1743976.0,681790.0,546252.0,136023.0,2186441.0,2200064.0,701219.0,566204.0,137169.0,362870.0,43345.0,69284.0,122127.0,192272.0,132775.0,84018.0,16080.0,15452.0,-4669.0,21241.0,1959.0,448400.0,530.0,593044.0,1534032.0,197196.0,685900.0,379412.0,109292.0,848132.0,42400.0,2169476.0,947840.0,774064.0,173776.0,2805776.0,2806644.0,962012.0,770760.0,191252.0,522076.0,55432.0,88904.0,163552.0,252456.0,214188.0,111524.0,14364.0,13396.0,-8600.0,21996.0,2700.0,636300.0,676.0
2023-04-01,465615.0,1246449.0,161725.0,560447.0,296849.0,103020.0,688098.0,35652.0,1748253.0,682469.0,543357.0,139911.0,2192068.0,2198984.0,704535.0,570959.0,135803.0,364291.0,43625.0,71135.0,125031.0,197043.0,129960.0,83841.0,11053.0,11315.0,-2889.0,14845.0,2026.0,449739.0,1255.0,607364.0,1549440.0,197600.0,692756.0,384852.0,110304.0,856684.0,43568.0,2200372.0,922080.0,743624.0,178456.0,2847000.0,2825528.0,958748.0,768144.0,190604.0,531448.0,56372.0,92180.0,168412.0,260592.0,214484.0,112400.0,13584.0,12940.0,-840.0,13780.0,2780.0,646628.0,1612.0
